race_id,race_date,race_title,venue_name,venue_code,race_distance,bamei,umaban,kinryo,pib3,pic,corner_4,avg_time_diff,target_top3,sanrenpuku_payout
202506050801,2025-12-28,,中山,6,1200,ベアフォースワン,1,56.0,41.1,40.3,6.0,0.0,0,0
202506050807,2025-12-28,,中山,6,1200,アイファーリーベン,1,56.0,39.4,36.9,16.0,0.0,0,0
202506050810,2025-12-28,,中山,6,1200,アイアムユウシュン,2,58.0,38.6,32.7,5.0,0.0,0,0
202506050804,2025-12-28,,中山,6,1200,セイウンアインス,7,55.0,39.8,35.4,5.0,0.0,0,0
202506050805,2025-12-28,,中山,6,1800,サルサブラヴァ,1,56.0,41.2,35.3,6.0,-1.51,0,0
202506050808,2025-12-28,,中山,6,1800,ジューンエオス,1,55.0,43.3,37.2,4.0,2.77,0,0
202506050805,2025-12-28,,中山,6,1800,ジージージェット,2,56.0,41.8,35.3,11.0,-0.91,0,0
202506050808,2025-12-28,,中山,6,1800,アパイシュナール,2,56.0,42.0,37.2,7.0,1.47,0,0
202506050805,2025-12-28,,中山,6,1800,ジオストラテジー,3,56.0,41.1,35.3,3.0,-1.61,0,0
202506050805,2025-12-28,,中山,6,1800,ルアグロール,3,56.0,41.5,35.3,9.0,-1.21,1,0
202506050802,2025-12-28,,中山,6,1800,メイプルインパクト,4,56.0,42.6,38.9,14.0,0.0,0,0
202506050805,2025-12-28,,中山,6,1800,ジェネラスキング,4,56.0,39.4,35.3,3.0,-3.31,0,0
202506050805,2025-12-28,,中山,6,1800,ロードトライデント,4,56.0,39.9,35.3,2.0,-2.81,1,0
202506050808,2025-12-28,,中山,6,1800,ディーズゴールド,4,57.0,39.6,37.2,2.0,-0.93,0,0
202506050805,2025-12-28,,中山,6,1800,モロノラピド,5,56.0,44.5,35.3,6.0,1.79,0,0
202506050808,2025-12-28,,中山,6,1800,アートレスマインド,5,57.0,39.5,37.2,4.0,-1.03,1,0
202506050805,2025-12-28,,中山,6,1800,グラスフェザー,6,56.0,47.3,35.3,9.0,4.59,0,0
202506050808,2025-12-28,,中山,6,1800,オーケーマヒナ,6,55.0,41.4,37.2,7.0,0.87,1,0
202506050805,2025-12-28,,中山,6,1800,ジュンサク,7,55.0,47.7,35.3,14.0,4.99,0,0
202506050808,2025-12-28,,中山,6,1800,プルナチャンドラ,7,58.0,38.1,37.2,2.0,-2.43,1,0
202506050808,2025-12-28,,中山,6,1800,コスモマルーン,7,56.0,39.8,37.2,13.0,-0.73,1,0
202509050812,2025-12-28,,阪神,9,1200,ブリックワーク,5,56.0,33.1,34.9,10.0,0.0,1,0
202509050804,2025-12-28,,阪神,9,1400,シュクルリー,1,55.0,39.6,34.9,8.0,-0.53,1,0
202509050811,2025-12-28,,阪神,9,1400,コンティノアール,1,58.0,38.2,33.4,12.0,0.9,1,0
202509050804,2025-12-28,,阪神,9,1400,サンライズハンター,2,56.0,40.9,34.9,15.0,0.77,0,0
202509050804,2025-12-28,,阪神,9,1400,テリオスリコ,3,55.0,38.2,34.9,11.0,-1.93,1,0
202509050804,2025-12-28,,阪神,9,1400,ドリームゴーズオン,3,53.0,39.0,34.9,16.0,-1.13,1,0
202509050807,2025-12-28,,阪神,9,1400,シャドフ,3,56.0,39.5,36.1,9.0,0.0,0,0
202509050804,2025-12-28,,阪神,9,1400,モズノシアワセ,4,55.0,40.2,34.9,8.0,0.07,1,0
202509050804,2025-12-28,,阪神,9,1400,マリリンバローズ,5,55.0,40.1,34.9,1.0,-0.03,1,0
202509050804,2025-12-28,,阪神,9,1400,シビルガード,6,56.0,41.5,34.9,3.0,1.37,1,0
202509050804,2025-12-28,,阪神,9,1400,ロマンズロック,6,56.0,42.0,34.9,12.0,1.87,1,0
202509050804,2025-12-28,,阪神,9,1400,マルシュボヌール,7,55.0,39.7,34.9,6.0,-0.43,1,0
202509050811,2025-12-28,,阪神,9,1400,ケイアイシェルビー,8,57.0,36.4,33.4,15.0,-0.9,1,0
202509050808,2025-12-28,,阪神,9,1800,ワンダースティング,2,58.0,39.0,36.7,1.0,0.77,1,0
202509050801,2025-12-28,,阪神,9,1800,イチザペガサス,4,56.0,42.3,37.6,5.0,0.15,0,0
202509050808,2025-12-28,,阪神,9,1800,メイショウジェンマ,5,56.0,38.1,36.7,13.0,-0.13,1,0
202509050801,2025-12-28,,阪神,9,1800,ヒロノフウジン,8,53.0,42.0,37.6,12.0,-0.15,1,0
202509050808,2025-12-28,,阪神,9,1800,アラナコア,8,58.0,37.6,36.7,7.0,-0.63,1,0
202509050805,2025-12-28,,阪神,9,2970,キュピドン,3,60.0,14.1,41.6,11.0,0.1,0,0
202509050805,2025-12-28,,阪神,9,2970,シルヴァーデューク,4,60.0,13.9,41.6,4.0,-0.1,0,0
202509050805,2025-12-28,,阪神,9,2970,アルカンサス,7,57.0,13.9,41.6,6.0,-0.1,1,0
202509050805,2025-12-28,,阪神,9,2970,オリンポスカズマ,7,60.0,14.0,41.6,4.0,0.0,0,0
202509050805,2025-12-28,,阪神,9,2970,ヒロノビックバン,8,58.0,14.1,41.6,12.0,0.1,0,0
202506050703,2025-12-27,,中山,6,1200,チュラヴェール,1,55.0,40.7,36.0,2.0,2.04,1,0
202506050701,2025-12-27,,中山,6,1200,ドレドレ,2,55.0,36.9,38.0,15.0,-2.03,1,0
202506050703,2025-12-27,,中山,6,1200,マーガレットクレア,2,55.0,37.8,36.0,9.0,-0.86,1,0
202506050701,2025-12-27,,中山,6,1200,トントンビョウシ,3,55.0,40.7,38.0,4.0,1.77,0,0
202506050706,2025-12-27,,中山,6,1200,グランマズドリーム,3,55.0,38.4,37.0,3.0,0.2,0,0
202506050706,2025-12-27,,中山,6,1200,キーチデッドミラー,3,56.0,38.0,37.0,14.0,-0.2,1,0
202506050701,2025-12-27,,中山,6,1200,カーマインジュエル,4,55.0,39.2,38.0,10.0,0.27,1,0
202506050703,2025-12-27,,中山,6,1200,ビックリパラダイス,5,53.0,38.7,36.0,15.0,0.04,1,0
202506050703,2025-12-27,,中山,6,1200,サントマーレ,6,56.0,38.0,36.0,4.0,-0.66,0,0
202506050703,2025-12-27,,中山,6,1200,ライヴレッドアイ,8,55.0,38.1,36.0,1.0,-0.56,1,0
202506050702,2025-12-27,,中山,6,1800,グスタフ,2,56.0,40.6,35.3,11.0,-0.84,1,0
202506050702,2025-12-27,,中山,6,1800,カフェオリーブ,2,52.0,44.5,35.3,14.0,3.06,0,0
202506050708,2025-12-27,,中山,6,1800,フォートポータル,2,58.0,42.9,36.9,13.0,2.5,1,0
202506050702,2025-12-27,,中山,6,1800,ネイティヴプライド,3,56.0,39.0,35.3,13.0,-2.44,0,0
202506050708,2025-12-27,,中山,6,1800,リラゲイル,3,57.0,37.9,36.9,8.0,-2.5,1,0
202506050702,2025-12-27,,中山,6,1800,ハングローズ,5,55.0,39.1,35.3,6.0,-2.34,1,0
202506050702,2025-12-27,,中山,6,1800,サイオウガウマ,5,55.0,44.0,35.3,10.0,2.56,0,0
202509050701,2025-12-27,,阪神,9,1200,ザキノフレンズ,1,56.0,39.5,39.0,13.0,1.45,0,0
202509050701,2025-12-27,,阪神,9,1200,クロウサギ,4,56.0,37.6,39.0,4.0,-0.45,1,0
202509050701,2025-12-27,,阪神,9,1200,メイショウイブキ,7,55.0,37.4,39.0,2.0,-0.65,1,0
202509050701,2025-12-27,,阪神,9,1200,サウンドラッシュ,7,56.0,37.7,39.0,7.0,-0.35,1,0
202509050703,2025-12-27,,阪神,9,1400,カフジクロミエ,1,53.0,38.2,39.6,7.0,0.08,1,0
202509050703,2025-12-27,,阪神,9,1400,クレバーキュート,2,56.0,37.4,39.6,15.0,-0.73,1,0
202509050703,2025-12-27,,阪神,9,1400,ナルキッソス,4,56.0,37.5,39.6,7.0,-0.62,1,0
202509050708,2025-12-27,,阪神,9,1400,エリカドリーム,4,56.0,43.0,38.5,9.0,2.45,0,0
202509050703,2025-12-27,,阪神,9,1400,オアシスアラン,8,55.0,39.4,39.6,2.0,1.27,1,0
202509050708,2025-12-27,,阪神,9,1400,アスクアイルビゼア,8,55.0,38.1,38.5,2.0,-2.45,1,0
202509050710,2025-12-27,,阪神,9,1800,メイショウソウタ,1,58.0,40.1,40.2,1.0,0.23,1,0
202509050702,2025-12-27,,阪神,9,1800,サンライズアーサー,2,56.0,38.0,38.6,9.0,-2.97,0,0
202509050706,2025-12-27,,阪神,9,1800,オーキーベルセルク,2,56.0,39.6,38.9,6.0,0.77,1,0
202509050710,2025-12-27,,阪神,9,1800,ダブルジョーク,2,58.0,39.5,40.2,5.0,-0.38,0,0
202509050702,2025-12-27,,阪神,9,1800,ユーキャンフライ,4,55.0,44.7,38.6,3.0,3.73,0,0
202509050706,2025-12-27,,阪神,9,1800,クラテロス,4,55.0,38.2,38.9,4.0,-0.63,0,0
202509050702,2025-12-27,,阪神,9,1800,サイモンエクセラー,5,56.0,41.1,38.6,7.0,0.13,1,0
202509050710,2025-12-27,,阪神,9,1800,ポルポラジール,5,58.0,39.1,40.2,16.0,-0.77,0,0
202509050702,2025-12-27,,阪神,9,1800,リケアフェデリーニ,6,55.0,42.5,38.6,7.0,1.53,0,0
202509050710,2025-12-27,,阪神,9,1800,カネトシブルーム,6,58.0,40.8,40.2,12.0,0.92,1,0
202509050702,2025-12-27,,阪神,9,1800,アビラーシャ,7,56.0,39.6,38.6,3.0,-1.37,0,0
202509050702,2025-12-27,,阪神,9,1800,コンテナヒーロー,7,56.0,39.9,38.6,9.0,-1.07,0,0
202509050706,2025-12-27,,阪神,9,1800,ブラストビート,7,56.0,38.7,38.9,10.0,-0.13,1,0
202506050606,2025-12-21,,中山,6,1200,アヴァンフライト,1,55.0,40.5,37.5,2.0,2.02,1,0
202506050601,2025-12-21,,中山,6,1200,フュルスティン,2,55.0,36.6,35.2,5.0,-1.48,1,0
202506050601,2025-12-21,,中山,6,1200,スラッシュコード,4,56.0,38.2,35.2,5.0,0.12,1,0
202506050601,2025-12-21,,中山,6,1200,ダイユウサルターレ,5,56.0,37.8,35.2,2.0,-0.28,0,0
202506050606,2025-12-21,,中山,6,1200,ロザヴィータ,5,55.0,37.5,37.5,9.0,-0.98,0,0
202506050601,2025-12-21,,中山,6,1200,マイチバイ,6,55.0,37.9,35.2,12.0,-0.18,1,0
202506050601,2025-12-21,,中山,6,1200,トモエナゲ,6,56.0,38.2,35.2,12.0,0.12,1,0
202506050606,2025-12-21,,中山,6,1200,ウシャス,6,55.0,37.8,37.5,11.0,-0.68,1,0
202506050606,2025-12-21,,中山,6,1200,ソルテソーロ,6,56.0,38.1,37.5,14.0,-0.38,0,0
202506050601,2025-12-21,,中山,6,1200,ライトブルースカイ,7,53.0,39.8,35.2,7.0,1.72,1,0
202506050608,2025-12-21,,中山,6,1800,オブシディアン,1,58.0,39.6,35.6,13.0,0.3,0,0
202506050602,2025-12-21,,中山,6,1800,クールチェンジ,2,56.0,38.7,36.2,12.0,-1.4,0,0
202506050608,2025-12-21,,中山,6,1800,カフェノーチェ,3,57.0,40.4,35.6,15.0,1.1,0,0
202506050610,2025-12-21,,中山,6,1800,グランジョルノ,3,57.0,38.9,36.4,11.0,0.03,0,0
202506050610,2025-12-21,,中山,6,1800,メイショウフジ,4,58.0,38.8,36.4,13.0,-0.07,1,0
202506050602,2025-12-21,,中山,6,1800,ドナソラーレ,5,55.0,39.1,36.2,12.0,-1.0,1,0
202506050602,2025-12-21,,中山,6,1800,ニシノカルラ,6,56.0,43.1,36.2,10.0,3.0,0,0
202506050602,2025-12-21,,中山,6,1800,ハンドフル,7,56.0,40.6,36.2,16.0,0.5,0,0
202506050610,2025-12-21,,中山,6,1800,ベルギューン,7,55.0,38.9,36.4,1.0,0.03,1,0
202506050602,2025-12-21,,中山,6,1800,ホシヅキヨ,8,56.0,39.0,36.2,14.0,-1.1,1,0
202506050608,2025-12-21,,中山,6,1800,ミラクルキャッツ,8,56.0,37.9,35.6,6.0,-1.4,1,0
202506050604,2025-12-21,,中山,6,2880,ハワイアンタイム,3,60.0,14.3,41.2,13.0,0.15,0,0
202506050604,2025-12-21,,中山,6,2880,テーオーサンドニ,5,60.0,14.4,41.2,12.0,0.25,0,0
202506050604,2025-12-21,,中山,6,2880,ヒットアンドロール,6,60.0,13.9,41.2,7.0,-0.25,0,0
202506050604,2025-12-21,,中山,6,2880,スティルシャイニン,7,56.0,14.0,41.2,5.0,-0.15,0,0
202507050602,2025-12-21,,中京,7,1200,ビアフォーナウ,4,56.0,36.6,38.2,12.0,-0.1,1,0
202507050602,2025-12-21,,中京,7,1200,アフトクラーティラ,6,56.0,36.8,38.2,3.0,0.1,1,0
202507050607,2025-12-21,,中京,7,1200,リアルカラー,6,55.0,37.5,35.4,13.0,0.75,1,0
202507050607,2025-12-21,,中京,7,1200,ペレグリン,7,56.0,36.0,35.4,11.0,-0.75,1,0
202507050609,2025-12-21,,中京,7,1400,ゲームカレンダー,2,56.0,36.6,35.7,16.0,-2.43,1,0
202507050611,2025-12-21,,中京,7,1400,プロトポロス,3,58.0,38.8,33.8,5.0,0.75,0,0
202507050609,2025-12-21,,中京,7,1400,ジャンシ,4,56.0,40.6,35.7,5.0,1.57,1,0
202507050611,2025-12-21,,中京,7,1400,エコロガイア,5,57.0,37.3,33.8,1.0,-0.75,1,0
202507050605,2025-12-21,,中京,7,1400,ゼンノトヨタマヒメ,6,55.0,38.5,35.3,10.0,-0.13,1,0
202507050609,2025-12-21,,中京,7,1400,ジャレッド,6,56.0,40.2,35.7,5.0,1.17,0,0
202507050605,2025-12-21,,中京,7,1400,タマモビスケット,7,52.0,39.3,35.3,7.0,0.67,1,0
202507050605,2025-12-21,,中京,7,1400,ソニックブーム,8,55.0,38.1,35.3,5.0,-0.53,1,0
202507050609,2025-12-21,,中京,7,1400,キーンセンス,8,56.0,38.7,35.7,9.0,-0.33,0,0
202507050601,2025-12-21,,中京,7,1800,ウェルム,2,55.0,44.5,38.2,2.0,2.35,0,0
202507050603,2025-12-21,,中京,7,1800,メイショウコウベ,2,56.0,40.9,35.0,8.0,1.32,1,0
202507050603,2025-12-21,,中京,7,1800,ローズマイスター,3,54.0,38.3,35.0,3.0,-1.28,1,0
202507050601,2025-12-21,,中京,7,1800,メイショウケンゴウ,4,53.0,40.2,38.2,10.0,-1.95,1,0
202507050601,2025-12-21,,中京,7,1800,ロックバンド,7,56.0,39.0,38.2,14.0,-3.15,0,0
202507050603,2025-12-21,,中京,7,1800,ゴットランド,7,57.0,39.2,35.0,10.0,-0.38,1,0
202507050601,2025-12-21,,中京,7,1800,ホウショウリュウ,8,55.0,44.9,38.2,12.0,2.75,0,0
202507050603,2025-12-21,,中京,7,1800,ノクターナル,8,53.0,39.9,35.0,15.0,0.32,0,0
202509050602,2025-12-21,,阪神,9,1200,ゴーゴーシャチョウ,3,55.0,41.1,39.1,8.0,1.27,0,0
202509050602,2025-12-21,,阪神,9,1200,ヴィゴラスガイア,5,55.0,39.8,39.1,14.0,-0.03,1,0
202509050602,2025-12-21,,阪神,9,1200,テリオスヒナ,7,52.0,39.7,39.1,8.0,-0.12,0,0
202509050602,2025-12-21,,阪神,9,1200,フォールティア,8,56.0,38.7,39.1,11.0,-1.12,0,0
202509050609,2025-12-21,,阪神,9,1400,コト,5,56.0,37.8,38.7,4.0,0.23,1,0
202509050609,2025-12-21,,阪神,9,1400,シークレットキー,6,58.0,36.9,38.7,16.0,-0.67,1,0
202509050609,2025-12-21,,阪神,9,1400,ラップスター,6,58.0,38.0,38.7,15.0,0.43,0,0
202509050601,2025-12-21,,阪神,9,1800,セイントホース,1,56.0,38.2,37.9,5.0,-1.5,0,0
202509050604,2025-12-21,,阪神,9,1800,ワンワールド,1,55.0,41.3,37.5,1.0,1.43,0,0
202509050610,2025-12-21,,阪神,9,1800,タイトニット,1,58.0,35.5,35.6,13.0,-2.1,1,0
202509050601,2025-12-21,,阪神,9,1800,コスモタキシード,2,56.0,42.1,37.9,5.0,2.4,1,0
202509050610,2025-12-21,,阪神,9,1800,マーブルロック,2,58.0,38.7,35.6,2.0,1.1,1,0
202509050601,2025-12-21,,阪神,9,1800,ブラックコーラル,4,56.0,38.4,37.9,1.0,-1.3,0,0
202509050604,2025-12-21,,阪神,9,1800,ハクアイタワー,5,56.0,38.9,37.5,8.0,-0.97,0,0
202509050604,2025-12-21,,阪神,9,1800,シャローファースト,6,56.0,39.4,37.5,9.0,-0.47,1,0
202509050608,2025-12-21,,阪神,9,1800,エーデル,6,56.0,37.7,36.2,11.0,-0.93,1,0
202509050608,2025-12-21,,阪神,9,1800,メイショウタイピン,6,57.0,40.3,36.2,4.0,1.67,0,0
202509050601,2025-12-21,,阪神,9,1800,ブラッドムーン,7,52.0,40.8,37.9,10.0,1.1,0,0
202509050608,2025-12-21,,阪神,9,1800,ロンパイア,7,57.0,37.9,36.2,15.0,-0.73,0,0
202509050610,2025-12-21,,阪神,9,1800,テーオードレフォン,7,59.0,38.9,35.6,7.0,1.3,1,0
202509050601,2025-12-21,,阪神,9,1800,タニセンローマ,8,56.0,39.0,37.9,7.0,-0.7,0,0
202509050610,2025-12-21,,阪神,9,1800,マリオロード,8,58.0,37.3,35.6,5.0,-0.3,0,0
202506050508,2025-12-20,,中山,6,1200,レーヴレジェンド,1,57.0,40.7,33.3,2.0,2.47,0,0
202506050508,2025-12-20,,中山,6,1200,ピコテンダー,2,54.0,36.8,33.3,5.0,-1.43,0,0
202506050501,2025-12-20,,中山,6,1200,エルドラド,3,56.0,40.3,38.1,1.0,0.13,1,0
202506050501,2025-12-20,,中山,6,1200,ジョリュウジャンシ,5,55.0,41.5,38.1,6.0,1.33,0,0
202506050508,2025-12-20,,中山,6,1200,ルクスマーベリック,7,58.0,37.2,33.3,10.0,-1.03,1,0
202506050512,2025-12-20,,中山,6,1200,ヘルメース,7,58.0,36.6,33.3,7.0,0.0,1,0
202506050501,2025-12-20,,中山,6,1200,メインテーマ,8,55.0,38.7,38.1,6.0,-1.47,1,0
202506050502,2025-12-20,,中山,6,1800,ブルーサーマル,1,55.0,39.5,34.2,6.0,-1.83,0,0
202506050504,2025-12-20,,中山,6,1800,パカラパカラ,1,56.0,42.5,37.4,2.0,1.17,1,0
202506050507,2025-12-20,,中山,6,1800,アルファシーナ,1,56.0,39.7,39.9,15.0,0.02,1,0
202506050507,2025-12-20,,中山,6,1800,アメリカンロマン,1,56.0,40.4,39.9,14.0,0.72,1,0
202506050507,2025-12-20,,中山,6,1800,ファイタージェット,2,56.0,38.7,39.9,3.0,-0.98,1,0
202506050502,2025-12-20,,中山,6,1800,ティルベリー,3,55.0,39.9,34.2,10.0,-1.43,1,0
202506050504,2025-12-20,,中山,6,1800,エリザベスタウン,4,52.0,40.5,37.4,12.0,-0.83,1,0
202506050507,2025-12-20,,中山,6,1800,シュガーシャック,4,56.0,40.2,39.9,10.0,0.52,0,0
202506050502,2025-12-20,,中山,6,1800,マリノリュミエール,5,52.0,41.4,34.2,11.0,0.07,1,0
202506050504,2025-12-20,,中山,6,1800,ジーティームーチョ,5,56.0,41.0,37.4,13.0,-0.33,0,0
202506050502,2025-12-20,,中山,6,1800,アスコットヴェール,6,55.0,41.7,34.2,1.0,0.37,1,0
202506050502,2025-12-20,,中山,6,1800,ヤマヤロード,6,55.0,43.2,34.2,16.0,1.87,0,0
202506050507,2025-12-20,,中山,6,1800,ロケットパンチ,6,56.0,39.4,39.9,2.0,-0.28,0,0
202506050502,2025-12-20,,中山,6,1800,クインズツバキ,8,53.0,42.3,34.2,15.0,0.97,0,0
202506050510,2025-12-20,,中山,6,2400,フジレイメイ,1,56.0,38.2,41.5,11.0,-1.58,1,0
202506050510,2025-12-20,,中山,6,2400,ムジェロ,3,58.0,39.0,41.5,2.0,-0.78,1,0
202506050510,2025-12-20,,中山,6,2400,シャンバラ,4,58.0,39.4,41.5,14.0,-0.38,1,0
202506050510,2025-12-20,,中山,6,2400,ヤウガウ,5,58.0,40.9,41.5,14.0,1.12,1,0
202506050510,2025-12-20,,中山,6,2400,インジケーター,6,58.0,39.5,41.5,1.0,-0.28,1,0
202506050510,2025-12-20,,中山,6,2400,セイウンガレオン,7,58.0,41.7,41.5,16.0,1.92,0,0
202507050510,2025-12-20,,中京,7,1400,マーシヴィガラス,1,58.0,39.2,35.6,10.0,0.5,0,0
202507050510,2025-12-20,,中京,7,1400,カンザシ,3,56.0,38.2,35.6,10.0,-0.5,1,0
202507050507,2025-12-20,,中京,7,1400,ライングッドマン,4,58.0,37.6,39.1,12.0,0.0,1,0
202507050502,2025-12-20,,中京,7,1400,イーブンベター,8,55.0,37.2,35.6,6.0,0.0,1,0
202507050506,2025-12-20,,中京,7,1800,ベリーベリーベリー,1,53.0,39.8,35.0,3.0,0.27,1,0
202507050511,2025-12-20,,中京,7,1800,グラヴィス,4,58.0,37.7,36.8,9.0,0.07,1,0
202507050506,2025-12-20,,中京,7,1800,カスバートテソーロ,6,55.0,38.1,35.0,7.0,-1.43,0,0
202507050506,2025-12-20,,中京,7,1800,ウヌボレヤサン,7,56.0,40.7,35.0,2.0,1.17,1,0
202507050511,2025-12-20,,中京,7,1800,フルオール,7,58.0,37.0,36.8,7.0,-0.63,1,0
202507050511,2025-12-20,,中京,7,1800,タイセイレスポンス,8,58.0,38.2,36.8,2.0,0.57,1,0
202507050503,2025-12-20,,中京,7,1900,リボルトバレット,4,58.0,39.6,35.7,3.0,0.77,1,0
202507050503,2025-12-20,,中京,7,1900,ディニテ,5,57.0,37.4,35.7,8.0,-1.43,1,0
202507050503,2025-12-20,,中京,7,1900,メリトーリアス,5,57.0,38.9,35.7,15.0,0.07,1,0
202507050503,2025-12-20,,中京,7,1900,キュードス,7,57.0,39.4,35.7,3.0,0.57,1,0
202509050508,2025-12-20,,阪神,9,1200,マーブルヘイロー,7,57.0,38.8,35.6,3.0,0.0,0,0
202509050501,2025-12-20,,阪神,9,1400,アストラリオン,1,56.0,41.4,36.7,4.0,0.7,1,0
202509050501,2025-12-20,,阪神,9,1400,ジュディーイメル,3,55.0,38.7,36.7,7.0,-2.0,0,0
202509050501,2025-12-20,,阪神,9,1400,ピーチアバランチェ,4,53.0,40.6,36.7,10.0,-0.1,1,0
202509050501,2025-12-20,,阪神,9,1400,タイガーロード,6,56.0,42.5,36.7,2.0,1.8,0,0
202509050501,2025-12-20,,阪神,9,1400,ブリオーニ,7,53.0,40.3,36.7,8.0,-0.4,1,0
202509050509,2025-12-20,,阪神,9,1800,ソラーロ,1,56.0,38.6,42.1,5.0,1.27,1,0
202509050507,2025-12-20,,阪神,9,1800,リアルフォルゴーレ,2,57.0,37.7,37.7,5.0,-1.0,1,0
202509050506,2025-12-20,,阪神,9,1800,グレイトソン,3,56.0,39.9,38.4,1.0,1.12,1,0
202509050509,2025-12-20,,阪神,9,1800,シーズザスローン,3,56.0,36.4,42.1,3.0,-0.93,1,0
202509050507,2025-12-20,,阪神,9,1800,キングピン,4,58.0,38.7,37.7,9.0,0.0,0,0
202509050509,2025-12-20,,阪神,9,1800,ケンタッキーホーム,4,56.0,36.7,42.1,8.0,-0.63,1,0
202509050506,2025-12-20,,阪神,9,1800,アビル,5,56.0,37.4,38.4,2.0,-1.38,1,0
202509050506,2025-12-20,,阪神,9,1800,アライブテーラー,5,55.0,40.4,38.4,14.0,1.62,0,0
202509050507,2025-12-20,,阪神,9,1800,シュネーグロッケン,5,57.0,38.3,37.7,9.0,-0.4,1,0
202509050509,2025-12-20,,阪神,9,1800,ウェイニースー,6,56.0,38.2,42.1,5.0,0.87,1,0
202509050506,2025-12-20,,阪神,9,1800,ミスターエメラルド,7,56.0,37.4,38.4,3.0,-1.38,1,0
202509050509,2025-12-20,,阪神,9,1800,ジュウリョクピエロ,7,55.0,37.2,42.1,10.0,-0.13,0,0
202509050507,2025-12-20,,阪神,9,1800,オメガドライヴ,8,57.0,40.1,37.7,12.0,1.4,0,0
202509050509,2025-12-20,,阪神,9,1800,ライトオブヌカタ,8,56.0,36.9,42.1,2.0,-0.43,1,0
202509050504,2025-12-20,,阪神,9,3110,ヴラディア,3,60.0,14.0,41.3,12.0,0.06,0,0
202509050504,2025-12-20,,阪神,9,3110,ポリトナリティー,6,58.0,14.1,41.3,13.0,0.16,0,0
202509050504,2025-12-20,,阪神,9,3110,ウィズユアドリーム,7,60.0,13.9,41.3,11.0,-0.04,0,0
202509050504,2025-12-20,,阪神,9,3110,ウイングランブルー,7,60.0,13.9,41.3,1.0,-0.04,1,0
202509050504,2025-12-20,,阪神,9,3110,ルドヴィクス,8,60.0,13.8,41.3,2.0,-0.14,0,0
202506050401,2025-12-14,,中山,6,1200,トウシンライオット,1,53.0,37.8,39.7,14.0,-0.7,0,0
202506050411,2025-12-14,,中山,6,1200,ドンアミティエ,1,57.0,37.8,35.2,4.0,0.73,1,0
202506050406,2025-12-14,,中山,6,1200,バル,3,56.0,38.1,39.8,8.0,-0.9,0,0
202506050411,2025-12-14,,中山,6,1200,サンライズアムール,3,58.0,36.9,35.2,4.0,-0.17,1,0
202506050411,2025-12-14,,中山,6,1200,キャンディドライヴ,4,57.0,36.1,35.2,15.0,-0.97,1,0
202506050401,2025-12-14,,中山,6,1200,ヘイスティハート,5,56.0,39.2,39.7,1.0,0.7,1,0
202506050411,2025-12-14,,中山,6,1200,カルチャーデイ,6,55.0,38.9,35.2,2.0,1.83,0,0
202506050406,2025-12-14,,中山,6,1200,ダズルオーロラ,7,55.0,39.9,39.8,10.0,0.9,0,0
202506050411,2025-12-14,,中山,6,1200,エコロアゼル,7,56.0,36.7,35.2,1.0,-0.37,1,0
202506050411,2025-12-14,,中山,6,1200,ヤマニンチェルキ,8,58.0,36.0,35.2,10.0,-1.07,0,0
202506050407,2025-12-14,,中山,6,1800,ショーリバース,1,53.0,40.1,37.6,16.0,0.65,1,0
202506050410,2025-12-14,,中山,6,1800,ダンテバローズ,1,57.5,39.3,36.1,8.0,-0.48,1,0
202506050407,2025-12-14,,中山,6,1800,マーゴットサンズ,2,55.0,38.8,37.6,4.0,-0.65,1,0
202506050410,2025-12-14,,中山,6,1800,タガノエスコート,2,54.0,40.8,36.1,7.0,1.02,0,0
202506050410,2025-12-14,,中山,6,1800,ゴールデンシロップ,4,54.0,41.6,36.1,14.0,1.83,0,0
202506050410,2025-12-14,,中山,6,1800,ヴァルツァーシャル,8,58.0,37.4,36.1,9.0,-2.38,0,0
202506050408,2025-12-14,,中山,6,2500,タイキインドラ,4,56.0,44.5,33.8,10.0,2.63,0,0
202506050408,2025-12-14,,中山,6,2500,クールシェルタ,5,55.0,43.9,33.8,3.0,2.03,0,0
202506050408,2025-12-14,,中山,6,2500,マウントバーノン,6,56.0,42.4,33.8,8.0,0.53,0,0
202506050408,2025-12-14,,中山,6,2500,キャストロププ,7,56.0,39.5,33.8,3.0,-2.37,1,0
202506050408,2025-12-14,,中山,6,2500,スマートクオーレ,7,56.0,40.1,33.8,6.0,-1.77,0,0
202506050408,2025-12-14,,中山,6,2500,カイトヴィント,8,53.0,40.8,33.8,8.0,-1.07,0,0
202506050404,2025-12-14,,中山,6,2880,マテンロウノカゼ,1,60.0,13.8,41.4,3.0,-0.19,0,0
202506050404,2025-12-14,,中山,6,2880,デザートスター,2,60.0,13.8,41.4,2.0,-0.19,1,0
202506050404,2025-12-14,,中山,6,2880,ピコイチ,3,57.0,14.2,41.4,10.0,0.21,0,0
202506050404,2025-12-14,,中山,6,2880,アバットゥータ,4,56.0,13.9,41.4,7.0,-0.09,0,0
202506050404,2025-12-14,,中山,6,2880,ストラクチャー,4,60.0,14.0,41.4,7.0,0.01,0,0
202506050404,2025-12-14,,中山,6,2880,ゴールデンステップ,6,58.0,13.9,41.4,6.0,-0.09,1,0
202506050404,2025-12-14,,中山,6,2880,クラウングスタフ,6,60.0,14.2,41.4,12.0,0.21,0,0
202506050404,2025-12-14,,中山,6,2880,デスティネ,7,60.0,14.1,41.4,5.0,0.11,0,0
202507050403,2025-12-14,,中京,7,1200,シュードタキライト,2,55.0,38.2,37.0,4.0,0.46,1,0
202507050403,2025-12-14,,中京,7,1200,シルフズミスチーフ,3,53.0,36.6,37.0,2.0,-1.14,1,0
202507050403,2025-12-14,,中京,7,1200,ツーピース,4,55.0,38.5,37.0,8.0,0.76,1,0
202507050403,2025-12-14,,中京,7,1200,インディゴアスール,7,57.0,37.2,37.0,4.0,-0.54,0,0
202507050403,2025-12-14,,中京,7,1200,ウィングコマンダー,7,57.0,38.2,37.0,16.0,0.46,1,0
202507050402,2025-12-14,,中京,7,1400,ユイノカタリベ,1,56.0,39.4,35.1,7.0,-0.14,1,0
202507050408,2025-12-14,,中京,7,1400,ランドブレイブ,1,57.0,38.9,34.2,16.0,0.75,0,0
202507050402,2025-12-14,,中京,7,1400,リフラ,3,56.0,40.4,35.1,13.0,0.86,1,0
202507050402,2025-12-14,,中京,7,1400,セイウンリメンバー,4,54.0,39.1,35.1,6.0,-0.44,1,0
202507050408,2025-12-14,,中京,7,1400,メイショウサトノヒ,4,56.0,37.4,34.2,8.0,-0.75,1,0
202507050402,2025-12-14,,中京,7,1400,シュヴァルツシルト,5,56.0,39.8,35.1,1.0,0.26,1,0
202507050402,2025-12-14,,中京,7,1400,オメガヒストリー,7,56.0,39.0,35.1,9.0,-0.54,1,0
202507050401,2025-12-14,,中京,7,1800,エアトベーレ,1,55.0,38.5,35.7,9.0,-2.12,1,0
202507050405,2025-12-14,,中京,7,1800,オルビスケリー,1,55.0,40.6,38.3,12.0,0.76,0,0
202507050405,2025-12-14,,中京,7,1800,ヒロノフウジン,2,53.0,40.8,38.3,10.0,0.96,0,0
202507050407,2025-12-14,,中京,7,1800,ハギノカノア,2,55.0,39.6,37.2,11.0,-1.2,0,0
202507050409,2025-12-14,,中京,7,1800,レッドシュトラール,2,57.0,43.4,37.3,6.0,1.4,0,0
202507050407,2025-12-14,,中京,7,1800,ルグランシャリオ,3,53.0,41.3,37.2,1.0,0.5,1,0
202507050401,2025-12-14,,中京,7,1800,アクシュラ,4,55.0,41.1,35.7,5.0,0.48,1,0
202507050405,2025-12-14,,中京,7,1800,フィサブロス,4,56.0,39.2,38.3,5.0,-0.64,0,0
202507050407,2025-12-14,,中京,7,1800,ヒサエノオモカゲ,4,53.0,41.5,37.2,2.0,0.7,1,0
202507050401,2025-12-14,,中京,7,1800,マカロンブルー,5,53.0,40.2,35.7,3.0,-0.42,1,0
202507050401,2025-12-14,,中京,7,1800,ホールドミーワンス,6,55.0,41.0,35.7,9.0,0.38,1,0
202507050401,2025-12-14,,中京,7,1800,スマートコーラル,7,55.0,43.1,35.7,3.0,2.48,1,0
202507050405,2025-12-14,,中京,7,1800,ベルソテイラ,7,55.0,38.7,38.3,1.0,-1.14,1,0
202507050405,2025-12-14,,中京,7,1800,トーセンブリラーレ,7,54.0,39.9,38.3,5.0,0.06,1,0
202507050409,2025-12-14,,中京,7,1800,ケイアイアルタイル,7,58.0,40.6,37.3,2.0,-1.4,0,0
202507050401,2025-12-14,,中京,7,1800,クイーンズドリーム,8,55.0,39.8,35.7,7.0,-0.82,1,0
202509050406,2025-12-14,,阪神,9,1200,カネコメブライト,2,55.0,36.4,36.4,3.0,-0.77,1,0
202509050406,2025-12-14,,阪神,9,1200,エイシンディアマン,3,55.0,38.0,36.4,6.0,0.83,0,0
202509050406,2025-12-14,,阪神,9,1200,シラヌイ,5,54.0,37.3,36.4,5.0,0.12,1,0
202509050406,2025-12-14,,阪神,9,1200,キンダープンシュ,6,55.0,37.0,36.4,3.0,-0.17,0,0
202509050408,2025-12-14,,阪神,9,1200,プロテア,6,55.0,38.1,34.3,3.0,0.0,1,0
202509050402,2025-12-14,,阪神,9,1400,フィアレスウィル,3,56.0,40.1,34.7,11.0,0.27,1,0
202509050402,2025-12-14,,阪神,9,1400,キングケープ,4,56.0,42.6,34.7,5.0,2.77,0,0
202509050402,2025-12-14,,阪神,9,1400,バトルアックス,5,56.0,38.4,34.7,4.0,-1.43,0,0
202509050402,2025-12-14,,阪神,9,1400,ブルースプレイヤー,5,53.0,40.5,34.7,14.0,0.67,0,0
202509050402,2025-12-14,,阪神,9,1400,アミラル,7,56.0,38.6,34.7,10.0,-1.23,1,0
202509050402,2025-12-14,,阪神,9,1400,セルシャーム,8,56.0,38.8,34.7,12.0,-1.03,0,0
202509050401,2025-12-14,,阪神,9,1800,タケルフォーカス,4,56.0,38.6,35.9,6.0,-2.72,0,0
202509050407,2025-12-14,,阪神,9,1800,オーケーエンジェル,5,55.0,40.2,34.4,8.0,0.15,0,0
202509050401,2025-12-14,,阪神,9,1800,レッドブライトン,6,56.0,42.1,35.9,2.0,0.78,1,0
202509050401,2025-12-14,,阪神,9,1800,アメジストロード,6,53.0,42.9,35.9,5.0,1.58,0,0
202509050401,2025-12-14,,阪神,9,1800,キボウホー,7,56.0,40.3,35.9,8.0,-1.02,0,0
202509050401,2025-12-14,,阪神,9,1800,サリー,7,52.0,42.7,35.9,11.0,1.38,0,0
202509050407,2025-12-14,,阪神,9,1800,エコロカレン,7,56.0,39.9,34.4,2.0,-0.15,0,0
202509050410,2025-12-14,,阪神,9,2000,リューデスハイム,8,55.0,38.1,38.8,1.0,0.0,1,0
202506050310,2025-12-13,,中山,6,1200,エコロエイト,1,55.0,39.4,33.0,8.0,1.57,0,0
202506050301,2025-12-13,,中山,6,1200,ブルーアンバー,3,55.0,40.2,41.6,5.0,0.0,1,0
202506050310,2025-12-13,,中山,6,1200,ゲキザル,5,55.0,36.1,33.0,8.0,-1.73,1,0
202506050307,2025-12-13,,中山,6,1200,ナムラトロム,7,54.0,39.6,38.6,1.0,0.0,1,0
202506050310,2025-12-13,,中山,6,1200,ランドオブラヴ,8,52.0,38.0,33.0,11.0,0.17,0,0
202506050312,2025-12-13,,中山,6,1200,カイザーブリッツ,8,54.0,37.5,34.9,3.0,0.0,1,0
202506050304,2025-12-13,,中山,6,1800,タイガーゲイト,1,53.0,41.0,35.5,8.0,-0.3,0,0
202506050306,2025-12-13,,中山,6,1800,ポイズンオーク,1,55.0,40.8,35.3,5.0,-0.9,1,0
202506050302,2025-12-13,,中山,6,1800,イチザペガサス,2,56.0,42.5,37.9,7.0,1.33,0,0
202506050304,2025-12-13,,中山,6,1800,ハルシャダ,2,53.0,42.2,35.5,15.0,0.9,0,0
202506050308,2025-12-13,,中山,6,1800,マンノステータス,2,58.0,39.1,37.5,13.0,-0.03,1,0
202506050302,2025-12-13,,中山,6,1800,ゴーフォアブローク,3,54.0,39.2,37.9,3.0,-1.97,0,0
202506050304,2025-12-13,,中山,6,1800,モロノヴィクトリー,3,56.0,39.0,35.5,8.0,-2.3,1,0
202506050306,2025-12-13,,中山,6,1800,ノーブルウェザー,3,53.0,42.8,35.3,13.0,1.1,0,0
202506050302,2025-12-13,,中山,6,1800,ヴレクール,4,56.0,43.3,37.9,11.0,2.13,0,0
202506050306,2025-12-13,,中山,6,1800,スティールヴォーグ,4,56.0,40.9,35.3,1.0,-0.8,0,0
202506050306,2025-12-13,,中山,6,1800,ゴールドソシアル,4,55.0,42.2,35.3,8.0,0.5,0,0
202506050308,2025-12-13,,中山,6,1800,スマートカイロス,4,57.0,39.9,37.5,1.0,0.77,1,0
202506050302,2025-12-13,,中山,6,1800,ガーディアンテイル,6,56.0,39.3,37.9,5.0,-1.87,1,0
202506050302,2025-12-13,,中山,6,1800,カレックス,6,56.0,44.0,37.9,13.0,2.83,0,0
202506050304,2025-12-13,,中山,6,1800,アタックエース,6,53.0,42.0,35.5,16.0,0.7,1,0
202506050308,2025-12-13,,中山,6,1800,コスモオピニオン,6,58.0,38.4,37.5,6.0,-0.73,1,0
202506050302,2025-12-13,,中山,6,1800,セイウォリアー,7,53.0,40.8,37.9,11.0,-0.37,0,0
202506050306,2025-12-13,,中山,6,1800,アラビアンドリーム,7,56.0,39.0,35.3,4.0,-2.7,1,0
202506050302,2025-12-13,,中山,6,1800,クリュメノス,8,53.0,39.1,37.9,10.0,-2.07,1,0
202506050304,2025-12-13,,中山,6,1800,サンタピア,8,56.0,41.3,35.5,6.0,-0.0,1,0
202506050304,2025-12-13,,中山,6,1800,フォールティア,8,56.0,42.3,35.5,13.0,1.0,0,0
202506050306,2025-12-13,,中山,6,1800,チームユートピア,8,55.0,41.4,35.3,3.0,-0.3,1,0
202506050306,2025-12-13,,中山,6,1800,シルバークラフト,8,55.0,44.8,35.3,10.0,3.1,1,0
202507050302,2025-12-13,,中京,7,1200,スタンピー,1,55.0,38.0,37.6,7.0,0.0,0,0
202507050308,2025-12-13,,中京,7,1400,フォースミラクル,1,57.0,37.0,37.2,4.0,-1.1,1,0
202507050308,2025-12-13,,中京,7,1400,クロユキ,6,53.0,39.3,37.2,10.0,1.2,0,0
202507050308,2025-12-13,,中京,7,1400,ハウリングウィンド,8,56.0,38.0,37.2,4.0,-0.1,1,0
202507050301,2025-12-13,,中京,7,1800,クルスデルスール,1,53.0,38.8,38.4,13.0,0.47,0,0
202507050306,2025-12-13,,中京,7,1800,コンバットペスカ,1,53.0,40.4,40.9,1.0,2.1,1,0
202507050306,2025-12-13,,中京,7,1800,ウエヲムイテゴラン,2,56.0,36.8,40.9,5.0,-1.5,1,0
202507050310,2025-12-13,,中京,7,1800,ユメハハテシナク,2,58.0,38.8,36.2,1.0,1.2,1,0
202507050306,2025-12-13,,中京,7,1800,ミツカネヴィーナス,4,53.0,37.5,40.9,14.0,-0.8,1,0
202507050301,2025-12-13,,中京,7,1800,コスモタキシード,5,56.0,38.6,38.4,8.0,0.27,1,0
202507050310,2025-12-13,,中京,7,1800,エイカイソウル,5,58.0,36.4,36.2,12.0,-1.2,1,0
202507050301,2025-12-13,,中京,7,1800,エクストラプッシュ,6,56.0,37.6,38.4,12.0,-0.73,1,0
202507050306,2025-12-13,,中京,7,1800,ブルージュ,7,55.0,37.8,40.9,10.0,-0.5,1,0
202507050306,2025-12-13,,中京,7,1800,メイショウハマギク,8,55.0,39.0,40.9,8.0,0.7,1,0
202507050303,2025-12-13,,中京,7,1900,ローズゴジャール,4,55.0,39.0,37.6,7.0,-0.37,1,0
202507050303,2025-12-13,,中京,7,1900,クインズエクレア,5,55.0,40.5,37.6,10.0,1.13,0,0
202507050303,2025-12-13,,中京,7,1900,エポカリーナ,6,54.0,38.6,37.6,12.0,-0.77,1,0
202509050306,2025-12-13,,阪神,9,1400,テイエムロングダン,1,56.0,38.6,35.8,9.0,-0.05,1,0
202509050308,2025-12-13,,阪神,9,1400,エルオンセ,1,55.0,37.3,34.5,12.0,-1.42,1,0
202509050308,2025-12-13,,阪神,9,1400,リュキア,3,57.0,41.2,34.5,6.0,2.48,0,0
202509050301,2025-12-13,,阪神,9,1400,リーガルスプレンダ,4,55.0,39.9,34.5,3.0,0.23,0,0
202509050301,2025-12-13,,阪神,9,1400,リアルナイスガール,4,55.0,38.4,34.5,15.0,-1.27,1,0
202509050308,2025-12-13,,阪神,9,1400,バシリス,4,55.0,39.7,34.5,6.0,0.98,0,0
202509050301,2025-12-13,,阪神,9,1400,トーアアグネス,5,55.0,40.5,34.5,13.0,0.83,0,0
202509050306,2025-12-13,,阪神,9,1400,ハイヴァン,5,55.0,38.7,35.8,9.0,0.05,1,0
202509050308,2025-12-13,,阪神,9,1400,イイデカンタロウ,6,58.0,37.6,34.5,10.0,-1.12,1,0
202509050301,2025-12-13,,阪神,9,1400,テンタイムトップ,7,55.0,39.9,34.5,12.0,0.23,1,0
202509050308,2025-12-13,,阪神,9,1400,エコロヴァルム,7,58.0,37.8,34.5,12.0,-0.92,1,0
202509050302,2025-12-13,,阪神,9,1800,パワポケウォーズ,2,56.0,38.9,35.3,6.0,-1.39,0,0
202509050302,2025-12-13,,阪神,9,1800,エコログレン,4,56.0,40.6,35.3,9.0,0.31,0,0
202509050302,2025-12-13,,阪神,9,1800,ニシノトリビュート,5,53.0,41.6,35.3,5.0,1.31,1,0
202509050302,2025-12-13,,阪神,9,1800,ユイノサシガネ,7,56.0,40.4,35.3,6.0,0.11,0,0
202509050302,2025-12-13,,阪神,9,1800,タイセイスプリーム,7,56.0,42.0,35.3,10.0,1.71,0,0
202509050302,2025-12-13,,阪神,9,1800,セルジュバローズ,8,56.0,38.5,35.3,1.0,-1.79,0,0
202509050302,2025-12-13,,阪神,9,1800,ロードファイター,8,56.0,40.0,35.3,3.0,-0.29,0,0
202509050310,2025-12-13,,阪神,9,2000,ジョウショーパワー,3,58.0,39.2,36.7,1.0,0.0,1,0
202509050304,2025-12-13,,阪神,9,2970,イーサンバーニング,2,60.0,14.0,41.5,9.0,0.08,0,0
202509050304,2025-12-13,,阪神,9,2970,ファベル,4,60.0,13.9,41.5,3.0,-0.02,1,0
202509050304,2025-12-13,,阪神,9,2970,コレクテイニア,5,60.0,13.8,41.5,1.0,-0.12,1,0
202509050304,2025-12-13,,阪神,9,2970,ハイウェイスター,7,58.0,13.9,41.5,4.0,-0.02,0,0
202509050304,2025-12-13,,阪神,9,2970,アメリカンエール,7,60.0,14.0,41.5,10.0,0.08,0,0
202506050206,2025-12-07,,中山,6,1200,カリヨンアヴォン,1,55.0,36.7,36.4,4.0,0.0,1,0
202506050208,2025-12-07,,中山,6,1200,ネイリッカ,2,53.0,38.3,33.4,6.0,-0.75,0,0
202506050201,2025-12-07,,中山,6,1200,フクシマグランツ,4,55.0,44.4,37.8,9.0,1.3,0,0
202506050208,2025-12-07,,中山,6,1200,レッドバレンティア,4,55.0,39.4,33.4,8.0,0.35,0,0
202506050208,2025-12-07,,中山,6,1200,ホワイトターフ,5,53.0,38.2,33.4,14.0,-0.85,1,0
202506050208,2025-12-07,,中山,6,1200,ヴェナートル,5,57.0,40.3,33.4,5.0,1.25,1,0
202506050201,2025-12-07,,中山,6,1200,ニシノガランテ,8,52.0,41.8,37.8,3.0,-1.3,0,0
202506050210,2025-12-07,,中山,6,1800,スペイドアン,1,55.0,39.5,40.8,6.0,-1.5,1,0
202506050203,2025-12-07,,中山,6,1800,タニセンローマ,2,56.0,40.3,42.5,7.0,1.0,0,0
202506050203,2025-12-07,,中山,6,1800,サウジバラード,3,56.0,38.7,42.5,10.0,-0.6,0,0
202506050203,2025-12-07,,中山,6,1800,ジュワネング,4,55.0,38.5,42.5,5.0,-0.8,0,0
202506050210,2025-12-07,,中山,6,1800,イージーオンミー,5,53.0,37.7,40.8,8.0,-3.3,1,0
202506050210,2025-12-07,,中山,6,1800,トーアアイギス,6,51.0,45.8,40.8,8.0,4.8,0,0
202506050203,2025-12-07,,中山,6,1800,エラルディーク,8,55.0,39.7,42.5,5.0,0.4,1,0
202506050212,2025-12-07,,中山,6,1800,ニシノブレイゼスト,8,57.0,38.3,39.8,2.0,0.0,0,0
202506050204,2025-12-07,,中山,6,2880,サトノトルネード,6,60.0,14.0,41.9,4.0,-0.07,1,0
202506050204,2025-12-07,,中山,6,2880,ナックエルドラド,6,58.0,14.0,41.9,6.0,-0.07,1,0
202506050204,2025-12-07,,中山,6,2880,ゴールデンルーキー,7,60.0,14.1,41.9,9.0,0.03,0,0
202506050204,2025-12-07,,中山,6,2880,コパノヴィンセント,8,58.0,14.2,41.9,10.0,0.12,0,0
202507050207,2025-12-07,,中京,7,1200,メイショウホウセン,1,57.0,38.4,38.5,8.0,0.8,0,0
202507050207,2025-12-07,,中京,7,1200,トライデント,4,58.0,36.8,38.5,13.0,-0.8,1,0
202507050202,2025-12-07,,中京,7,1400,ワキノノーブル,3,53.0,40.1,38.2,3.0,0.0,0,0
202507050206,2025-12-07,,中京,7,1400,アメリカンビヨンド,3,57.0,38.6,33.6,4.0,0.0,1,0
202507050206,2025-12-07,,中京,7,1400,マリブオレンジ,4,54.0,38.6,33.6,15.0,0.0,1,0
202507050206,2025-12-07,,中京,7,1400,アスタールテニウム,5,56.0,40.1,33.6,2.0,1.5,0,0
202507050206,2025-12-07,,中京,7,1400,パトジュニア,5,58.0,38.1,33.6,16.0,-0.5,0,0
202507050206,2025-12-07,,中京,7,1400,マテンロウミラクル,6,58.0,37.1,33.6,9.0,-1.5,1,0
202507050206,2025-12-07,,中京,7,1400,タイセイブロウ,8,58.0,39.1,33.6,4.0,0.5,1,0
202507050209,2025-12-07,,中京,7,1800,プウスカンドゥール,1,56.0,38.7,38.4,15.0,-0.93,1,0
202507050211,2025-12-07,,中京,7,1800,ウィリアムバローズ,1,58.0,41.8,33.7,1.0,1.67,0,0
202507050209,2025-12-07,,中京,7,1800,プチボヌール,2,56.0,40.5,38.4,13.0,0.87,0,0
202507050209,2025-12-07,,中京,7,1800,アンドリーナ,3,55.0,39.7,38.4,2.0,0.07,1,0
202507050201,2025-12-07,,中京,7,1800,アデルフィー,4,56.0,38.2,37.4,7.0,-2.02,0,0
202507050201,2025-12-07,,中京,7,1800,エクヴァータル,4,56.0,40.7,37.4,9.0,0.48,0,0
202507050203,2025-12-07,,中京,7,1800,リュクスドレフォン,4,55.0,37.5,36.0,13.0,-1.38,0,0
202507050201,2025-12-07,,中京,7,1800,クリコバロー,5,52.0,39.7,37.4,9.0,-0.52,0,0
202507050203,2025-12-07,,中京,7,1800,グランエシェゾー,5,56.0,40.1,36.0,5.0,1.22,0,0
202507050201,2025-12-07,,中京,7,1800,テイクザスローン,6,56.0,41.7,37.4,3.0,1.48,1,0
202507050201,2025-12-07,,中京,7,1800,ストラドーネ,7,56.0,40.8,37.4,13.0,0.58,0,0
202507050203,2025-12-07,,中京,7,1800,リドルトリガー,7,55.0,39.1,36.0,14.0,0.22,1,0
202507050211,2025-12-07,,中京,7,1800,ペプチドナイル,7,58.0,38.5,33.7,11.0,-1.63,0,0
202507050203,2025-12-07,,中京,7,1800,アークドール,8,58.0,37.4,36.0,8.0,-1.48,1,0
202507050203,2025-12-07,,中京,7,1800,サイコウダネ,8,58.0,40.3,36.0,11.0,1.42,0,0
202507050211,2025-12-07,,中京,7,1800,ルクソールカフェ,8,57.0,40.1,33.7,9.0,-0.03,0,0
202509050211,2025-12-07,,阪神,9,1200,ペプチドヤマト,4,57.5,35.6,31.9,7.0,-0.1,1,0
202509050207,2025-12-07,,阪神,9,1200,レストプレドゥモア,5,55.0,40.8,38.0,3.0,1.03,0,0
202509050211,2025-12-07,,阪神,9,1200,レッドアヴァンティ,6,54.0,35.8,31.9,12.0,0.1,1,0
202509050207,2025-12-07,,阪神,9,1200,イチトゼロノアイダ,8,52.0,39.4,38.0,2.0,-0.37,0,0
202509050207,2025-12-07,,阪神,9,1200,ラブアイミー,8,55.0,39.1,38.0,7.0,-0.67,1,0
202509050202,2025-12-07,,阪神,9,1400,ディープスリー,1,56.0,39.0,33.1,1.0,-0.7,1,0
202509050202,2025-12-07,,阪神,9,1400,フトゥーロスフィダ,4,56.0,40.3,33.1,12.0,0.6,0,0
202509050202,2025-12-07,,阪神,9,1400,メイショウテンジン,6,55.0,39.8,33.1,6.0,0.1,1,0
202509050201,2025-12-07,,阪神,9,1800,アルムアポジェ,1,55.0,39.0,37.1,1.0,0.3,1,0
202509050206,2025-12-07,,阪神,9,1800,ラカーリア,1,55.0,43.6,36.5,8.0,3.18,0,0
202509050206,2025-12-07,,阪神,9,1800,ドメイン,3,56.0,41.6,36.5,6.0,1.18,0,0
202509050209,2025-12-07,,阪神,9,1800,ヴォルスター,3,58.0,39.9,35.8,1.0,0.42,1,0
202509050201,2025-12-07,,阪神,9,1800,スターチューン,4,55.0,38.4,37.1,2.0,-0.3,0,0
202509050206,2025-12-07,,阪神,9,1800,ジャスティンゴッホ,4,55.0,37.6,36.5,4.0,-2.82,1,0
202509050209,2025-12-07,,阪神,9,1800,ジューンエオス,5,55.0,40.3,35.8,5.0,0.82,0,0
202509050206,2025-12-07,,阪神,9,1800,マルベック,6,55.0,38.9,36.5,2.0,-1.52,0,0
202509050209,2025-12-07,,阪神,9,1800,メイショウヘール,6,58.0,38.3,35.8,11.0,-1.18,1,0
202509050209,2025-12-07,,阪神,9,1800,バトンインディ,7,58.0,40.8,35.8,13.0,1.32,0,0
202509050209,2025-12-07,,阪神,9,1800,ギマール,8,58.0,38.1,35.8,6.0,-1.38,1,0
202506050106,2025-12-06,,中山,6,1200,ゴーゴーマンゴー,1,52.0,40.1,40.3,15.0,1.7,0,0
202506050101,2025-12-06,,中山,6,1200,ミラクルスパート,2,51.0,39.6,37.9,7.0,0.45,1,0
202506050106,2025-12-06,,中山,6,1200,スケダチムヨウ,3,56.0,37.5,40.3,12.0,-0.9,0,0
202506050107,2025-12-06,,中山,6,1200,ラヴァグロウ,3,56.0,36.5,34.3,8.0,0.0,0,0
202506050101,2025-12-06,,中山,6,1200,リオンアンサー,4,55.0,38.9,37.9,5.0,-0.25,1,0
202506050106,2025-12-06,,中山,6,1200,メイショウオタモイ,4,52.0,38.8,40.3,3.0,0.4,1,0
202506050106,2025-12-06,,中山,6,1200,グレイトエイト,5,53.0,39.0,40.3,13.0,0.6,0,0
202506050101,2025-12-06,,中山,6,1200,ルルマーレ,6,55.0,40.3,37.9,2.0,1.15,1,0
202506050101,2025-12-06,,中山,6,1200,コウユーニポポニコ,7,55.0,37.8,37.9,7.0,-1.35,0,0
202506050106,2025-12-06,,中山,6,1200,ナックスプレンダー,7,56.0,36.6,40.3,8.0,-1.8,1,0
202506050102,2025-12-06,,中山,6,1800,リケアフェデリーニ,1,55.0,41.3,37.0,10.0,-0.25,0,0
202506050104,2025-12-06,,中山,6,1800,ホウショウリュウ,1,56.0,39.2,39.1,10.0,-0.4,0,0
202506050104,2025-12-06,,中山,6,1800,イントゥゴールデン,1,53.0,39.4,39.1,13.0,-0.2,1,0
202506050104,2025-12-06,,中山,6,1800,キセログラフィカ,3,56.0,39.5,39.1,4.0,-0.1,0,0
202506050104,2025-12-06,,中山,6,1800,ミラクルカイザー,4,56.0,39.2,39.1,13.0,-0.4,0,0
202506050102,2025-12-06,,中山,6,1800,イサチルクイーン,5,55.0,39.9,37.0,8.0,-1.65,1,0
202506050110,2025-12-06,,中山,6,1800,マンダリンボレロ,6,58.0,39.9,38.1,3.0,-0.5,1,0
202506050102,2025-12-06,,中山,6,1800,ハウスオンファイア,7,55.0,43.7,37.0,8.0,2.15,0,0
202506050104,2025-12-06,,中山,6,1800,ビップルーク,7,53.0,38.3,39.1,15.0,-1.3,1,0
202506050104,2025-12-06,,中山,6,1800,メイクイット,7,55.0,42.0,39.1,12.0,2.4,0,0
202506050110,2025-12-06,,中山,6,1800,サイモンソーラン,7,58.0,41.3,38.1,7.0,0.9,0,0
202506050102,2025-12-06,,中山,6,1800,リケアマカロニ,8,55.0,41.3,37.0,4.0,-0.25,0,0
202506050110,2025-12-06,,中山,6,1800,アイファーグローブ,8,58.0,40.0,38.1,2.0,-0.4,0,0
202507050102,2025-12-06,,中京,7,1200,ブリングライト,4,58.0,35.3,36.7,11.0,-2.52,1,0
202507050102,2025-12-06,,中京,7,1200,タイセイルヴァン,4,57.0,37.1,36.7,6.0,-0.72,1,0
202507050110,2025-12-06,,中京,7,1200,サウンドサンビーム,5,58.0,35.3,35.9,13.0,-1.05,1,0
202507050102,2025-12-06,,中京,7,1200,レゼールドラペ,6,57.0,39.3,36.7,9.0,1.48,1,0
202507050102,2025-12-06,,中京,7,1200,エーティータキオン,6,58.0,37.8,36.7,12.0,-0.02,1,0
202507050110,2025-12-06,,中京,7,1200,バンブトンプロ,6,58.0,37.4,35.9,11.0,1.05,0,0
202507050102,2025-12-06,,中京,7,1200,アイアンソリッド,7,54.0,39.6,36.7,4.0,1.78,0,0
202507050101,2025-12-06,,中京,7,1400,サリー,2,53.0,39.9,38.8,11.0,0.65,1,0
202507050101,2025-12-06,,中京,7,1400,ジュディーイメル,6,55.0,38.6,38.8,9.0,-0.65,0,0
202507050107,2025-12-06,,中京,7,1800,ウヌボレヤサン,1,56.0,39.4,39.8,1.0,0.54,1,0
202507050103,2025-12-06,,中京,7,1800,ロミヒ,3,55.0,39.3,39.9,5.0,0.0,1,0
202507050107,2025-12-06,,中京,7,1800,ソルトチューダ,5,57.0,39.2,39.8,15.0,0.34,0,0
202507050107,2025-12-06,,中京,7,1800,アイファーファイト,5,54.0,40.4,39.8,13.0,1.54,1,0
202507050107,2025-12-06,,中京,7,1800,ホウオウサムレット,7,57.0,38.1,39.8,7.0,-0.76,1,0
202507050107,2025-12-06,,中京,7,1800,ラマンシュ,8,57.0,37.2,39.8,9.0,-1.66,1,0
202507050106,2025-12-06,,中京,7,1900,ホウオウラムセス,1,58.0,43.2,36.8,5.0,2.9,0,0
202507050106,2025-12-06,,中京,7,1900,ブルーストレイル,4,58.0,39.2,36.8,11.0,-1.1,0,0
202507050106,2025-12-06,,中京,7,1900,レッドボブ,5,57.0,38.7,36.8,3.0,-1.6,0,0
202507050106,2025-12-06,,中京,7,1900,メリトーリアス,7,57.0,40.9,36.8,11.0,0.6,0,0
202507050106,2025-12-06,,中京,7,1900,ウインイメル,8,58.0,39.5,36.8,13.0,-0.8,1,0
202509050101,2025-12-06,,阪神,9,1200,オンザノアール,1,55.0,38.4,39.8,1.0,-0.86,1,0
202509050101,2025-12-06,,阪神,9,1200,ジェム,1,55.0,38.0,39.8,12.0,-1.26,1,0
202509050101,2025-12-06,,阪神,9,1200,シュタルク,3,56.0,42.6,39.8,4.0,3.34,0,0
202509050106,2025-12-06,,阪神,9,1200,アリディプラチノ,3,55.0,37.3,42.1,4.0,-0.84,1,0
202509050106,2025-12-06,,阪神,9,1200,ナルキッソス,4,56.0,37.7,42.1,4.0,-0.44,1,0
202509050110,2025-12-06,,阪神,9,1200,イミュータブル,4,58.0,37.9,32.2,4.0,0.0,1,0
202509050101,2025-12-06,,阪神,9,1200,シュトルムカイザー,5,56.0,37.3,39.8,15.0,-1.96,1,0
202509050101,2025-12-06,,阪神,9,1200,エクスプロウド,5,56.0,40.6,39.8,5.0,1.34,1,0
202509050106,2025-12-06,,阪神,9,1200,タイガーロード,5,56.0,39.2,42.1,2.0,1.06,0,0
202509050101,2025-12-06,,阪神,9,1200,グランブラーヴ,6,56.0,38.1,39.8,15.0,-1.16,0,0
202509050101,2025-12-06,,阪神,9,1200,メイショウイブキ,7,55.0,38.1,39.8,3.0,-1.16,1,0
202509050101,2025-12-06,,阪神,9,1200,クリノセーラーマン,7,56.0,40.7,39.8,8.0,1.44,1,0
202509050106,2025-12-06,,阪神,9,1200,フランシーヌ,7,55.0,38.3,42.1,10.0,0.16,0,0
202509050101,2025-12-06,,阪神,9,1200,アズライトアスール,8,56.0,39.5,39.8,8.0,0.24,1,0
202509050106,2025-12-06,,阪神,9,1200,ワルツプリンセス,8,55.0,38.2,42.1,9.0,0.06,0,0
202509050102,2025-12-06,,阪神,9,1800,ヴルールドロワ,1,56.0,37.8,38.0,3.0,-0.3,1,0
202509050102,2025-12-06,,阪神,9,1800,ブランドブラン,2,56.0,38.2,38.0,5.0,0.1,0,0
202509050102,2025-12-06,,阪神,9,1800,シャローファースト,4,56.0,38.3,38.0,8.0,0.2,1,0
202509050107,2025-12-06,,阪神,9,1800,ドーギッド,8,55.0,38.6,38.2,10.0,0.0,1,0
202505050801,2025-11-30,,東京,5,1400,マイネルテオドロス,3,56.0,38.8,37.7,5.0,0.3,1,0
202505050801,2025-11-30,,東京,5,1400,ブルーミーティア,4,56.0,38.3,37.7,2.0,-0.2,1,0
202505050807,2025-11-30,,東京,5,1400,エルオレンス,4,57.0,37.3,37.6,7.0,-1.0,1,0
202505050801,2025-11-30,,東京,5,1400,ソードスレイプニル,5,55.0,38.8,37.7,12.0,0.3,1,0
202505050807,2025-11-30,,東京,5,1400,ジェイエルジェティ,6,53.0,39.4,37.6,16.0,1.1,0,0
202505050801,2025-11-30,,東京,5,1400,ニンジャトットリ,7,56.0,38.5,37.7,2.0,0.0,1,0
202505050810,2025-11-30,,東京,5,1400,サトノアルペジオ,7,58.0,38.4,36.0,3.0,0.25,1,0
202505050801,2025-11-30,,東京,5,1400,ブライトラン,8,56.0,38.1,37.7,14.0,-0.4,1,0
202505050807,2025-11-30,,東京,5,1400,シュードタキライト,8,57.0,38.2,37.6,11.0,-0.1,0,0
202505050810,2025-11-30,,東京,5,1400,レッドアレグロ,8,58.0,37.9,36.0,6.0,-0.25,0,0
202505050803,2025-11-30,,東京,5,1600,パワポケウォーズ,1,53.0,39.6,36.8,15.0,0.87,0,0
202505050805,2025-11-30,,東京,5,1600,ケンブリッジルプス,1,54.0,41.4,35.2,16.0,1.5,0,0
202505050803,2025-11-30,,東京,5,1600,マイネルオランチア,2,56.0,37.8,36.8,6.0,-0.93,0,0
202505050805,2025-11-30,,東京,5,1600,タイセイエキサイト,3,56.0,39.6,35.2,11.0,-0.3,0,0
202505050803,2025-11-30,,東京,5,1600,ライフイズ,6,55.0,38.8,36.8,6.0,0.07,0,0
202505050805,2025-11-30,,東京,5,1600,ノーブルクラウド,7,55.0,38.7,35.2,7.0,-1.2,0,0
202508040801,2025-11-30,,京都,8,1200,サンブル,1,56.0,39.2,39.7,13.0,1.15,1,0
202508040801,2025-11-30,,京都,8,1200,テルヴィセクス,3,56.0,37.6,39.7,4.0,-0.45,1,0
202508040801,2025-11-30,,京都,8,1200,クィーンズローズ,5,55.0,38.2,39.7,9.0,0.15,0,0
202508040801,2025-11-30,,京都,8,1200,アーディアイリ,6,52.0,37.2,39.7,4.0,-0.85,1,0
202508040804,2025-11-30,,京都,8,1400,ケイアイマウンガ,1,57.0,38.8,36.9,1.0,-0.15,1,0
202508040811,2025-11-30,,京都,8,1400,ニシキギミッチー,1,57.0,35.9,35.1,12.0,-2.12,1,0
202508040811,2025-11-30,,京都,8,1400,アドバンスファラオ,1,58.0,39.5,35.1,5.0,1.48,0,0
202508040811,2025-11-30,,京都,8,1400,トータルクラリティ,3,56.0,39.3,35.1,12.0,1.28,0,0
202508040811,2025-11-30,,京都,8,1400,ベルダーイメル,4,60.0,37.7,35.1,3.0,-0.32,1,0
202508040804,2025-11-30,,京都,8,1400,ハミルトン,5,57.0,39.1,36.9,2.0,0.15,1,0
202508040811,2025-11-30,,京都,8,1400,ライツフォル,7,58.0,37.7,35.1,9.0,-0.32,1,0
202508040807,2025-11-30,,京都,8,1800,ウイングスオブラヴ,1,54.0,37.7,35.4,15.0,-2.5,1,0
202508040807,2025-11-30,,京都,8,1800,サンディエゴ,3,55.0,39.7,35.4,13.0,-0.5,0,0
202508040807,2025-11-30,,京都,8,1800,パーフェクト,3,56.0,42.1,35.4,16.0,1.9,0,0
202508040810,2025-11-30,,京都,8,1800,サンライズグルーヴ,4,58.0,37.8,36.7,11.0,-1.0,1,0
202508040807,2025-11-30,,京都,8,1800,イイデカンタロウ,6,58.0,41.3,35.4,9.0,1.1,0,0
202508040810,2025-11-30,,京都,8,1800,アーロンイメル,8,58.0,39.8,36.7,2.0,1.0,1,0
202508040805,2025-11-30,,京都,8,2910,レッドファーロ,1,60.0,13.8,41.3,2.0,-0.18,0,0
202508040805,2025-11-30,,京都,8,2910,スマートルミエール,3,60.0,14.1,41.3,7.0,0.12,0,0
202508040805,2025-11-30,,京都,8,2910,アナゴサン,4,60.0,13.9,41.3,4.0,-0.08,0,0
202508040805,2025-11-30,,京都,8,2910,アナザーエース,8,57.0,14.0,41.3,5.0,0.02,0,0
202508040805,2025-11-30,,京都,8,2910,タマモロック,8,60.0,14.1,41.3,8.0,0.12,0,0
202505050704,2025-11-29,,東京,5,1400,ライトブルースカイ,1,55.0,41.4,36.4,7.0,1.85,1,0
202505050710,2025-11-29,,東京,5,1400,キュムロンニンバス,3,58.0,37.1,35.5,7.0,-0.46,1,0
202505050704,2025-11-29,,東京,5,1400,テンカラットレター,4,56.0,41.6,36.4,2.0,2.05,0,0
202505050710,2025-11-29,,東京,5,1400,デイトナモード,5,58.0,38.6,35.5,8.0,1.04,0,0
202505050704,2025-11-29,,東京,5,1400,ルージュリヴィエラ,6,55.0,37.0,36.4,12.0,-2.55,0,0
202505050710,2025-11-29,,東京,5,1400,ドゥータップ,6,58.0,38.4,35.5,2.0,0.84,0,0
202505050710,2025-11-29,,東京,5,1400,ジャスリー,7,58.0,37.1,35.5,4.0,-0.46,1,0
202505050704,2025-11-29,,東京,5,1400,ハッピーカーン,8,56.0,38.2,36.4,12.0,-1.35,0,0
202505050710,2025-11-29,,東京,5,1400,ストレングス,8,58.0,36.6,35.5,2.0,-0.96,1,0
202505050701,2025-11-29,,東京,5,1600,ロイヤルスパイア,1,56.0,38.3,34.5,1.0,-0.37,1,0
202505050709,2025-11-29,,東京,5,1600,ウィッキドピケット,2,56.0,38.7,34.6,4.0,-0.65,0,0
202505050701,2025-11-29,,東京,5,1600,アヴァランチ,4,56.0,38.9,34.5,7.0,0.23,0,0
202505050701,2025-11-29,,東京,5,1600,サバイバルトゥルー,4,55.0,38.8,34.5,13.0,0.13,1,0
202505050706,2025-11-29,,東京,5,1600,プロピエダッド,5,55.0,37.5,35.9,11.0,0.2,1,0
202505050709,2025-11-29,,東京,5,1600,ヒルノプーリア,5,55.0,40.0,34.6,1.0,0.65,0,0
202505050706,2025-11-29,,東京,5,1600,トリフォラート,6,52.0,37.1,35.9,16.0,-0.2,1,0
202505050708,2025-11-29,,東京,5,2100,ムジェロ,2,58.0,37.7,35.9,5.0,-1.03,1,0
202505050708,2025-11-29,,東京,5,2100,サンカルミア,4,55.0,38.1,35.9,10.0,-0.63,1,0
202505050708,2025-11-29,,東京,5,2100,タガノマルアフ,8,54.0,40.4,35.9,11.0,1.67,0,0
202508040701,2025-11-29,,京都,8,1400,ディアナタコス,3,53.0,39.2,34.9,11.0,-0.45,1,0
202508040701,2025-11-29,,京都,8,1400,エールドリー,6,55.0,40.1,34.9,8.0,0.45,1,0
202508040706,2025-11-29,,京都,8,1800,ソルチェリア,1,56.0,37.3,36.9,8.0,-1.96,0,0
202508040709,2025-11-29,,京都,8,1800,コスモオピニオン,1,55.0,37.5,34.9,10.0,-0.33,0,0
202508040702,2025-11-29,,京都,8,1800,ショーンバローズ,2,56.0,41.1,36.0,8.0,0.63,0,0
202508040702,2025-11-29,,京都,8,1800,セイントホース,3,56.0,37.2,36.0,4.0,-3.27,1,0
202508040706,2025-11-29,,京都,8,1800,マテンロウアワー,4,56.0,39.1,36.9,6.0,-0.16,0,0
202508040706,2025-11-29,,京都,8,1800,ラッキーダイヤ,5,56.0,39.5,36.9,8.0,0.24,1,0
202508040702,2025-11-29,,京都,8,1800,ホウオウストライク,6,56.0,39.6,36.0,3.0,-0.87,0,0
202508040702,2025-11-29,,京都,8,1800,トシッキーセカンド,6,55.0,42.7,36.0,11.0,2.23,0,0
202508040709,2025-11-29,,京都,8,1800,シンリミテス,6,53.0,36.7,34.9,11.0,-1.13,1,0
202508040702,2025-11-29,,京都,8,1800,エグジスタンス,7,53.0,42.0,36.0,4.0,1.53,1,0
202508040706,2025-11-29,,京都,8,1800,ペスカドール,7,55.0,39.9,36.9,10.0,0.64,1,0
202508040706,2025-11-29,,京都,8,1800,タガノナッシュビル,7,55.0,40.5,36.9,10.0,1.24,1,0
202508040702,2025-11-29,,京都,8,1800,シュプリームレルム,8,56.0,40.2,36.0,7.0,-0.27,0,0
202508040709,2025-11-29,,京都,8,1800,テーオーレガシー,8,55.0,39.3,34.9,2.0,1.47,0,0
202508040704,2025-11-29,,京都,8,2910,レッドラマンシュ,1,60.0,13.9,41.7,2.0,-0.03,1,0
202508040704,2025-11-29,,京都,8,2910,ヴァルトバーデン,3,58.0,14.0,41.7,8.0,0.07,0,0
202508040704,2025-11-29,,京都,8,2910,クリアクォーツ,4,58.0,13.9,41.7,5.0,-0.03,1,0
202503030601,2025-11-24,,福島,3,1150,ビップレオン,1,56.0,39.9,31.3,10.0,1.02,1,0
202503030607,2025-11-24,,福島,3,1150,ダオラダオラ,2,55.0,38.1,30.5,12.0,1.03,1,0
202503030601,2025-11-24,,福島,3,1150,ジェム,4,55.0,37.6,31.3,7.0,-1.28,1,0
202503030607,2025-11-24,,福島,3,1150,アドアプローズ,4,58.0,36.0,30.5,12.0,-1.07,1,0
202503030601,2025-11-24,,福島,3,1150,イッツユー,5,52.0,39.5,31.3,16.0,0.62,0,0
202503030601,2025-11-24,,福島,3,1150,アルサック,7,55.0,38.4,31.3,1.0,-0.48,1,0
202503030601,2025-11-24,,福島,3,1150,シェイプオブユー,8,55.0,39.0,31.3,2.0,0.12,1,0
202503030607,2025-11-24,,福島,3,1150,トモジャシーマ,8,58.0,36.1,30.5,12.0,-0.97,1,0
202503030607,2025-11-24,,福島,3,1150,サニーサルサ,8,53.0,38.1,30.5,16.0,1.03,1,0
202503030603,2025-11-24,,福島,3,1700,タケルハーロック,1,56.0,38.5,38.5,2.0,-0.9,1,0
202503030602,2025-11-24,,福島,3,1700,メイショウハマギク,2,54.0,40.1,39.7,15.0,0.33,1,0
202503030603,2025-11-24,,福島,3,1700,レイザリオ,3,56.0,38.8,38.5,2.0,-0.6,1,0
202503030602,2025-11-24,,福島,3,1700,ロンシャンクイーン,4,55.0,40.2,39.7,9.0,0.43,0,0
202503030603,2025-11-24,,福島,3,1700,タニセンドリーム,4,55.0,38.6,38.5,7.0,-0.8,1,0
202503030603,2025-11-24,,福島,3,1700,キミオモウハナ,4,54.0,41.6,38.5,5.0,2.2,0,0
202503030611,2025-11-24,,福島,3,1700,スペイドアン,5,58.0,37.8,38.9,12.0,0.3,1,0
202503030611,2025-11-24,,福島,3,1700,ゴッドブルービー,6,58.0,36.9,38.9,8.0,-0.6,1,0
202503030611,2025-11-24,,福島,3,1700,フランスゴデイナ,6,58.0,37.8,38.9,9.0,0.3,1,0
202503030602,2025-11-24,,福島,3,1700,ベルメサイア,7,56.0,39.0,39.7,8.0,-0.77,1,0
202503030603,2025-11-24,,福島,3,1700,ラストレガシー,7,56.0,39.5,38.5,5.0,0.1,1,0
202505050605,2025-11-24,,東京,5,1400,マックスキュー,1,57.0,36.0,39.2,8.0,-1.36,1,0
202505050608,2025-11-24,,東京,5,1400,セレジェイラ,1,55.0,36.7,34.7,5.0,-0.87,1,0
202505050605,2025-11-24,,東京,5,1400,ブリックンクリック,3,57.0,39.5,39.2,3.0,2.14,0,0
202505050608,2025-11-24,,東京,5,1400,メジャーデビュー,3,56.0,39.1,34.7,7.0,1.53,0,0
202505050605,2025-11-24,,東京,5,1400,キョウエイスレーヴ,6,57.0,36.8,39.2,8.0,-0.56,0,0
202505050605,2025-11-24,,東京,5,1400,クニノハッピー,6,57.0,36.8,39.2,11.0,-0.56,1,0
202505050608,2025-11-24,,東京,5,1400,イゾラフェリーチェ,6,56.0,36.9,34.7,7.0,-0.67,1,0
202505050605,2025-11-24,,東京,5,1400,スプリンクルソルト,7,58.0,37.7,39.2,14.0,0.34,1,0
202505050604,2025-11-24,,東京,5,1600,バディーズライズ,1,56.0,39.9,38.3,7.0,0.8,0,0
202505050601,2025-11-24,,東京,5,1600,クルスデルスール,2,56.0,39.7,36.5,11.0,0.4,0,0
202505050601,2025-11-24,,東京,5,1600,ベンテンカグラ,3,55.0,41.2,36.5,7.0,1.9,0,0
202505050604,2025-11-24,,東京,5,1600,エビュレンス,3,56.0,41.5,38.3,12.0,2.4,0,0
202505050601,2025-11-24,,東京,5,1600,セニング,4,55.0,37.9,36.5,10.0,-1.4,0,0
202505050604,2025-11-24,,東京,5,1600,フィンガー,4,56.0,36.8,38.3,2.0,-2.3,1,0
202505050604,2025-11-24,,東京,5,1600,アドマイヤウルトラ,6,56.0,37.9,38.3,2.0,-1.2,0,0
202505050604,2025-11-24,,東京,5,1600,ビーチイン,6,55.0,37.8,38.3,10.0,-1.3,0,0
202505050601,2025-11-24,,東京,5,1600,セイウンリメンバー,7,56.0,38.2,36.5,1.0,-1.1,0,0
202505050601,2025-11-24,,東京,5,1600,ノーブルクロンヌ,7,55.0,39.5,36.5,3.0,0.2,0,0
202505050604,2025-11-24,,東京,5,1600,シデレウス,8,56.0,40.7,38.3,12.0,1.6,0,0
202505050610,2025-11-24,,東京,5,2100,バンドマスター,1,57.0,38.2,31.8,13.0,-0.27,1,0
202505050610,2025-11-24,,東京,5,2100,バリアントバイオ,1,54.0,40.7,31.8,4.0,2.23,0,0
202505050610,2025-11-24,,東京,5,2100,シャンパンポップ,2,57.0,37.4,31.8,4.0,-1.08,0,0
202505050610,2025-11-24,,東京,5,2100,ジャスパーグレイト,3,57.0,37.6,31.8,8.0,-0.88,1,0
202505050501,2025-11-23,,東京,5,1300,マコトアタキギリ,4,55.0,36.8,32.6,16.0,-0.4,1,0
202505050501,2025-11-23,,東京,5,1300,ユイノカタリベ,5,56.0,37.0,32.6,7.0,-0.2,1,0
202505050501,2025-11-23,,東京,5,1300,コブラツイスト,7,56.0,37.8,32.6,12.0,0.6,1,0
202505050504,2025-11-23,,東京,5,1600,サノノサンダー,2,54.0,39.2,36.3,15.0,1.13,0,0
202505050504,2025-11-23,,東京,5,1600,メディチパワー,4,56.0,37.0,36.3,9.0,-1.07,0,0
202505050504,2025-11-23,,東京,5,1600,サンタピア,6,56.0,38.0,36.3,7.0,-0.07,1,0
202505050506,2025-11-23,,東京,5,1600,ミヤジテン,6,56.0,37.2,38.6,11.0,-0.15,1,0
202505050506,2025-11-23,,東京,5,1600,キャトルエピス,7,55.0,37.5,38.6,4.0,0.15,1,0
202505050507,2025-11-23,,東京,5,2100,ディアスポラ,6,58.0,38.8,38.9,6.0,1.1,1,0
202505050507,2025-11-23,,東京,5,2100,オウケンシルヴァー,7,58.0,37.3,38.9,2.0,-0.4,1,0
202505050507,2025-11-23,,東京,5,2100,モヴレクス,7,55.0,37.0,38.9,16.0,-0.7,1,0
202508040606,2025-11-23,,京都,8,1400,クリオシダード,1,57.0,40.7,34.9,10.0,0.85,0,0
202508040601,2025-11-23,,京都,8,1400,ガイストライヒ,3,56.0,38.7,35.0,5.0,-1.0,0,0
202508040601,2025-11-23,,京都,8,1400,カセノナユタ,4,53.0,40.7,35.0,12.0,1.0,0,0
202508040606,2025-11-23,,京都,8,1400,エンブレムボム,4,58.0,39.0,34.9,2.0,-0.85,0,0
202508040610,2025-11-23,,京都,8,1400,キャピタルサックス,7,58.0,36.6,36.6,7.0,0.0,1,0
202508040604,2025-11-23,,京都,8,1800,アルムアポジェ,2,55.0,39.5,38.5,4.0,0.8,0,0
202508040602,2025-11-23,,京都,8,1800,ピエナオルカ,3,52.0,38.5,36.0,8.0,-0.63,1,0
202508040604,2025-11-23,,京都,8,1800,スターチューン,3,55.0,38.5,38.5,5.0,-0.2,1,0
202508040608,2025-11-23,,京都,8,1800,ディオスパーダ,3,53.0,37.8,38.1,6.0,0.0,1,0
202508040604,2025-11-23,,京都,8,1800,フレットローソ,4,54.0,38.1,38.5,2.0,-0.6,1,0
202508040602,2025-11-23,,京都,8,1800,メイショウゴッホ,6,56.0,40.1,36.0,8.0,0.97,1,0
202508040602,2025-11-23,,京都,8,1800,ルファーダ,7,56.0,38.8,36.0,3.0,-0.33,0,0
202503030502,2025-11-22,,福島,3,1150,タルトポワール,1,55.0,37.9,32.3,1.0,0.1,1,0
202503030510,2025-11-22,,福島,3,1150,マイレーヌ,2,56.0,37.3,31.8,10.0,-0.45,1,0
202503030502,2025-11-22,,福島,3,1150,カツノテンス,4,55.0,37.8,32.3,11.0,0.0,1,0
202503030510,2025-11-22,,福島,3,1150,フェデルミエール,4,55.0,37.5,31.8,15.0,-0.25,1,0
202503030502,2025-11-22,,福島,3,1150,チャコール,6,56.0,38.0,32.3,12.0,0.2,1,0
202503030510,2025-11-22,,福島,3,1150,アネモス,6,56.0,37.1,31.8,9.0,-0.65,1,0
202503030502,2025-11-22,,福島,3,1150,シャーンゴッセ,7,56.0,37.5,32.3,8.0,-0.3,1,0
202503030510,2025-11-22,,福島,3,1150,ニシノクラウン,8,58.0,39.1,31.8,10.0,1.35,1,0
202503030503,2025-11-22,,福島,3,1700,ボールドタワー,1,56.0,40.3,35.0,3.0,-1.63,1,0
202503030503,2025-11-22,,福島,3,1700,ショウナンタヅナ,2,56.0,41.9,35.0,3.0,-0.03,1,0
202503030503,2025-11-22,,福島,3,1700,セイウンバジリスク,2,56.0,43.5,35.0,1.0,1.57,0,0
202503030506,2025-11-22,,福島,3,1700,ルシャルムール,2,56.0,39.2,36.4,2.0,-1.03,0,0
202503030503,2025-11-22,,福島,3,1700,メイショウタイザン,4,56.0,41.1,35.0,8.0,-0.83,0,0
202503030501,2025-11-22,,福島,3,1700,ライブリピュア,5,52.0,40.0,41.0,14.0,-1.05,1,0
202503030506,2025-11-22,,福島,3,1700,モリノアミーゴ,5,54.0,39.1,36.4,8.0,-1.13,1,0
202503030503,2025-11-22,,福島,3,1700,ソルプレーザ,6,54.0,43.0,35.0,15.0,1.07,0,0
202503030501,2025-11-22,,福島,3,1700,ジェネチェン,8,55.0,42.1,41.0,9.0,1.05,0,0
202503030503,2025-11-22,,福島,3,1700,ホッカイダイオー,8,56.0,41.8,35.0,10.0,-0.13,1,0
202503030506,2025-11-22,,福島,3,1700,オロパタジン,8,53.0,42.4,36.4,4.0,2.17,0,0
202508040501,2025-11-22,,京都,8,1200,フェンネル,5,55.0,38.5,40.3,11.0,0.7,1,0
202508040501,2025-11-22,,京都,8,1200,モノノケ,6,55.0,38.0,40.3,8.0,0.2,1,0
202508040501,2025-11-22,,京都,8,1200,ガーネットフレア,7,55.0,37.2,40.3,4.0,-0.6,1,0
202508040501,2025-11-22,,京都,8,1200,エボニードール,8,55.0,37.3,40.3,9.0,-0.5,1,0
202508040501,2025-11-22,,京都,8,1200,ライクシュガー,8,52.0,38.0,40.3,11.0,0.2,1,0
202508040506,2025-11-22,,京都,8,1400,レッツエンジョイ,2,53.0,37.9,35.2,4.0,-0.13,1,0
202508040506,2025-11-22,,京都,8,1400,タントレーベル,2,54.0,37.9,35.2,7.0,-0.13,1,0
202508040508,2025-11-22,,京都,8,1400,ディージェーサン,2,52.0,39.3,32.7,6.0,0.35,1,0
202508040506,2025-11-22,,京都,8,1400,ペプチドレオン,3,56.0,37.3,35.2,7.0,-0.73,1,0
202508040506,2025-11-22,,京都,8,1400,ジャスパーレオン,4,56.0,38.0,35.2,10.0,-0.03,1,0
202508040508,2025-11-22,,京都,8,1400,サザーランド,4,53.0,38.0,32.7,14.0,-0.95,1,0
202508040506,2025-11-22,,京都,8,1400,バトルアックス,5,56.0,37.5,35.2,1.0,-0.53,0,0
202508040506,2025-11-22,,京都,8,1400,エルモサカスターノ,6,51.0,39.1,35.2,12.0,1.07,1,0
202508040506,2025-11-22,,京都,8,1400,マクノス,7,55.0,38.5,35.2,15.0,0.47,0,0
202508040508,2025-11-22,,京都,8,1400,ジョヴィアン,7,58.0,38.4,32.7,3.0,-0.55,1,0
202508040508,2025-11-22,,京都,8,1400,プシプシーナ,7,56.0,40.1,32.7,16.0,1.15,0,0
202508040502,2025-11-22,,京都,8,1800,ワルトシュタイン,1,56.0,38.6,36.8,6.0,-1.27,0,0
202508040507,2025-11-22,,京都,8,1800,サイレントグルーヴ,2,56.0,40.2,36.0,11.0,1.58,0,0
202508040507,2025-11-22,,京都,8,1800,マテンロウシルビア,4,54.0,37.6,36.0,6.0,-1.02,1,0
202508040502,2025-11-22,,京都,8,1800,ダノンシーホーク,6,56.0,38.9,36.8,13.0,-0.98,0,0
202508040502,2025-11-22,,京都,8,1800,ニホンピロエール,6,56.0,41.5,36.8,9.0,1.62,0,0
202508040507,2025-11-22,,京都,8,1800,アイブリンク,6,54.0,37.7,36.0,3.0,-0.92,0,0
202508040502,2025-11-22,,京都,8,1800,ゴールデンテティス,7,55.0,40.5,36.8,10.0,0.62,0,0
202508040507,2025-11-22,,京都,8,1800,アレーティア,7,54.0,39.2,36.0,6.0,0.58,1,0
202508040507,2025-11-22,,京都,8,1800,ベレニーチェ,8,53.0,38.4,36.0,15.0,-0.22,1,0
202508040511,2025-11-22,,京都,8,1900,サーマルソアリング,1,55.0,39.7,39.5,7.0,-0.02,1,0
202508040511,2025-11-22,,京都,8,1900,ジューンアヲニヨシ,5,57.0,38.8,39.5,2.0,-0.93,0,0
202508040511,2025-11-22,,京都,8,1900,メイショウフンジン,6,62.0,39.3,39.5,16.0,-0.43,1,0
202508040511,2025-11-22,,京都,8,1900,ロコポルティ,7,58.0,41.1,39.5,9.0,1.38,0,0
202503030401,2025-11-16,,福島,3,1150,ラインカシウス,4,55.0,38.1,31.5,8.0,-0.5,0,0
202503030401,2025-11-16,,福島,3,1150,ジャンシ,5,56.0,37.6,31.5,3.0,-1.0,0,0
202503030401,2025-11-16,,福島,3,1150,デアトゥノウ,6,54.0,39.9,31.5,14.0,1.3,1,0
202503030408,2025-11-16,,福島,3,1150,ポアゾンシーザー,6,57.0,39.5,30.7,14.0,1.2,0,0
202503030401,2025-11-16,,福島,3,1150,アレステソーロ,7,56.0,38.8,31.5,8.0,0.2,1,0
202503030408,2025-11-16,,福島,3,1150,クリノミニスター,8,55.0,37.1,30.7,14.0,-1.2,1,0
202503030406,2025-11-16,,福島,3,1700,ニチヤヲツイデ,1,55.0,42.6,34.4,11.0,1.61,0,0
202503030402,2025-11-16,,福島,3,1700,ローマンレイク,2,56.0,41.0,36.3,2.0,1.47,1,0
202503030406,2025-11-16,,福島,3,1700,キンカメクオリア,2,56.0,41.9,34.4,12.0,0.91,0,0
202503030402,2025-11-16,,福島,3,1700,サウンドルーチェ,3,54.0,38.9,36.3,4.0,-0.63,1,0
202503030406,2025-11-16,,福島,3,1700,ブラックレジェンド,3,54.0,39.9,34.4,3.0,-1.09,0,0
202503030406,2025-11-16,,福島,3,1700,シュトルムカイザー,4,56.0,42.5,34.4,15.0,1.51,1,0
202503030411,2025-11-16,,福島,3,1700,ピースオブザライフ,4,55.0,37.5,36.7,8.0,-1.0,1,0
202503030402,2025-11-16,,福島,3,1700,セージグリーン,5,56.0,38.5,36.3,10.0,-1.03,1,0
202503030406,2025-11-16,,福島,3,1700,システマソラー,5,56.0,38.8,34.4,5.0,-2.19,0,0
202503030406,2025-11-16,,福島,3,1700,フルールサシェ,5,56.0,40.9,34.4,4.0,-0.09,1,0
202503030403,2025-11-16,,福島,3,1700,メイショウオグマ,6,58.0,38.0,38.2,12.0,-1.27,1,0
202503030406,2025-11-16,,福島,3,1700,ピゲ,6,56.0,39.9,34.4,8.0,-1.09,1,0
202503030403,2025-11-16,,福島,3,1700,モレポブラーノ,7,56.0,38.9,38.2,1.0,-0.37,1,0
202503030403,2025-11-16,,福島,3,1700,ショウナンサエッタ,7,55.0,40.9,38.2,4.0,1.63,0,0
202503030406,2025-11-16,,福島,3,1700,ホカミテダメ,7,55.0,41.8,34.4,2.0,0.81,1,0
202503030406,2025-11-16,,福島,3,1700,グラスベリー,7,55.0,40.6,34.4,14.0,-0.39,0,0
202503030411,2025-11-16,,福島,3,1700,マリアナトレンチ,7,57.0,38.3,36.7,15.0,-0.2,1,0
202503030402,2025-11-16,,福島,3,1700,コムルヴァン,8,56.0,39.7,36.3,14.0,0.17,0,0
202503030411,2025-11-16,,福島,3,1700,ノーブルゲイル,8,57.0,39.7,36.7,8.0,1.2,1,0
202505050409,2025-11-16,,東京,5,1400,カンパニョーラ,1,53.0,35.6,35.2,11.0,-1.95,1,0
202505050409,2025-11-16,,東京,5,1400,ハピネスアゲン,3,53.0,38.5,35.2,11.0,0.95,0,0
202505050401,2025-11-16,,東京,5,1400,ラットバラット,4,56.0,39.0,36.2,7.0,0.65,1,0
202505050409,2025-11-16,,東京,5,1400,フラムリンガム,4,55.0,38.0,35.2,3.0,0.45,0,0
202505050407,2025-11-16,,東京,5,1400,クールソル,5,56.0,37.5,38.1,13.0,0.3,0,0
202505050409,2025-11-16,,東京,5,1400,エコロアレス,5,54.0,38.1,35.2,6.0,0.55,1,0
202505050401,2025-11-16,,東京,5,1400,ニューカワイイ,6,52.0,37.7,36.2,12.0,-0.65,1,0
202505050407,2025-11-16,,東京,5,1400,アンクエンチャブル,7,58.0,36.9,38.1,2.0,-0.3,1,0
202505050407,2025-11-16,,東京,5,1400,フィリップ,8,58.0,37.2,38.1,3.0,0.0,1,0
202505050404,2025-11-16,,東京,5,1600,エビュレンス,1,56.0,39.6,36.2,16.0,1.47,0,0
202505050406,2025-11-16,,東京,5,1600,レッドエウロス,1,57.0,37.7,34.8,3.0,0.35,1,0
202505050404,2025-11-16,,東京,5,1600,ハルシャダ,2,55.0,38.6,36.2,14.0,0.47,0,0
202505050404,2025-11-16,,東京,5,1600,ハオカノア,3,56.0,37.3,36.2,7.0,-0.83,1,0
202505050404,2025-11-16,,東京,5,1600,リケアマカロニ,4,55.0,37.0,36.2,5.0,-1.13,1,0
202505050404,2025-11-16,,東京,5,1600,トリエンナーレ,6,55.0,37.4,36.2,3.0,-0.73,1,0
202505050406,2025-11-16,,東京,5,1600,エースアビリティ,7,58.0,37.0,34.8,15.0,-0.35,1,0
202505050404,2025-11-16,,東京,5,1600,カセノソレイユ,8,56.0,38.9,36.2,5.0,0.77,1,0
202508040402,2025-11-16,,京都,8,1200,ブレッティレディ,1,55.0,38.8,36.3,15.0,0.4,0,0
202508040402,2025-11-16,,京都,8,1200,ララクレアドルーン,5,55.0,38.0,36.3,14.0,-0.4,1,0
202508040406,2025-11-16,,京都,8,1200,ボディブロー,5,58.0,36.0,34.7,2.0,-1.48,1,0
202508040406,2025-11-16,,京都,8,1200,デアデルマーレ,6,56.0,37.4,34.7,7.0,-0.08,1,0
202508040406,2025-11-16,,京都,8,1200,サイモンオリーブ,7,56.0,37.6,34.7,12.0,0.12,1,0
202508040406,2025-11-16,,京都,8,1200,ポッドボウ,7,57.0,38.9,34.7,6.0,1.42,0,0
202508040401,2025-11-16,,京都,8,1400,ステラソレラ,6,55.0,39.9,33.8,14.0,0.4,0,0
202508040401,2025-11-16,,京都,8,1400,アロハマウロア,7,55.0,39.1,33.8,10.0,-0.4,0,0
202508040410,2025-11-16,,京都,8,1800,ヒルノハンブルク,2,56.0,37.3,35.3,9.0,-1.4,1,0
202508040407,2025-11-16,,京都,8,1800,タマモキャリコ,4,58.0,38.7,35.3,3.0,0.35,1,0
202508040407,2025-11-16,,京都,8,1800,メイショウジェンマ,5,58.0,38.0,35.3,15.0,-0.35,1,0
202508040410,2025-11-16,,京都,8,1800,カネトシゴウト,5,57.0,38.6,35.3,2.0,-0.1,1,0
202508040410,2025-11-16,,京都,8,1800,ルージュミラージュ,7,52.0,40.2,35.3,6.0,1.5,0,0
202508040404,2025-11-16,,京都,8,1800,アンコールアゲイン,8,56.0,38.4,38.3,2.0,-0.8,1,0
202508040404,2025-11-16,,京都,8,1800,カンフージョン,8,56.0,40.0,38.3,1.0,0.8,0,0
202503030311,2025-11-15,,福島,3,1150,ユスティニアン,2,58.0,36.2,33.3,9.0,0.0,1,0
202503030302,2025-11-15,,福島,3,1150,シャインミラカナ,5,57.0,37.9,32.0,5.0,-0.2,1,0
202503030302,2025-11-15,,福島,3,1150,スターランウェイ,7,55.0,37.7,32.0,3.0,-0.4,1,0
202503030302,2025-11-15,,福島,3,1150,スピニングマーリン,8,56.0,38.7,32.0,12.0,0.6,0,0
202503030301,2025-11-15,,福島,3,1700,キタノファーンヒル,2,53.0,38.4,37.8,10.0,-0.52,1,0
202503030310,2025-11-15,,福島,3,1700,アメージング,2,55.0,39.8,36.4,13.0,0.9,0,0
202503030310,2025-11-15,,福島,3,1700,チカミリオン,3,53.0,38.4,36.4,8.0,-0.5,1,0
202503030301,2025-11-15,,福島,3,1700,セントポールヒロ,4,54.0,39.9,37.8,14.0,0.98,0,0
202503030301,2025-11-15,,福島,3,1700,ロードヴェルテクス,5,55.0,38.3,37.8,7.0,-0.62,1,0
202503030301,2025-11-15,,福島,3,1700,ユニゾン,7,56.0,38.2,37.8,2.0,-0.72,0,0
202503030301,2025-11-15,,福島,3,1700,ココラッシー,7,53.0,39.8,37.8,5.0,0.88,0,0
202503030310,2025-11-15,,福島,3,1700,シンボリノエル,7,52.0,36.7,36.4,8.0,-2.2,1,0
202503030310,2025-11-15,,福島,3,1700,サンキャメロン,7,52.0,38.3,36.4,5.0,-0.6,1,0
202503030310,2025-11-15,,福島,3,1700,オーケーマヒナ,8,52.0,41.3,36.4,10.0,2.4,0,0
202503030306,2025-11-15,,福島,3,2400,ラテライト,1,52.0,41.5,37.9,13.0,-0.3,1,0
202503030306,2025-11-15,,福島,3,2400,ハルフロンティア,2,53.0,41.6,37.9,11.0,-0.2,1,0
202503030306,2025-11-15,,福島,3,2400,ピストルスター,5,53.0,41.0,37.9,1.0,-0.8,0,0
202503030306,2025-11-15,,福島,3,2400,ホウオウラムセス,6,55.0,43.1,37.9,13.0,1.3,0,0
202505050301,2025-11-15,,東京,5,1400,ソードスレイプニル,1,55.0,38.2,37.7,4.0,-1.14,0,0
202505050301,2025-11-15,,東京,5,1400,フクシマグランツ,3,55.0,39.8,37.7,9.0,0.46,1,0
202505050301,2025-11-15,,東京,5,1400,ラヴィングリー,4,55.0,39.5,37.7,6.0,0.16,0,0
202505050301,2025-11-15,,東京,5,1400,シンデレラヒメ,4,55.0,40.7,37.7,13.0,1.36,1,0
202505050307,2025-11-15,,東京,5,1400,ハッピービバーク,4,55.0,40.5,36.1,5.0,0.8,0,0
202505050301,2025-11-15,,東京,5,1400,シトリンテソーロ,6,55.0,38.5,37.7,6.0,-0.84,1,0
202505050307,2025-11-15,,東京,5,1400,ゴールドシャーク,6,55.0,38.9,36.1,8.0,-0.8,0,0
202505050303,2025-11-15,,東京,5,1600,ニシノナスタチウム,2,55.0,38.4,38.7,14.0,-1.02,1,0
202505050303,2025-11-15,,東京,5,1600,テンレディーゴー,3,56.0,38.6,38.7,3.0,-0.82,1,0
202505050309,2025-11-15,,東京,5,1600,フォーワンセルフ,4,58.0,36.5,36.1,14.0,0.2,1,0
202505050311,2025-11-15,,東京,5,1600,サンライズホーク,4,57.0,36.0,35.5,16.0,0.0,1,0
202505050303,2025-11-15,,東京,5,1600,ブールドネージュ,5,55.0,41.3,38.7,13.0,1.88,0,0
202505050303,2025-11-15,,東京,5,1600,カテドラルクォーツ,6,56.0,38.5,38.7,6.0,-0.92,1,0
202505050303,2025-11-15,,東京,5,1600,シュンポシオン,7,56.0,40.9,38.7,5.0,1.48,0,0
202505050309,2025-11-15,,東京,5,1600,オールマキシマム,7,56.0,36.1,36.1,12.0,-0.2,1,0
202505050303,2025-11-15,,東京,5,1600,タケルムサシ,8,56.0,38.8,38.7,8.0,-0.62,1,0
202508040309,2025-11-15,,京都,8,1200,スペシャルナンバー,3,58.0,34.9,33.3,8.0,-2.1,1,0
202508040306,2025-11-15,,京都,8,1200,アーディアイリ,5,52.0,36.5,38.2,5.0,-1.9,1,0
202508040306,2025-11-15,,京都,8,1200,エコロレバン,6,55.0,37.1,38.2,2.0,-1.3,1,0
202508040306,2025-11-15,,京都,8,1200,ドリームハーモニー,6,55.0,41.6,38.2,7.0,3.2,0,0
202508040309,2025-11-15,,京都,8,1200,ハピアーザンエバー,7,58.0,39.1,33.3,2.0,2.1,0,0
202508040302,2025-11-15,,京都,8,1400,ファフロツキーズ,1,56.0,40.3,35.6,10.0,1.72,0,0
202508040302,2025-11-15,,京都,8,1400,リフラ,4,56.0,37.5,35.6,6.0,-1.08,0,0
202508040302,2025-11-15,,京都,8,1400,メロウアンバー,6,56.0,38.8,35.6,4.0,0.22,1,0
202508040302,2025-11-15,,京都,8,1400,リリーサンライズ,8,55.0,38.7,35.6,2.0,0.12,1,0
202508040302,2025-11-15,,京都,8,1400,シャマレル,8,55.0,37.6,35.6,11.0,-0.98,0,0
202508040303,2025-11-15,,京都,8,1800,メイショウセンドウ,1,56.0,38.3,37.5,4.0,-0.73,1,0
202508040303,2025-11-15,,京都,8,1800,ジーティースティア,2,56.0,39.1,37.5,4.0,0.07,1,0
202508040301,2025-11-15,,京都,8,1800,キタノシャカール,5,56.0,37.0,40.4,7.0,-2.0,1,0
202508040307,2025-11-15,,京都,8,1800,シゲルオトヒメ,5,53.0,37.5,38.0,15.0,0.0,1,0
202508040301,2025-11-15,,京都,8,1800,マルーンドライブ,7,56.0,37.9,40.4,4.0,-1.1,1,0
202508040301,2025-11-15,,京都,8,1800,クモンリュウ,8,56.0,42.1,40.4,10.0,3.1,0,0
202508040303,2025-11-15,,京都,8,1800,フロムザムーン,8,56.0,39.7,37.5,9.0,0.67,0,0
202503030201,2025-11-09,,福島,3,1150,マユナイト,3,55.0,37.5,30.9,10.0,0.0,1,0
202503030206,2025-11-09,,福島,3,1700,プグナファータ,3,55.0,41.8,35.5,10.0,0.68,0,0
202503030206,2025-11-09,,福島,3,1700,ツキノコブネ,3,56.0,41.8,35.5,13.0,0.68,0,0
202503030210,2025-11-09,,福島,3,1700,グランキングオー,3,56.0,39.6,35.9,14.0,0.45,1,0
202503030206,2025-11-09,,福島,3,1700,スズノグレイス,4,56.0,39.2,35.5,11.0,-1.92,1,0
202503030206,2025-11-09,,福島,3,1700,クッカユフラ,4,55.0,40.7,35.5,7.0,-0.42,1,0
202503030203,2025-11-09,,福島,3,1700,エコロカレン,7,52.0,38.8,35.9,14.0,-0.62,1,0
202503030203,2025-11-09,,福島,3,1700,オールデュスヴラン,7,55.0,40.4,35.9,8.0,0.98,1,0
202503030206,2025-11-09,,福島,3,1700,トンデトンデトンデ,7,56.0,42.1,35.5,11.0,0.98,0,0
202503030203,2025-11-09,,福島,3,1700,リリーアロー,8,55.0,38.5,35.9,12.0,-0.92,0,0
202503030203,2025-11-09,,福島,3,1700,ダイシンレアレア,8,56.0,40.0,35.9,5.0,0.58,1,0
202503030210,2025-11-09,,福島,3,1700,アトラクティーボ,8,58.0,38.7,35.9,10.0,-0.45,1,0
202505050208,2025-11-09,,東京,5,1300,スペキオサレジーナ,1,56.0,35.7,33.5,16.0,-1.65,1,0
202505050208,2025-11-09,,東京,5,1300,ケンキョ,3,58.0,36.0,33.5,7.0,-1.35,1,0
202505050208,2025-11-09,,東京,5,1300,ヘルメース,4,54.0,38.3,33.5,1.0,0.95,1,0
202505050208,2025-11-09,,東京,5,1300,スムースベルベット,7,56.0,38.2,33.5,7.0,0.85,0,0
202505050208,2025-11-09,,東京,5,1300,オリアメンディ,7,56.0,39.4,33.5,12.0,2.05,0,0
202505050208,2025-11-09,,東京,5,1300,ニシノクードクール,8,55.0,36.5,33.5,10.0,-0.85,1,0
202505050209,2025-11-09,,東京,5,1400,レイオブファイア,1,56.0,38.9,35.2,8.0,0.7,1,0
202505050209,2025-11-09,,東京,5,1400,マジッククッキー,3,56.0,36.8,35.2,8.0,-1.4,0,0
202505050209,2025-11-09,,東京,5,1400,ドンエレクトス,5,56.0,37.4,35.2,10.0,-0.8,0,0
202505050209,2025-11-09,,東京,5,1400,ライフオブラクーン,5,56.0,37.0,35.2,14.0,-1.2,1,0
202505050209,2025-11-09,,東京,5,1400,マヴィ,6,55.0,40.9,35.2,4.0,2.7,0,0
202505050202,2025-11-09,,東京,5,1600,ウルヴァリン,1,56.0,40.3,34.7,5.0,0.04,0,0
202505050202,2025-11-09,,東京,5,1600,トラストサン,3,56.0,41.7,34.7,16.0,1.44,0,0
202505050206,2025-11-09,,東京,5,1600,イベリスアマラ,3,56.0,38.8,33.4,11.0,-0.27,1,0
202505050207,2025-11-09,,東京,5,1600,ニシノヒナアラレ,3,55.0,38.8,35.4,16.0,-1.45,0,0
202505050206,2025-11-09,,東京,5,1600,ハイテイラオユエ,4,56.0,38.5,33.4,11.0,-0.57,0,0
202505050202,2025-11-09,,東京,5,1600,モータリゼーション,5,56.0,40.8,34.7,5.0,0.54,1,0
202505050202,2025-11-09,,東京,5,1600,ニシノロッドマン,5,56.0,40.6,34.7,14.0,0.34,0,0
202505050206,2025-11-09,,東京,5,1600,ワンダーバリエンス,5,55.0,41.7,33.4,4.0,2.63,0,0
202505050206,2025-11-09,,東京,5,1600,ユウブルボン,6,55.0,39.5,33.4,14.0,0.43,0,0
202505050202,2025-11-09,,東京,5,1600,エコロガノン,7,56.0,38.0,34.7,2.0,-2.26,0,0
202505050202,2025-11-09,,東京,5,1600,ビッキーセカンド,7,56.0,37.8,34.7,13.0,-2.46,0,0
202505050207,2025-11-09,,東京,5,1600,トラジェクトワール,7,58.0,41.7,35.4,3.0,1.45,0,0
202505050202,2025-11-09,,東京,5,1600,ダイコクヤタエモン,8,56.0,42.6,34.7,8.0,2.34,0,0
202505050206,2025-11-09,,東京,5,1600,ケブランリ,8,56.0,37.4,33.4,3.0,-1.67,1,0
202505050206,2025-11-09,,東京,5,1600,フェルギナス,8,56.0,38.5,33.4,1.0,-0.57,1,0
202508040210,2025-11-09,,京都,8,1200,ヤマニンシュラ,5,57.0,36.4,30.8,2.0,-0.3,1,0
202508040210,2025-11-09,,京都,8,1200,ムーム,8,56.0,37.0,30.8,2.0,0.3,1,0
202508040201,2025-11-09,,京都,8,1400,ジュディーイメル,1,55.0,38.8,33.3,1.0,-0.05,1,0
202508040204,2025-11-09,,京都,8,1400,ワルトシュタイン,1,56.0,37.3,38.0,6.0,-1.03,1,0
202508040204,2025-11-09,,京都,8,1400,ブラダマンテ,2,55.0,38.6,38.0,14.0,0.27,1,0
202508040201,2025-11-09,,京都,8,1400,エコロボルト,3,56.0,39.5,33.3,8.0,0.65,1,0
202508040201,2025-11-09,,京都,8,1400,ナムラシンジロー,5,56.0,38.6,33.3,14.0,-0.25,1,0
202508040201,2025-11-09,,京都,8,1400,セイウンバジリスク,6,56.0,38.5,33.3,2.0,-0.35,1,0
202508040204,2025-11-09,,京都,8,1400,シャンドラテ,6,55.0,38.6,38.0,6.0,0.27,0,0
202508040204,2025-11-09,,京都,8,1400,グランブラーヴ,8,56.0,38.8,38.0,9.0,0.47,1,0
202508040206,2025-11-09,,京都,8,1800,ミッションルース,1,58.0,41.2,37.2,7.0,1.78,1,0
202508040208,2025-11-09,,京都,8,1800,メイショウリリー,1,56.0,39.8,33.6,12.0,1.3,0,0
202508040206,2025-11-09,,京都,8,1800,サンディエゴ,2,56.0,39.8,37.2,2.0,0.38,0,0
202508040206,2025-11-09,,京都,8,1800,ミライエイゴウ,3,56.0,40.8,37.2,2.0,1.38,1,0
202508040211,2025-11-09,,京都,8,1800,ロードクロンヌ,4,57.0,35.8,34.7,10.0,-2.23,1,0
202508040206,2025-11-09,,京都,8,1800,ルルフィーユ,5,53.0,38.9,37.2,15.0,-0.52,1,0
202508040206,2025-11-09,,京都,8,1800,アリストクラシア,6,56.0,37.6,37.2,10.0,-1.82,1,0
202508040208,2025-11-09,,京都,8,1800,サイモンコーラル,6,56.0,38.2,33.6,9.0,-0.3,0,0
202508040211,2025-11-09,,京都,8,1800,レヴォントゥレット,6,57.0,39.0,34.7,2.0,0.98,1,0
202508040211,2025-11-09,,京都,8,1800,レイナデアルシーラ,7,53.0,40.0,34.7,7.0,1.98,0,0
202508040206,2025-11-09,,京都,8,1800,ハイクオリティ,8,55.0,38.2,37.2,4.0,-1.22,1,0
202508040208,2025-11-09,,京都,8,1800,ノボリクレバー,8,56.0,37.5,33.6,9.0,-1.0,1,0
202508040211,2025-11-09,,京都,8,1800,デルマソトガケ,8,57.0,37.3,34.7,12.0,-0.73,1,0
202503030108,2025-11-08,,福島,3,1150,キャンドルマス,3,58.0,37.1,34.6,4.0,-0.27,1,0
202503030104,2025-11-08,,福島,3,1150,レイアポポ,7,55.0,37.2,35.1,5.0,0.0,1,0
202503030108,2025-11-08,,福島,3,1150,ブルーリヴァーサル,7,58.0,36.6,34.6,16.0,-0.77,1,0
202503030108,2025-11-08,,福島,3,1150,スパークルジョイ,8,53.0,38.4,34.6,5.0,1.03,1,0
202503030103,2025-11-08,,福島,3,1700,リバーシティ,1,53.0,43.7,36.5,15.0,2.95,0,0
202503030112,2025-11-08,,福島,3,1700,ハッコウイチウ,2,56.0,40.0,36.1,9.0,0.2,0,0
202503030101,2025-11-08,,福島,3,1700,ルージュアリスタ,3,55.0,39.1,36.5,6.0,-1.05,1,0
202503030103,2025-11-08,,福島,3,1700,ヒロウッドテール,3,56.0,39.9,36.5,12.0,-0.85,1,0
202503030101,2025-11-08,,福島,3,1700,タマモヒロイン,4,55.0,40.5,36.5,8.0,0.35,0,0
202503030112,2025-11-08,,福島,3,1700,ガラスノブルース,5,58.0,38.3,36.1,12.0,-1.5,1,0
202503030101,2025-11-08,,福島,3,1700,ファインブルー,6,52.0,40.2,36.5,14.0,0.05,0,0
202503030101,2025-11-08,,福島,3,1700,イヌボウノユウヒ,7,52.0,40.8,36.5,13.0,0.65,0,0
202503030103,2025-11-08,,福島,3,1700,マツリダシリウス,7,56.0,40.2,36.5,9.0,-0.55,1,0
202503030103,2025-11-08,,福島,3,1700,ルーナディサングエ,8,56.0,39.2,36.5,5.0,-1.55,0,0
202503030112,2025-11-08,,福島,3,1700,ゼンエスポワール,8,56.0,38.8,36.1,2.0,-1.0,1,0
202503030112,2025-11-08,,福島,3,1700,ウィテカービート,8,56.0,42.1,36.1,11.0,2.3,0,0
202505050104,2025-11-08,,東京,5,1300,ベアフォースワン,1,56.0,37.2,35.5,7.0,-1.22,1,0
202505050107,2025-11-08,,東京,5,1300,キミハスコール,1,58.0,36.4,36.6,7.0,-1.39,0,0
202505050101,2025-11-08,,東京,5,1300,オテモヤン,2,52.0,38.3,35.0,1.0,-0.38,1,0
202505050104,2025-11-08,,東京,5,1300,アヴァランチ,2,56.0,36.9,35.5,5.0,-1.52,0,0
202505050107,2025-11-08,,東京,5,1300,ロードフロイデ,2,57.0,36.3,36.6,9.0,-1.49,1,0
202505050101,2025-11-08,,東京,5,1300,マリンディーゼル,3,56.0,39.8,35.0,2.0,1.12,1,0
202505050104,2025-11-08,,東京,5,1300,グリュック,4,56.0,38.6,35.5,3.0,0.18,1,0
202505050107,2025-11-08,,東京,5,1300,エコロヴァルム,4,58.0,37.4,36.6,9.0,-0.39,1,0
202505050107,2025-11-08,,東京,5,1300,ハーモニーソング,4,55.0,38.6,36.6,4.0,0.81,1,0
202505050101,2025-11-08,,東京,5,1300,アルコア,5,56.0,39.1,35.0,10.0,0.42,1,0
202505050107,2025-11-08,,東京,5,1300,ショウナンラリー,5,57.0,39.7,36.6,4.0,1.91,0,0
202505050101,2025-11-08,,東京,5,1300,シュピラー,6,56.0,38.5,35.0,6.0,-0.18,0,0
202505050101,2025-11-08,,東京,5,1300,マインセーラ,6,55.0,37.7,35.0,13.0,-0.98,1,0
202505050104,2025-11-08,,東京,5,1300,ハタノグランクリュ,7,56.0,41.0,35.5,3.0,2.58,0,0
202505050107,2025-11-08,,東京,5,1300,ケイツーギルダー,8,57.0,37.9,36.6,3.0,0.11,1,0
202505050107,2025-11-08,,東京,5,1300,ガールネクストドア,8,55.0,38.2,36.6,13.0,0.41,1,0
202505050110,2025-11-08,,東京,5,1600,ハーバーライト,1,58.0,37.6,35.1,6.0,0.5,0,0
202505050102,2025-11-08,,東京,5,1600,トランセンコ,3,52.0,38.5,35.6,13.0,0.2,1,0
202505050102,2025-11-08,,東京,5,1600,アンファール,4,55.0,38.4,35.6,11.0,0.1,1,0
202505050102,2025-11-08,,東京,5,1600,ルミテュット,5,55.0,38.0,35.6,4.0,-0.3,0,0
202505050110,2025-11-08,,東京,5,1600,モンドデラモーレ,5,57.0,37.0,35.1,4.0,-0.1,1,0
202505050110,2025-11-08,,東京,5,1600,ダニーデン,6,58.0,37.8,35.1,11.0,0.7,0,0
202505050110,2025-11-08,,東京,5,1600,ジョディーズマロン,8,58.0,36.0,35.1,8.0,-1.1,1,0
202505050109,2025-11-08,,東京,5,2100,トゥーザムーン,2,54.0,37.9,31.8,3.0,-0.33,0,0
202505050109,2025-11-08,,東京,5,2100,マーゴットゲイン,6,56.0,37.9,31.8,8.0,-0.33,1,0
202505050109,2025-11-08,,東京,5,2100,エアロソニック,7,58.0,38.9,31.8,11.0,0.67,0,0
202508040111,2025-11-08,,京都,8,1200,カズゴルティス,6,54.0,35.7,31.2,9.0,0.0,1,0
202508040107,2025-11-08,,京都,8,1400,アンリーベイビー,1,56.0,37.2,36.5,4.0,-1.22,1,0
202508040107,2025-11-08,,京都,8,1400,ミトノキャット,2,54.0,39.4,36.5,5.0,0.98,1,0
202508040109,2025-11-08,,京都,8,1400,フーコサンライズ,2,56.0,42.2,33.7,1.0,3.9,0,0
202508040107,2025-11-08,,京都,8,1400,コーリンラズベリー,3,56.0,40.0,36.5,8.0,1.58,0,0
202508040109,2025-11-08,,京都,8,1400,ブルーノート,3,58.0,37.4,33.7,12.0,-0.9,1,0
202508040109,2025-11-08,,京都,8,1400,ポートデラメール,4,55.0,37.4,33.7,2.0,-0.9,1,0
202508040109,2025-11-08,,京都,8,1400,アメリカンポリス,4,57.0,39.3,33.7,3.0,1.0,1,0
202508040109,2025-11-08,,京都,8,1400,ウルスクローム,5,57.0,37.1,33.7,12.0,-1.2,1,0
202508040109,2025-11-08,,京都,8,1400,ワイノナオミ,7,56.0,36.4,33.7,14.0,-1.9,1,0
202508040107,2025-11-08,,京都,8,1400,レイム,8,56.0,36.7,36.5,11.0,-1.72,1,0
202508040107,2025-11-08,,京都,8,1400,リトルスカーレット,8,55.0,38.8,36.5,11.0,0.38,1,0
202508040101,2025-11-08,,京都,8,1800,ビアリッツ,1,55.0,39.4,36.4,10.0,-0.93,0,0
202508040104,2025-11-08,,京都,8,1800,スギノダイナミック,2,56.0,40.9,37.0,2.0,0.67,0,0
202508040104,2025-11-08,,京都,8,1800,トシッキーセカンド,3,55.0,42.1,37.0,2.0,1.87,0,0
202508040101,2025-11-08,,京都,8,1800,ジーティービキニ,5,55.0,38.2,36.4,2.0,-2.13,0,0
202508040101,2025-11-08,,京都,8,1800,ディヴァインボンド,5,55.0,41.1,36.4,3.0,0.77,0,0
202508040104,2025-11-08,,京都,8,1800,エクストラプッシュ,5,56.0,37.7,37.0,11.0,-2.53,0,0
202508040101,2025-11-08,,京都,8,1800,ジャズホリック,7,55.0,43.0,36.4,10.0,2.67,1,0
202508040101,2025-11-08,,京都,8,1800,スマイルガーデン,8,55.0,38.8,36.4,5.0,-1.53,0,0
202508040101,2025-11-08,,京都,8,1800,ラブペイトー,8,55.0,41.5,36.4,12.0,1.17,0,0
202504040406,2025-10-26,,新潟,4,1200,タイセイピューマ,2,55.0,36.1,33.8,11.0,-1.63,1,0
202504040406,2025-10-26,,新潟,4,1200,ジャーニーメモリー,4,55.0,38.3,33.8,9.0,0.57,0,0
202504040412,2025-10-26,,新潟,4,1200,ヒメカミノイタダキ,4,58.0,37.0,33.6,9.0,-0.58,1,0
202504040406,2025-10-26,,新潟,4,1200,エコロブレス,5,54.0,39.8,33.8,2.0,2.07,1,0
202504040412,2025-10-26,,新潟,4,1200,リーサムギニー,5,55.0,37.4,33.6,7.0,-0.18,1,0
202504040412,2025-10-26,,新潟,4,1200,テンペストヒロイン,5,55.0,38.8,33.6,7.0,1.22,0,0
202504040406,2025-10-26,,新潟,4,1200,ビーコング,6,56.0,36.8,33.8,1.0,-0.93,0,0
202504040412,2025-10-26,,新潟,4,1200,ダノンモンテローザ,6,55.0,37.3,33.6,2.0,-0.28,1,0
202504040406,2025-10-26,,新潟,4,1200,ワンウェイトゥヘル,8,57.0,37.1,33.8,6.0,-0.63,1,0
202504040406,2025-10-26,,新潟,4,1200,シンガソング,8,52.0,38.3,33.8,3.0,0.57,1,0
202504040412,2025-10-26,,新潟,4,1200,クラウングスタフ,8,58.0,37.4,33.6,11.0,-0.18,1,0
202504040401,2025-10-26,,新潟,4,1800,ゼルノードゥス,1,53.0,40.3,36.8,12.0,-1.36,1,0
202504040403,2025-10-26,,新潟,4,1800,ユイノディスタンス,1,53.0,42.3,37.1,9.0,1.77,0,0
202504040403,2025-10-26,,新潟,4,1800,ビップルーク,2,53.0,40.8,37.1,10.0,0.27,1,0
202504040403,2025-10-26,,新潟,4,1800,ディアギレフ,3,55.0,41.1,37.1,6.0,0.57,0,0
202504040401,2025-10-26,,新潟,4,1800,セラサイト,4,55.0,41.8,36.8,2.0,0.14,0,0
202504040401,2025-10-26,,新潟,4,1800,キョウエイハル,4,52.0,42.6,36.8,2.0,0.94,1,0
202504040403,2025-10-26,,新潟,4,1800,カナタコナタ,6,56.0,39.0,37.1,3.0,-1.53,1,0
202504040401,2025-10-26,,新潟,4,1800,カワキタスズリノ,7,55.0,42.3,36.8,11.0,0.64,0,0
202504040408,2025-10-26,,新潟,4,1800,ラマンシュ,7,56.0,38.0,36.0,7.0,0.0,0,0
202504040401,2025-10-26,,新潟,4,1800,ルーン,8,55.0,41.3,36.8,13.0,-0.36,1,0
202504040403,2025-10-26,,新潟,4,1800,サンライズアーサー,8,56.0,39.3,37.1,3.0,-1.23,1,0
202504040403,2025-10-26,,新潟,4,1800,ディープエフェクト,8,56.0,40.7,37.1,1.0,0.17,1,0
202504040302,2025-10-25,,新潟,4,1200,マーゴットオネイロ,2,56.0,39.9,38.8,7.0,-0.27,1,0
202504040302,2025-10-25,,新潟,4,1200,ナムラリアン,2,55.0,41.3,38.8,4.0,1.13,1,0
202504040304,2025-10-25,,新潟,4,1200,デアデルマーレ,2,56.0,39.4,36.3,6.0,1.15,1,0
202504040302,2025-10-25,,新潟,4,1200,ピョイットハレルヤ,3,55.0,38.9,38.8,4.0,-1.27,0,0
202504040304,2025-10-25,,新潟,4,1200,ゴールデンチップス,3,56.0,37.1,36.3,7.0,-1.15,1,0
202504040307,2025-10-25,,新潟,4,1200,タッカー,3,57.0,38.9,35.4,5.0,0.98,0,0
202504040302,2025-10-25,,新潟,4,1200,ミュージックレイン,4,55.0,39.0,38.8,7.0,-1.17,1,0
202504040302,2025-10-25,,新潟,4,1200,ウーマンズパワー,5,55.0,38.1,38.8,2.0,-2.07,0,0
202504040302,2025-10-25,,新潟,4,1200,エイシンビリオン,5,55.0,39.1,38.8,6.0,-1.07,1,0
202504040307,2025-10-25,,新潟,4,1200,タツアレックス,5,55.0,37.4,35.4,14.0,-0.52,0,0
202504040307,2025-10-25,,新潟,4,1200,ハヌル,6,56.0,36.5,35.4,9.0,-1.42,1,0
202504040302,2025-10-25,,新潟,4,1200,ガルディーノ,7,53.0,40.3,38.8,13.0,0.13,0,0
202504040302,2025-10-25,,新潟,4,1200,ダブルチャレンジ,7,53.0,42.2,38.8,3.0,2.03,0,0
202504040302,2025-10-25,,新潟,4,1200,オアシスアラン,8,55.0,42.7,38.8,10.0,2.53,0,0
202504040307,2025-10-25,,新潟,4,1200,スピリットライズ,8,57.0,37.4,35.4,11.0,-0.52,0,0
202504040307,2025-10-25,,新潟,4,1200,ブリッツアロング,8,57.0,39.4,35.4,5.0,1.48,1,0
202504040305,2025-10-25,,新潟,4,1800,カーフキック,3,56.0,37.4,39.9,8.0,-0.97,1,0
202504040305,2025-10-25,,新潟,4,1800,ポンサン,3,55.0,39.3,39.9,6.0,0.93,1,0
202504040310,2025-10-25,,新潟,4,1800,イデアユウシン,3,58.0,39.4,34.8,8.0,1.45,1,0
202504040308,2025-10-25,,新潟,4,1800,ライヴスプーン,4,54.0,38.8,36.3,5.0,-0.5,0,0
202504040310,2025-10-25,,新潟,4,1800,ブルータス,4,56.0,36.6,34.8,10.0,-1.35,1,0
202504040308,2025-10-25,,新潟,4,1800,マハナ,5,55.0,38.5,36.3,1.0,-0.8,1,0
202504040305,2025-10-25,,新潟,4,1800,クラリネットソナタ,6,51.0,38.4,39.9,2.0,0.03,1,0
202504040308,2025-10-25,,新潟,4,1800,シュネーグロッケン,6,56.0,40.6,36.3,2.0,1.3,1,0
202504040310,2025-10-25,,新潟,4,1800,アラレタバシル,6,58.0,36.4,34.8,5.0,-1.55,1,0
202504040310,2025-10-25,,新潟,4,1800,ラオラシオン,8,58.0,39.4,34.8,7.0,1.45,0,0
202505040807,2025-10-25,,東京,5,1400,キカオクベシ,1,52.0,36.1,33.4,15.0,-0.42,1,0
202505040812,2025-10-25,,東京,5,1400,マサノユニコーン,2,56.0,35.6,36.4,2.0,-0.43,1,0
202505040804,2025-10-25,,東京,5,1400,ハピナスター,3,56.0,37.4,38.5,10.0,-0.67,1,0
202505040807,2025-10-25,,東京,5,1400,アイスブレイカー,3,58.0,36.2,33.4,10.0,-0.32,1,0
202505040807,2025-10-25,,東京,5,1400,ジーティーエンジン,3,53.0,37.5,33.4,13.0,0.98,1,0
202505040804,2025-10-25,,東京,5,1400,アイクルムズ,4,55.0,38.6,38.5,12.0,0.53,0,0
202505040807,2025-10-25,,東京,5,1400,ゼンカイパイロ,4,58.0,36.0,33.4,6.0,-0.52,0,0
202505040812,2025-10-25,,東京,5,1400,バイファーザベスト,4,58.0,36.8,36.4,3.0,0.77,1,0
202505040812,2025-10-25,,東京,5,1400,レヴィテーション,7,56.0,35.7,36.4,12.0,-0.33,1,0
202505040804,2025-10-25,,東京,5,1400,サリーアン,8,56.0,38.2,38.5,10.0,0.13,1,0
202505040807,2025-10-25,,東京,5,1400,マクミランテソーロ,8,58.0,36.8,33.4,2.0,0.28,1,0
202505040801,2025-10-25,,東京,5,1600,セイウンリメンバー,2,54.0,37.3,36.2,1.0,-0.95,0,0
202505040810,2025-10-25,,東京,5,1600,ベンヌ,2,55.0,36.5,33.8,1.0,0.0,0,0
202505040801,2025-10-25,,東京,5,1600,ゴットタレント,3,56.0,37.3,36.2,3.0,-0.95,1,0
202505040801,2025-10-25,,東京,5,1600,ファイヤサラマンダ,3,56.0,37.5,36.2,10.0,-0.75,1,0
202505040806,2025-10-25,,東京,5,1600,マクリール,3,56.0,36.4,37.3,4.0,-1.37,0,0
202505040801,2025-10-25,,東京,5,1600,キタノリスクミー,5,55.0,37.7,36.2,11.0,-0.55,1,0
202505040806,2025-10-25,,東京,5,1600,ラットバラット,5,56.0,38.7,37.3,8.0,0.93,1,0
202505040801,2025-10-25,,東京,5,1600,シスターブラック,6,52.0,40.6,36.2,11.0,2.35,0,0
202505040801,2025-10-25,,東京,5,1600,カンタベリービーム,8,56.0,39.1,36.2,14.0,0.85,0,0
202505040806,2025-10-25,,東京,5,1600,ムーンブランシュ,8,55.0,38.2,37.3,13.0,0.43,1,0
202508030806,2025-10-25,,京都,8,1400,ウインジャスミン,1,55.0,39.4,36.0,16.0,-0.43,1,0
202508030801,2025-10-25,,京都,8,1400,サクライロマウコロ,4,55.0,39.7,33.0,14.0,-1.6,0,0
202508030801,2025-10-25,,京都,8,1400,メイワキラリ,4,56.0,42.9,33.0,9.0,1.6,0,0
202508030806,2025-10-25,,京都,8,1400,スノーガーネット,4,55.0,40.0,36.0,1.0,0.17,1,0
202508030806,2025-10-25,,京都,8,1400,タイセイパフューム,8,55.0,40.1,36.0,14.0,0.27,0,0
202508030802,2025-10-25,,京都,8,1800,タガノニューデリー,2,53.0,42.4,35.9,1.0,2.23,0,0
202508030807,2025-10-25,,京都,8,1800,サンダーユニバンス,3,58.0,41.3,35.2,2.0,1.43,0,0
202508030802,2025-10-25,,京都,8,1800,ファインマン,6,56.0,40.5,35.9,10.0,0.33,0,0
202508030807,2025-10-25,,京都,8,1800,リアルペガサス,6,58.0,38.6,35.2,10.0,-1.27,1,0
202508030807,2025-10-25,,京都,8,1800,ミライエイゴウ,7,53.0,39.7,35.2,2.0,-0.17,1,0
202508030802,2025-10-25,,京都,8,1800,サンライズケヴィン,8,56.0,37.6,35.9,4.0,-2.57,1,0
202508030809,2025-10-25,,京都,8,1900,キャリーハピネス,2,58.0,38.1,33.4,16.0,-0.4,0,0
202508030809,2025-10-25,,京都,8,1900,セレクティオ,2,58.0,39.0,33.4,15.0,0.5,1,0
202508030809,2025-10-25,,京都,8,1900,ソウルアンドジャズ,5,58.0,38.6,33.4,2.0,0.1,0,0
202508030809,2025-10-25,,京都,8,1900,ハッピーアズラリー,5,56.0,38.1,33.4,10.0,-0.4,1,0
202508030809,2025-10-25,,京都,8,1900,ノボリクレバー,6,56.0,38.7,33.4,3.0,0.2,1,0
202508030804,2025-10-25,,京都,8,3170,ウイングランブルー,1,60.0,13.9,41.5,1.0,-0.05,0,0
202508030804,2025-10-25,,京都,8,3170,サルサロッサ,2,58.0,14.0,41.5,7.0,0.05,0,0
202504040202,2025-10-19,,新潟,4,1200,アドバンスモダン,1,53.0,38.7,35.5,14.0,0.83,0,0
202504040202,2025-10-19,,新潟,4,1200,ラムールデュヴォン,2,56.0,37.6,35.5,7.0,-0.27,0,0
202504040212,2025-10-19,,新潟,4,1200,ブリングライト,2,58.0,35.2,34.7,14.0,-1.45,1,0
202504040204,2025-10-19,,新潟,4,1200,メイショウドライブ,3,53.0,37.9,35.4,3.0,0.37,1,0
202504040204,2025-10-19,,新潟,4,1200,ハニーローリエ,6,53.0,37.6,35.4,1.0,0.07,1,0
202504040212,2025-10-19,,新潟,4,1200,ジロラータ,6,54.0,37.7,34.7,13.0,1.05,0,0
202504040202,2025-10-19,,新潟,4,1200,ドナシェーン,7,55.0,36.9,35.5,5.0,-0.98,0,0
202504040204,2025-10-19,,新潟,4,1200,アイアンソリッド,7,55.0,37.1,35.4,5.0,-0.43,1,0
202504040202,2025-10-19,,新潟,4,1200,オスロクィーン,8,53.0,38.3,35.5,11.0,0.42,1,0
202504040212,2025-10-19,,新潟,4,1200,キーガッツ,8,57.0,36.6,34.7,2.0,-0.05,0,0
202504040212,2025-10-19,,新潟,4,1200,クリノミニスター,8,55.0,37.1,34.7,4.0,0.45,1,0
202504040206,2025-10-19,,新潟,4,1800,ヴァイオパイシーズ,1,54.0,43.7,37.2,14.0,3.63,0,0
202504040206,2025-10-19,,新潟,4,1800,チュウワダイオウ,5,56.0,38.0,37.2,9.0,-2.07,1,0
202504040206,2025-10-19,,新潟,4,1800,エイシンマールス,6,52.0,38.5,37.2,3.0,-1.57,0,0
202504040208,2025-10-19,,新潟,4,2500,ジーティーアグリム,3,56.0,41.4,36.1,13.0,0.12,0,0
202504040208,2025-10-19,,新潟,4,2500,レグロスヴァーグ,3,58.0,45.4,36.1,4.0,4.12,0,0
202504040208,2025-10-19,,新潟,4,2500,ピスタ,4,51.0,40.8,36.1,13.0,-0.48,0,0
202504040208,2025-10-19,,新潟,4,2500,ジェンマ,4,58.0,42.6,36.1,15.0,1.32,0,0
202504040208,2025-10-19,,新潟,4,2500,ディアスポラ,5,58.0,39.3,36.1,9.0,-1.98,1,0
202504040208,2025-10-19,,新潟,4,2500,シーリュウシー,8,55.0,38.2,36.1,11.0,-3.08,0,0
202505040708,2025-10-19,,東京,5,1400,レミギノテソーロ,2,56.0,39.6,36.8,2.0,1.75,0,0
202505040701,2025-10-19,,東京,5,1400,マイネルテオドロス,4,56.0,38.1,40.3,4.0,-0.62,1,0
202505040701,2025-10-19,,東京,5,1400,ウルヴァリン,4,56.0,39.1,40.3,9.0,0.38,0,0
202505040701,2025-10-19,,東京,5,1400,ヌクレオチド,6,56.0,38.6,40.3,6.0,-0.12,1,0
202505040701,2025-10-19,,東京,5,1400,アージェンタイド,6,56.0,39.1,40.3,10.0,0.38,1,0
202505040708,2025-10-19,,東京,5,1400,リッキースタイル,7,56.0,36.1,36.8,11.0,-1.75,1,0
202505040710,2025-10-19,,東京,5,1600,ハリウッドブルース,1,58.0,36.0,40.8,10.0,-0.47,1,0
202505040704,2025-10-19,,東京,5,1600,エコロガノン,2,56.0,36.7,36.9,3.0,-1.47,1,0
202505040710,2025-10-19,,東京,5,1600,レッドダンルース,4,58.0,36.8,40.8,2.0,0.33,1,0
202505040704,2025-10-19,,東京,5,1600,モータリゼーション,5,56.0,37.9,36.9,14.0,-0.27,0,0
202505040704,2025-10-19,,東京,5,1600,マイネルメテオーラ,7,53.0,39.9,36.9,9.0,1.73,1,0
202505040710,2025-10-19,,東京,5,1600,サイモンソーラン,7,58.0,36.6,40.8,12.0,0.13,1,0
202505040711,2025-10-19,,東京,5,2100,サトノエピック,1,56.0,42.3,30.8,2.0,2.52,0,0
202505040711,2025-10-19,,東京,5,2100,サンストックトン,5,55.0,40.5,30.8,8.0,0.72,0,0
202505040711,2025-10-19,,東京,5,2100,ブレイクフォース,7,57.5,37.0,30.8,10.0,-2.78,1,0
202505040711,2025-10-19,,東京,5,2100,ピュアキアン,7,57.0,39.3,30.8,1.0,-0.48,0,0
202505040711,2025-10-19,,東京,5,2100,カゼノランナー,8,56.0,39.8,30.8,2.0,0.02,0,0
202508030707,2025-10-19,,京都,8,1200,ワールドシリーズ,3,58.0,36.3,34.9,10.0,-0.7,1,0
202508030707,2025-10-19,,京都,8,1200,ミトノキャット,5,55.0,38.5,34.9,4.0,1.5,1,0
202508030707,2025-10-19,,京都,8,1200,ジャスパーソレイユ,8,57.0,36.2,34.9,3.0,-0.8,1,0
202508030701,2025-10-19,,京都,8,1400,サリー,2,55.0,40.1,35.4,9.0,-2.1,1,0
202508030710,2025-10-19,,京都,8,1400,タマモダイジョッキ,2,56.0,35.8,36.2,7.0,0.15,1,0
202508030701,2025-10-19,,京都,8,1400,ベルフィーノ,4,55.0,43.6,35.4,9.0,1.4,0,0
202508030710,2025-10-19,,京都,8,1400,エストレヤデベレン,5,57.0,35.5,36.2,2.0,-0.15,1,0
202508030701,2025-10-19,,京都,8,1400,スイーヴル,7,55.0,42.9,35.4,7.0,0.7,0,0
202508030706,2025-10-19,,京都,8,1800,メイショウマジック,3,58.0,37.7,36.7,8.0,-0.63,1,0
202508030712,2025-10-19,,京都,8,1800,ポッドフォルク,3,56.0,38.4,33.4,2.0,0.13,1,0
202508030712,2025-10-19,,京都,8,1800,ストップヤーニング,3,56.0,37.9,33.4,9.0,-0.37,1,0
202508030706,2025-10-19,,京都,8,1800,キタノサワヤカ,4,56.0,39.4,36.7,11.0,1.07,0,0
202508030706,2025-10-19,,京都,8,1800,サルタール,6,56.0,37.9,36.7,2.0,-0.43,1,0
202508030712,2025-10-19,,京都,8,1800,アリエスキング,6,58.0,38.5,33.4,11.0,0.23,1,0
202504040105,2025-10-18,,新潟,4,1200,コブラツイスト,1,54.0,36.2,36.7,13.0,-1.42,1,0
202504040110,2025-10-18,,新潟,4,1200,イナフセド,1,58.0,39.2,34.5,8.0,1.4,1,0
202504040105,2025-10-18,,新潟,4,1200,ローズライズ,2,55.0,38.4,36.7,14.0,0.77,1,0
202504040105,2025-10-18,,新潟,4,1200,アルサック,3,55.0,38.1,36.7,1.0,0.48,1,0
202504040108,2025-10-18,,新潟,4,1200,メイショウハボマイ,3,56.0,38.5,35.6,12.0,-0.07,1,0
202504040108,2025-10-18,,新潟,4,1200,アイファーリーベン,4,53.0,39.0,35.6,14.0,0.43,0,0
202504040105,2025-10-18,,新潟,4,1200,シンシア,6,55.0,37.8,36.7,9.0,0.17,1,0
202504040108,2025-10-18,,新潟,4,1200,ディニトーソ,6,55.0,38.2,35.6,7.0,-0.37,1,0
202504040110,2025-10-18,,新潟,4,1200,ミスエル,7,58.0,36.4,34.5,12.0,-1.4,1,0
202504040104,2025-10-18,,新潟,4,1800,オウケンヴィーナス,1,56.0,39.2,36.2,11.0,0.0,0,0
202504040102,2025-10-18,,新潟,4,1800,アドフランマム,2,55.0,40.7,37.0,2.0,0.16,1,0
202504040106,2025-10-18,,新潟,4,1800,トクシージェネラル,2,54.0,41.3,34.7,3.0,0.98,0,0
202504040102,2025-10-18,,新潟,4,1800,ティンバーライン,3,56.0,39.2,37.0,10.0,-1.34,1,0
202504040106,2025-10-18,,新潟,4,1800,チェイスザウィンド,3,58.0,38.6,34.7,15.0,-1.72,1,0
202504040102,2025-10-18,,新潟,4,1800,マリブ,4,53.0,40.9,37.0,10.0,0.36,0,0
202504040102,2025-10-18,,新潟,4,1800,タガノアイゼン,4,56.0,41.8,37.0,14.0,1.26,0,0
202504040106,2025-10-18,,新潟,4,1800,ブルーゴールド,4,58.0,37.7,34.7,12.0,-2.62,0,0
202504040106,2025-10-18,,新潟,4,1800,スマートクラビ,5,56.0,41.5,34.7,8.0,1.18,0,0
202504040102,2025-10-18,,新潟,4,1800,ウルトラハート,6,56.0,39.3,37.0,2.0,-1.24,0,0
202504040102,2025-10-18,,新潟,4,1800,マツリダシリウス,6,56.0,39.6,37.0,6.0,-0.94,1,0
202504040102,2025-10-18,,新潟,4,1800,テンバコウクウ,8,56.0,42.3,37.0,12.0,1.76,1,0
202504040106,2025-10-18,,新潟,4,1800,イスタンテ,8,58.0,42.5,34.7,11.0,2.18,0,0
202505040602,2025-10-18,,東京,5,1400,コパノセビリア,1,55.0,40.0,36.8,7.0,1.7,1,0
202505040602,2025-10-18,,東京,5,1400,セントリアン,2,52.0,37.5,36.8,3.0,-0.8,0,0
202505040612,2025-10-18,,東京,5,1400,グランオルカ,2,58.0,39.8,36.2,5.0,1.92,0,0
202505040602,2025-10-18,,東京,5,1400,ラヴィングリー,4,53.0,37.4,36.8,5.0,-0.9,1,0
202505040612,2025-10-18,,東京,5,1400,クレイヴィンオナー,4,58.0,37.4,36.2,14.0,-0.48,0,0
202505040612,2025-10-18,,東京,5,1400,ダイシンリンク,5,56.0,36.4,36.2,9.0,-1.48,1,0
202505040612,2025-10-18,,東京,5,1400,トルーマンテソーロ,6,58.0,38.1,36.2,2.0,0.22,1,0
202505040612,2025-10-18,,東京,5,1400,ハリケーンリッジ,7,56.0,37.7,36.2,12.0,-0.18,1,0
202505040601,2025-10-18,,東京,5,1600,サイモフェーン,1,56.0,37.6,35.9,6.0,-0.05,0,0
202505040606,2025-10-18,,東京,5,1600,リカード,1,54.0,39.2,35.7,7.0,0.73,0,0
202505040606,2025-10-18,,東京,5,1600,プロピエダッド,3,54.0,38.1,35.7,10.0,-0.37,1,0
202505040606,2025-10-18,,東京,5,1600,グレイルクエスト,4,56.0,38.1,35.7,3.0,-0.37,1,0
202505040601,2025-10-18,,東京,5,1600,キタイノホシ,5,54.0,37.7,35.9,10.0,0.05,1,0
202505040610,2025-10-18,,東京,5,2100,ジャスパーグレイト,3,58.0,37.6,36.7,3.0,0.45,1,0
202505040610,2025-10-18,,東京,5,2100,レッドプロフェシー,5,58.0,36.7,36.7,5.0,-0.45,1,0
202508030606,2025-10-18,,京都,8,1400,プルメリアリノ,3,52.0,37.2,36.8,6.0,-2.03,1,0
202508030609,2025-10-18,,京都,8,1400,ブリーズオンチーク,3,56.0,37.5,34.4,8.0,-0.62,1,0
202508030606,2025-10-18,,京都,8,1400,ジャズホリック,4,55.0,39.0,36.8,6.0,-0.23,1,0
202508030608,2025-10-18,,京都,8,1400,キーンセンス,4,56.0,37.2,36.0,2.0,0.0,1,0
202508030609,2025-10-18,,京都,8,1400,ラヴオントップ,4,56.0,38.3,34.4,10.0,0.17,1,0
202508030606,2025-10-18,,京都,8,1400,フェーヴルブラン,5,56.0,40.3,36.8,10.0,1.07,0,0
202508030609,2025-10-18,,京都,8,1400,ジューンポンポン,5,56.0,36.3,34.4,12.0,-1.83,0,0
202508030606,2025-10-18,,京都,8,1400,テイエムカミカゼ,6,55.0,37.8,36.8,14.0,-1.43,1,0
202508030609,2025-10-18,,京都,8,1400,ディクレアブルーム,6,53.0,40.4,34.4,2.0,2.27,0,0
202508030606,2025-10-18,,京都,8,1400,ヤングジャガー,7,56.0,42.2,36.8,3.0,2.97,0,0
202508030606,2025-10-18,,京都,8,1400,ラブペイトー,8,52.0,38.9,36.8,14.0,-0.33,0,0
202508030602,2025-10-18,,京都,8,1800,サマーマッドネス,3,56.0,39.6,35.7,2.0,-0.13,0,0
202508030602,2025-10-18,,京都,8,1800,タガノニューデリー,7,53.0,38.5,35.7,10.0,-1.23,1,0
202508030602,2025-10-18,,京都,8,1800,カフジクロミエ,8,52.0,41.1,35.7,3.0,1.37,0,0
202508030604,2025-10-18,,京都,8,2910,スマラグドス,2,60.0,13.8,41.0,7.0,0.06,1,0
202508030604,2025-10-18,,京都,8,2910,セイフウサツキ,4,58.0,13.7,41.0,6.0,-0.04,0,0
202508030604,2025-10-18,,京都,8,2910,ゲインサポート,6,60.0,13.7,41.0,5.0,-0.04,1,0
202508030604,2025-10-18,,京都,8,2910,ランスオブサターン,6,58.0,13.8,41.0,8.0,0.06,1,0
202508030604,2025-10-18,,京都,8,2910,カイコウ,7,60.0,13.7,41.0,2.0,-0.04,0,0
202505040512,2025-10-13,,東京,5,1300,ハッピーサプライズ,1,58.0,38.7,39.3,6.0,0.48,0,0
202505040512,2025-10-13,,東京,5,1300,バルサミコ,2,53.0,38.3,39.3,2.0,0.08,1,0
202505040512,2025-10-13,,東京,5,1300,キミハスコール,3,58.0,35.8,39.3,11.0,-2.42,1,0
202505040512,2025-10-13,,東京,5,1300,ヴェレノージ,4,56.0,39.2,39.3,11.0,0.98,1,0
202505040512,2025-10-13,,東京,5,1300,ウインアリス,6,56.0,38.2,39.3,3.0,-0.02,1,0
202505040512,2025-10-13,,東京,5,1300,ジャーニーメモリー,6,55.0,39.1,39.3,9.0,0.88,0,0
202505040502,2025-10-13,,東京,5,1400,アイアンブランド,3,55.0,41.9,40.3,5.0,1.9,0,0
202505040502,2025-10-13,,東京,5,1400,エコロバロン,5,56.0,39.0,40.3,4.0,-1.0,1,0
202505040502,2025-10-13,,東京,5,1400,ベアアッコチャン,7,55.0,39.1,40.3,12.0,-0.9,0,0
202505040501,2025-10-13,,東京,5,1600,クイーンズホリデー,2,55.0,41.5,34.9,5.0,-1.35,1,0
202505040508,2025-10-13,,東京,5,1600,ショーリバース,2,56.0,36.4,37.4,1.0,-1.15,1,0
202505040501,2025-10-13,,東京,5,1600,ソーマッチ,4,52.0,41.3,34.9,13.0,-1.55,0,0
202505040508,2025-10-13,,東京,5,1600,アルデトップガン,5,56.0,37.1,37.4,2.0,-0.45,1,0
202505040501,2025-10-13,,東京,5,1600,ロココ,6,55.0,40.5,34.9,6.0,-2.35,0,0
202505040501,2025-10-13,,東京,5,1600,ニシノガランテ,6,55.0,48.1,34.9,2.0,5.25,0,0
202505040508,2025-10-13,,東京,5,1600,リネンタイリン,6,56.0,39.2,37.4,5.0,1.65,0,0
202505040508,2025-10-13,,東京,5,1600,トップマジシャン,7,56.0,37.5,37.4,7.0,-0.05,0,0
202505040507,2025-10-13,,東京,5,2100,ネイサン,2,55.0,42.8,39.5,6.0,0.8,0,0
202505040507,2025-10-13,,東京,5,2100,フォレストゲート,3,58.0,41.2,39.5,11.0,-0.8,0,0
202505040504,2025-10-13,,東京,5,3000,ボエーム,3,57.0,14.0,40.5,13.0,0.26,1,0
202505040504,2025-10-13,,東京,5,3000,テーオーリカード,4,60.0,13.5,40.5,1.0,-0.24,1,0
202505040504,2025-10-13,,東京,5,3000,ワカムシャ,7,58.0,13.6,40.5,6.0,-0.14,1,0
202505040504,2025-10-13,,東京,5,3000,サンライズウェーヴ,8,60.0,13.7,40.5,5.0,-0.04,1,0
202505040504,2025-10-13,,東京,5,3000,ニシノリアリティ,8,60.0,13.9,40.5,7.0,0.16,1,0
202508030501,2025-10-13,,京都,8,1400,ケンフィールド,2,56.0,38.9,33.5,6.0,-0.2,1,0
202508030501,2025-10-13,,京都,8,1400,ナンテヒダ,3,53.0,38.6,33.5,8.0,-0.5,1,0
202508030501,2025-10-13,,京都,8,1400,ネメス,5,56.0,39.8,33.5,1.0,0.7,0,0
202508030507,2025-10-13,,京都,8,1400,ゴーオンパーパス,5,54.0,38.7,32.7,5.0,0.67,1,0
202508030507,2025-10-13,,京都,8,1400,ルルフィーユ,6,53.0,37.3,32.7,15.0,-0.73,1,0
202508030507,2025-10-13,,京都,8,1400,ルクスデイジー,7,52.0,38.1,32.7,2.0,0.07,1,0
202508030504,2025-10-13,,京都,8,1800,アリストクラシア,1,56.0,38.0,40.0,8.0,-0.2,0,0
202508030509,2025-10-13,,京都,8,1800,セイウンガレオン,2,58.0,38.4,35.6,10.0,0.0,1,0
202508030504,2025-10-13,,京都,8,1800,シゲルオトヒメ,5,54.0,37.7,40.0,12.0,-0.5,1,0
202508030504,2025-10-13,,京都,8,1800,リノアラ,6,56.0,38.9,40.0,12.0,0.7,0,0
202508030508,2025-10-13,,京都,8,1900,エイシンアニーモ,2,54.0,42.4,33.4,8.0,1.05,0,0
202508030508,2025-10-13,,京都,8,1900,ココデイック,8,56.0,40.3,33.4,10.0,-1.05,0,0
202505040404,2025-10-12,,東京,5,1300,アクロスメモリア,1,55.0,36.4,35.9,14.0,-1.83,1,0
202505040412,2025-10-12,,東京,5,1300,プレイテシア,2,56.0,37.8,31.8,4.0,0.35,1,0
202505040404,2025-10-12,,東京,5,1300,ニューカワイイ,5,52.0,38.2,35.9,9.0,-0.03,1,0
202505040412,2025-10-12,,東京,5,1300,エイプリルインパリ,6,55.0,37.1,31.8,2.0,-0.35,1,0
202505040404,2025-10-12,,東京,5,1300,トリアングルレディ,8,52.0,40.1,35.9,4.0,1.87,0,0
202505040406,2025-10-12,,東京,5,1400,テンホワイトラブ,1,56.0,37.7,37.0,9.0,0.0,1,0
202505040410,2025-10-12,,東京,5,1400,タイセイレスポンス,4,58.0,36.7,37.8,5.0,0.03,1,0
202505040406,2025-10-12,,東京,5,1400,グレイスカリヨン,6,56.0,36.8,37.0,11.0,-0.9,1,0
202505040410,2025-10-12,,東京,5,1400,スティールブルー,6,56.0,36.8,37.8,12.0,0.13,1,0
202505040410,2025-10-12,,東京,5,1400,スマイルアップ,7,56.0,36.5,37.8,9.0,-0.17,1,0
202505040406,2025-10-12,,東京,5,1400,シンガソング,8,54.0,38.6,37.0,2.0,0.9,1,0
202505040401,2025-10-12,,東京,5,1600,ミラクルカイザー,4,56.0,39.5,37.5,15.0,0.53,0,0
202505040401,2025-10-12,,東京,5,1600,ヴァルボナ,6,56.0,39.0,37.5,2.0,0.03,0,0
202505040401,2025-10-12,,東京,5,1600,パワポケウォーズ,6,53.0,38.4,37.5,9.0,-0.57,1,0
202505040407,2025-10-12,,東京,5,1600,ジェシーテソーロ,6,56.0,36.8,36.5,2.0,-0.25,1,0
202505040407,2025-10-12,,東京,5,1600,スクレイピング,7,56.0,37.3,36.5,16.0,0.25,0,0
202508030409,2025-10-12,,京都,8,1200,ストームバンガード,2,58.0,35.9,30.9,14.0,0.14,1,0
202508030409,2025-10-12,,京都,8,1200,サンガネーブ,3,58.0,36.3,30.9,9.0,0.54,0,0
202508030409,2025-10-12,,京都,8,1200,アスタールフナ,5,55.0,35.7,30.9,2.0,-0.06,1,0
202508030409,2025-10-12,,京都,8,1200,ランウインディ,7,56.0,35.9,30.9,4.0,0.14,1,0
202508030409,2025-10-12,,京都,8,1200,ウルスクローム,8,57.0,35.0,30.9,7.0,-0.76,1,0
202508030401,2025-10-12,,京都,8,1400,サウンドプリモ,2,55.0,40.1,36.9,10.0,-0.25,1,0
202508030401,2025-10-12,,京都,8,1400,タマモヒロイン,5,52.0,38.9,36.9,12.0,-1.45,0,0
202508030401,2025-10-12,,京都,8,1400,サンタクローチェ,5,55.0,42.0,36.9,2.0,1.65,0,0
202508030401,2025-10-12,,京都,8,1400,ツーエムボヌール,8,54.0,40.4,36.9,2.0,0.05,1,0
202508030408,2025-10-12,,京都,8,1800,オーケーカルメン,1,56.0,38.1,35.3,2.0,0.63,1,0
202508030406,2025-10-12,,京都,8,1800,リフラ,2,56.0,39.6,37.2,9.0,-1.67,0,0
202508030402,2025-10-12,,京都,8,1800,マクローリン,3,52.0,40.2,37.6,7.0,1.25,0,0
202508030402,2025-10-12,,京都,8,1800,ロードステラート,5,56.0,39.2,37.6,5.0,0.25,1,0
202508030408,2025-10-12,,京都,8,1800,オーケアニス,5,54.0,37.9,35.3,3.0,0.43,1,0
202508030402,2025-10-12,,京都,8,1800,ジーティースティア,6,56.0,38.6,37.6,5.0,-0.35,0,0
202508030406,2025-10-12,,京都,8,1800,ゴールデンバランス,6,56.0,43.0,37.2,14.0,1.73,0,0
202508030402,2025-10-12,,京都,8,1800,ヴィエントデコラ,7,56.0,37.8,37.6,2.0,-1.15,1,0
202508030408,2025-10-12,,京都,8,1800,ウィンターダフネ,7,53.0,36.4,35.3,12.0,-1.07,0,0
202508030406,2025-10-12,,京都,8,1800,コラカオ,8,56.0,41.2,37.2,12.0,-0.07,1,0
202508030404,2025-10-12,,京都,8,2910,フォーディアライフ,5,60.0,13.7,41.0,2.0,-0.12,0,0
202508030404,2025-10-12,,京都,8,2910,スズノイナズマ,6,60.0,13.9,41.0,8.0,0.08,1,0
202508030404,2025-10-12,,京都,8,2910,ストラクチャー,7,60.0,13.8,41.0,9.0,-0.02,0,0
202508030404,2025-10-12,,京都,8,2910,シルバースペード,7,60.0,13.9,41.0,6.0,0.08,0,0
202505040302,2025-10-11,,東京,5,1300,フロリスタン,2,55.0,40.1,37.6,9.0,0.98,1,0
202505040302,2025-10-11,,東京,5,1300,コパノカーター,3,56.0,39.0,37.6,7.0,-0.12,1,0
202505040302,2025-10-11,,東京,5,1300,サトミノアカリ,5,52.0,38.9,37.6,3.0,-0.22,1,0
202505040302,2025-10-11,,東京,5,1300,ビップムーラン,6,55.0,38.5,37.6,1.0,-0.62,0,0
202505040302,2025-10-11,,東京,5,1300,カンタベリービーム,6,56.0,39.1,37.6,14.0,-0.02,1,0
202505040304,2025-10-11,,東京,5,1400,ルクソンライト,1,56.0,39.0,34.8,2.0,0.08,0,0
202505040304,2025-10-11,,東京,5,1400,ポッドシャンク,1,56.0,38.9,34.8,7.0,-0.02,1,0
202505040312,2025-10-11,,東京,5,1400,トニケンサンバ,4,56.0,37.4,35.7,5.0,-0.3,0,0
202505040304,2025-10-11,,東京,5,1400,カーリキュー,5,55.0,37.8,34.8,2.0,-1.12,0,0
202505040304,2025-10-11,,東京,5,1400,ネオアカジョウ,6,56.0,41.8,34.8,4.0,2.88,0,0
202505040312,2025-10-11,,東京,5,1400,リアルショット,6,56.0,38.0,35.7,9.0,0.3,1,0
202505040304,2025-10-11,,東京,5,1400,アイアンナックル,8,53.0,37.1,34.8,13.0,-1.82,1,0
202505040306,2025-10-11,,東京,5,1600,タイセイギガース,1,56.0,42.8,37.8,9.0,1.44,0,0
202505040308,2025-10-11,,東京,5,1600,カーラデマドレ,1,54.0,38.2,35.8,2.0,-2.1,1,0
202505040308,2025-10-11,,東京,5,1600,ラルガメンテ,3,54.0,40.7,35.8,4.0,0.4,0,0
202505040306,2025-10-11,,東京,5,1600,ロードストラダーレ,5,56.0,41.7,37.8,2.0,0.34,0,0
202505040306,2025-10-11,,東京,5,1600,ノーブルティアラ,5,55.0,43.0,37.8,1.0,1.64,0,0
202505040308,2025-10-11,,東京,5,1600,メリーサウンド,5,54.0,42.0,35.8,4.0,1.7,0,0
202505040306,2025-10-11,,東京,5,1600,トモジャユニベール,6,53.0,39.1,37.8,14.0,-2.26,1,0
202505040306,2025-10-11,,東京,5,1600,スウィートラキ,8,53.0,40.2,37.8,9.0,-1.16,1,0
202505040310,2025-10-11,,東京,5,2100,カムランベイ,2,58.0,39.0,35.3,9.0,0.2,1,0
202505040310,2025-10-11,,東京,5,2100,キョウキランブ,3,56.0,38.0,35.3,1.0,-0.8,0,0
202505040310,2025-10-11,,東京,5,2100,トクシースタローン,4,58.0,37.4,35.3,14.0,-1.4,1,0
202505040310,2025-10-11,,東京,5,2100,シゲルカミカゼ,6,58.0,40.8,35.3,3.0,2.0,1,0
202508030306,2025-10-11,,京都,8,1200,サクライロマウコロ,1,55.0,36.8,38.6,11.0,-1.82,0,0
202508030301,2025-10-11,,京都,8,1200,サンリナリア,2,55.0,37.7,39.3,8.0,-0.53,1,0
202508030306,2025-10-11,,京都,8,1200,ライクシュガー,2,55.0,40.5,38.6,6.0,1.88,0,0
202508030301,2025-10-11,,京都,8,1200,テーオーエリーナ,3,52.0,39.0,39.3,14.0,0.77,0,0
202508030306,2025-10-11,,京都,8,1200,スラッシュ,3,56.0,38.4,38.6,9.0,-0.22,0,0
202508030306,2025-10-11,,京都,8,1200,チョウギャル,6,55.0,41.1,38.6,10.0,2.48,0,0
202508030306,2025-10-11,,京都,8,1200,クロカミジョウ,7,55.0,38.4,38.6,3.0,-0.22,1,0
202508030301,2025-10-11,,京都,8,1200,テリオスヒナ,8,52.0,38.0,39.3,4.0,-0.23,1,0
202508030306,2025-10-11,,京都,8,1200,タイニーワンダー,8,55.0,36.5,38.6,5.0,-2.12,1,0
202508030312,2025-10-11,,京都,8,1400,ガウラスパーク,2,58.0,40.6,34.3,1.0,1.02,0,0
202508030312,2025-10-11,,京都,8,1400,ピカリ,2,56.0,41.4,34.3,3.0,1.82,1,0
202508030312,2025-10-11,,京都,8,1400,ゼットスパンキー,3,58.0,37.0,34.3,12.0,-2.58,1,0
202508030312,2025-10-11,,京都,8,1400,クロユキ,5,54.0,40.7,34.3,10.0,1.12,0,0
202508030312,2025-10-11,,京都,8,1400,テイオームサシ,7,56.0,38.2,34.3,9.0,-1.38,1,0
202508030309,2025-10-11,,京都,8,1800,サンダーユニバンス,1,58.0,38.3,36.4,2.0,0.65,0,0
202508030309,2025-10-11,,京都,8,1800,ドラゴン,7,56.0,37.0,36.4,3.0,-0.65,1,0
202508030311,2025-10-11,,京都,8,1900,スマートリアファル,2,55.0,39.8,34.2,12.0,0.0,0,0
202508030304,2025-10-11,,京都,8,3170,テイエムエメラルド,1,58.0,13.7,41.0,5.0,-0.03,0,0
202508030304,2025-10-11,,京都,8,3170,ヘザルフェン,6,61.0,13.7,41.0,1.0,-0.03,0,0
202508030304,2025-10-11,,京都,8,3170,ワールドスケール,8,61.0,13.8,41.0,8.0,0.07,1,0
202505040201,2025-10-05,,東京,5,1400,コパノエイダン,1,56.0,39.8,37.0,10.0,0.38,0,0
202505040201,2025-10-05,,東京,5,1400,ホワイトナイル,2,56.0,42.1,37.0,6.0,2.68,0,0
202505040201,2025-10-05,,東京,5,1400,ドナシェーン,3,55.0,38.3,37.0,3.0,-1.12,1,0
202505040201,2025-10-05,,東京,5,1400,カセノアステリア,4,55.0,37.5,37.0,7.0,-1.92,0,0
202505040206,2025-10-05,,東京,5,1600,グラスハーティー,1,55.0,35.8,37.0,11.0,-2.98,1,0
202505040206,2025-10-05,,東京,5,1600,トウシンライオット,1,56.0,39.7,37.0,3.0,0.93,1,0
202505040212,2025-10-05,,東京,5,1600,スマートスピア,1,58.0,36.2,34.4,8.0,-1.08,1,0
202505040212,2025-10-05,,東京,5,1600,アージェント,1,58.0,38.3,34.4,10.0,1.02,0,0
202505040206,2025-10-05,,東京,5,1600,アースジャッジ,2,56.0,40.3,37.0,13.0,1.52,0,0
202505040212,2025-10-05,,東京,5,1600,ロミオボス,2,58.0,36.5,34.4,16.0,-0.78,1,0
202505040206,2025-10-05,,東京,5,1600,ガーディアンテイル,3,56.0,37.1,37.0,7.0,-1.67,0,0
202505040206,2025-10-05,,東京,5,1600,ライブリピュア,3,52.0,37.9,37.0,12.0,-0.88,0,0
202505040212,2025-10-05,,東京,5,1600,サラサハウプリティ,3,53.0,38.2,34.4,4.0,0.92,1,0
202505040210,2025-10-05,,東京,5,1600,フルオール,4,58.0,36.7,36.8,8.0,0.0,1,0
202505040206,2025-10-05,,東京,5,1600,マーガレットクレア,5,55.0,37.4,37.0,9.0,-1.38,1,0
202505040206,2025-10-05,,東京,5,1600,レガーメ,6,55.0,41.0,37.0,7.0,2.23,1,0
202505040206,2025-10-05,,東京,5,1600,トントンビョウシ,8,55.0,41.0,37.0,1.0,2.23,0,0
202505040212,2025-10-05,,東京,5,1600,クォーツァイト,8,53.0,37.2,34.4,2.0,-0.08,1,0
202505040204,2025-10-05,,東京,5,3000,シェアホルダーズ,3,57.0,14.2,40.8,13.0,0.2,0,0
202505040204,2025-10-05,,東京,5,3000,ナムラドーギー,4,60.0,14.0,40.8,9.0,0.0,0,0
202505040204,2025-10-05,,東京,5,3000,タイセイジャスパー,5,60.0,13.8,40.8,3.0,-0.2,1,0
202505040204,2025-10-05,,東京,5,3000,ブライテストドーン,5,60.0,13.9,40.8,6.0,-0.1,0,0
202505040204,2025-10-05,,東京,5,3000,サウンドブライアン,6,60.0,14.1,40.8,1.0,0.1,0,0
202505040204,2025-10-05,,東京,5,3000,ケイアイカラキア,7,56.0,14.0,40.8,9.0,0.0,0,0
202505040204,2025-10-05,,東京,5,3000,ワンダージュノ,8,60.0,14.0,40.8,7.0,0.0,1,0
202508030210,2025-10-05,,京都,8,1200,サクセスローレル,3,57.0,36.9,31.0,8.0,0.82,1,0
202508030210,2025-10-05,,京都,8,1200,ソウテン,3,57.0,37.2,31.0,15.0,1.12,0,0
202508030210,2025-10-05,,京都,8,1200,ロードラディウス,5,57.0,35.7,31.0,11.0,-0.38,1,0
202508030210,2025-10-05,,京都,8,1200,スマートフォルス,6,57.0,34.5,31.0,14.0,-1.58,1,0
202508030210,2025-10-05,,京都,8,1200,メズメライザー,8,57.0,36.1,31.0,6.0,0.02,1,0
202508030201,2025-10-05,,京都,8,1400,テーオーアンジェラ,1,55.0,37.5,34.9,3.0,0.0,1,0
202508030208,2025-10-05,,京都,8,1400,フラーハ,2,56.0,38.5,36.7,1.0,0.27,1,0
202508030208,2025-10-05,,京都,8,1400,ストームバンガード,4,58.0,39.3,36.7,4.0,1.07,0,0
202508030208,2025-10-05,,京都,8,1400,バイファーザベスト,8,57.0,36.9,36.7,15.0,-1.33,1,0
202508030203,2025-10-05,,京都,8,1800,ナブッコ,1,53.0,40.5,39.4,13.0,-0.27,0,0
202508030203,2025-10-05,,京都,8,1800,アーネストアイズ,2,55.0,37.4,39.4,5.0,-3.38,0,0
202508030203,2025-10-05,,京都,8,1800,アクロフェイズ,3,55.0,39.5,39.4,6.0,-1.27,1,0
202508030203,2025-10-05,,京都,8,1800,ミトノテイオー,3,56.0,43.4,39.4,16.0,2.62,0,0
202508030203,2025-10-05,,京都,8,1800,ジャスティンダラス,4,56.0,37.3,39.4,3.0,-3.48,1,0
202508030203,2025-10-05,,京都,8,1800,レヴロード,7,56.0,42.0,39.4,15.0,1.23,0,0
202508030203,2025-10-05,,京都,8,1800,サンライズケヴィン,8,56.0,41.0,39.4,4.0,0.23,0,0
202508030203,2025-10-05,,京都,8,1800,カイラーサ,8,56.0,45.1,39.4,13.0,4.33,1,0
202505040112,2025-10-04,,東京,5,1400,フウセツ,1,56.0,36.6,37.5,3.0,-1.12,1,0
202505040106,2025-10-04,,東京,5,1400,レミギノテソーロ,2,56.0,39.6,35.6,2.0,0.0,0,0
202505040112,2025-10-04,,東京,5,1400,トモジャミ,2,53.0,39.9,37.5,1.0,2.17,0,0
202505040112,2025-10-04,,東京,5,1400,ベルブリエ,4,56.0,37.5,37.5,3.0,-0.23,1,0
202505040112,2025-10-04,,東京,5,1400,メラーキ,5,58.0,36.9,37.5,14.0,-0.83,1,0
202505040101,2025-10-04,,東京,5,1600,ソークール,1,56.0,42.0,35.7,9.0,2.08,0,0
202505040111,2025-10-04,,東京,5,1600,ウェットシーズン,1,57.0,37.1,38.1,3.0,0.25,1,0
202505040101,2025-10-04,,東京,5,1600,ゴットタレント,3,56.0,38.3,35.7,8.0,-1.62,1,0
202505040108,2025-10-04,,東京,5,1600,ユニヴェール,3,58.0,37.3,37.3,13.0,0.0,1,0
202505040101,2025-10-04,,東京,5,1600,カシノユメミヅキ,4,53.0,40.6,35.7,11.0,0.68,1,0
202505040101,2025-10-04,,東京,5,1600,イナズマダイモン,7,56.0,38.8,35.7,2.0,-1.12,1,0
202505040111,2025-10-04,,東京,5,1600,マテンロウコマンド,7,57.0,36.6,38.1,3.0,-0.25,0,0
202505040104,2025-10-04,,東京,5,3100,パープルアドミラル,4,60.0,14.0,40.8,11.0,0.0,0,0
202508030110,2025-10-04,,京都,8,1200,サトノグレイト,3,58.0,36.7,32.0,16.0,0.0,0,0
202508030103,2025-10-04,,京都,8,1400,ノリノドラゴン,2,56.0,37.5,35.0,11.0,-0.33,0,0
202508030103,2025-10-04,,京都,8,1400,ヴァンロゼ,2,55.0,38.4,35.0,13.0,0.57,0,0
202508030106,2025-10-04,,京都,8,1400,ライツユーアップ,2,51.0,38.6,36.1,10.0,1.37,1,0
202508030106,2025-10-04,,京都,8,1400,ドラゴン,4,56.0,35.5,36.1,16.0,-1.73,1,0
202508030103,2025-10-04,,京都,8,1400,リーグナイト,7,53.0,37.6,35.0,2.0,-0.23,0,0
202508030106,2025-10-04,,京都,8,1400,テイエムパイロット,8,53.0,37.6,36.1,3.0,0.37,1,0
202508030101,2025-10-04,,京都,8,1800,レッドファイブ,1,56.0,41.0,36.1,12.0,1.83,1,0
202508030112,2025-10-04,,京都,8,1800,マキシマムビスタ,1,54.0,36.9,35.2,3.0,0.0,1,0
202508030101,2025-10-04,,京都,8,1800,メイショウコシュウ,3,56.0,37.0,36.1,5.0,-2.17,1,0
202508030104,2025-10-04,,京都,8,1800,マジックブルー,3,58.0,37.4,35.8,3.0,-0.43,1,0
202508030101,2025-10-04,,京都,8,1800,ファントムヴォルト,6,56.0,40.5,36.1,14.0,1.33,0,0
202508030104,2025-10-04,,京都,8,1800,オブシディアン,6,57.0,37.5,35.8,14.0,-0.33,1,0
202508030101,2025-10-04,,京都,8,1800,アンリミテッド,7,56.0,37.7,36.1,5.0,-1.47,1,0
202508030101,2025-10-04,,京都,8,1800,ユーアーフラワー,7,52.0,40.0,36.1,10.0,0.83,1,0
202508030104,2025-10-04,,京都,8,1800,キタノサワヤカ,7,56.0,37.6,35.8,6.0,-0.23,1,0
202508030101,2025-10-04,,京都,8,1800,ヒロノスカイ,8,56.0,38.8,36.1,7.0,-0.37,0,0
202508030104,2025-10-04,,京都,8,1800,ダイシンレアレア,8,56.0,38.8,35.8,4.0,0.97,1,0
202506040803,2025-09-27,,中山,6,1200,オテモヤン,1,52.0,38.2,36.5,10.0,0.58,1,0
202506040808,2025-09-27,,中山,6,1200,ペイシャニット,1,53.0,38.0,33.9,14.0,-1.33,1,0
202506040808,2025-09-27,,中山,6,1200,ラストシャリナ,2,56.0,37.6,33.9,6.0,-1.73,1,0
202506040803,2025-09-27,,中山,6,1200,キタノドンカルロ,3,55.0,37.6,36.5,10.0,-0.02,1,0
202506040808,2025-09-27,,中山,6,1200,プライムブルー,3,55.0,40.2,33.9,4.0,0.88,0,0
202506040812,2025-09-27,,中山,6,1200,オセアエクスプレス,6,58.0,36.4,34.4,8.0,-0.75,1,0
202506040808,2025-09-27,,中山,6,1200,レオエンプレス,7,56.0,41.5,33.9,1.0,2.17,0,0
202506040812,2025-09-27,,中山,6,1200,ニシノクラウン,7,56.0,37.9,34.4,11.0,0.75,0,0
202506040803,2025-09-27,,中山,6,1200,レディサン,8,55.0,37.1,36.5,3.0,-0.52,1,0
202506040803,2025-09-27,,中山,6,1200,スリーコーズ,8,55.0,37.6,36.5,2.0,-0.02,1,0
202506040806,2025-09-27,,中山,6,1800,ミラクルダンサー,2,53.0,38.4,38.7,1.0,-0.6,1,0
202506040804,2025-09-27,,中山,6,1800,ラインジーク,3,55.0,38.1,35.9,5.0,-1.78,1,0
202506040804,2025-09-27,,中山,6,1800,カラクリスピリッツ,3,55.0,40.4,35.9,9.0,0.52,1,0
202506040806,2025-09-27,,中山,6,1800,ビップレーヌ,3,56.0,39.9,38.7,10.0,0.9,1,0
202506040804,2025-09-27,,中山,6,1800,ショコラキュイ,4,55.0,41.5,35.9,9.0,1.62,1,0
202506040804,2025-09-27,,中山,6,1800,フィンガー,5,55.0,38.4,35.9,2.0,-1.48,1,0
202506040804,2025-09-27,,中山,6,1800,バレンタインビスタ,5,55.0,39.5,35.9,2.0,-0.38,0,0
202506040806,2025-09-27,,中山,6,1800,シルバーニース,5,54.0,38.7,38.7,6.0,-0.3,1,0
202506040804,2025-09-27,,中山,6,1800,ゴールドアイリーン,6,55.0,41.4,35.9,1.0,1.52,0,0
202506040801,2025-09-27,,中山,6,2880,シルヴァーデューク,1,60.0,13.8,41.2,8.0,0.0,0,0
202506040801,2025-09-27,,中山,6,2880,ダスク,3,57.0,13.8,41.2,11.0,0.0,0,0
202509040812,2025-09-27,,阪神,9,1200,サドル,1,57.0,37.1,33.5,12.0,-0.3,1,0
202509040812,2025-09-27,,阪神,9,1200,ランウインディ,2,53.0,36.4,33.5,4.0,-1.0,0,0
202509040812,2025-09-27,,阪神,9,1200,シリウス,3,56.0,39.6,33.5,2.0,2.2,0,0
202509040812,2025-09-27,,阪神,9,1200,フィドルファドル,4,54.0,36.5,33.5,7.0,-0.9,1,0
202509040809,2025-09-27,,阪神,9,1400,ナムラドロン,1,55.0,39.2,37.0,5.0,0.65,0,0
202509040801,2025-09-27,,阪神,9,1400,エボニードール,2,55.0,40.2,36.4,2.0,0.94,0,0
202509040801,2025-09-27,,阪神,9,1400,アメジストブルー,2,55.0,41.4,36.4,5.0,2.14,0,0
202509040801,2025-09-27,,阪神,9,1400,ナムラソラン,3,51.0,38.6,36.4,10.0,-0.66,1,0
202509040801,2025-09-27,,阪神,9,1400,ワイズギャング,5,55.0,37.6,36.4,7.0,-1.66,0,0
202509040801,2025-09-27,,阪神,9,1400,ジャストアダッシュ,7,55.0,38.5,36.4,4.0,-0.76,1,0
202509040809,2025-09-27,,阪神,9,1400,セイカミナミホリエ,8,55.0,37.9,37.0,6.0,-0.65,0,0
202509040806,2025-09-27,,阪神,9,1800,スマートカイロス,3,52.0,38.0,34.9,4.0,-0.67,1,0
202509040802,2025-09-27,,阪神,9,1800,クリコバロー,4,51.0,39.3,38.3,6.0,-0.24,0,0
202509040802,2025-09-27,,阪神,9,1800,ファイブタンゴ,5,54.0,38.5,38.3,5.0,-1.04,1,0
202509040806,2025-09-27,,阪神,9,1800,テンカオーライ,5,58.0,38.7,34.9,10.0,0.03,1,0
202509040802,2025-09-27,,阪神,9,1800,スマートビガー,7,55.0,40.9,38.3,9.0,1.36,0,0
202509040806,2025-09-27,,阪神,9,1800,ワンダーリズム,7,55.0,38.0,34.9,9.0,-0.67,1,0
202509040802,2025-09-27,,阪神,9,1800,アーサーバローズ,8,54.0,38.1,38.3,3.0,-1.44,0,0
202509040802,2025-09-27,,阪神,9,1800,ピエナブラック,8,55.0,40.9,38.3,4.0,1.36,0,0
202509040806,2025-09-27,,阪神,9,1800,マックスセレナーデ,8,56.0,40.0,34.9,13.0,1.33,0,0
202509040811,2025-09-27,,阪神,9,2000,タイトニット,8,56.5,37.6,33.6,3.0,0.0,1,0
202506040702,2025-09-21,,中山,6,1200,カンタベリービーム,1,52.0,39.2,40.6,14.0,-0.45,0,0
202506040706,2025-09-21,,中山,6,1200,リュキア,2,56.0,38.5,34.2,7.0,0.02,1,0
202506040706,2025-09-21,,中山,6,1200,カップッチョ,4,58.0,37.8,34.2,10.0,-0.68,1,0
202506040702,2025-09-21,,中山,6,1200,セントリアン,5,55.0,39.1,40.6,3.0,-0.55,1,0
202506040702,2025-09-21,,中山,6,1200,ホーリーデイ,5,55.0,41.3,40.6,6.0,1.65,1,0
202506040706,2025-09-21,,中山,6,1200,オコジュ,5,56.0,38.7,34.2,2.0,0.22,1,0
202506040706,2025-09-21,,中山,6,1200,ショウナンハクウン,6,58.0,37.7,34.2,5.0,-0.78,0,0
202506040702,2025-09-21,,中山,6,1200,ハナムラサキ,7,55.0,39.0,40.6,15.0,-0.65,1,0
202506040706,2025-09-21,,中山,6,1200,ホウオウブースター,7,56.0,39.7,34.2,2.0,1.22,1,0
202506040704,2025-09-21,,中山,6,1800,クイーンズホリデー,1,55.0,41.4,38.8,13.0,0.6,0,0
202506040704,2025-09-21,,中山,6,1800,カワキタスズリノ,1,55.0,42.3,38.8,15.0,1.5,0,0
202506040707,2025-09-21,,中山,6,1800,コスモコンフェルマ,1,55.0,38.8,38.1,9.0,-1.54,1,0
202506040707,2025-09-21,,中山,6,1800,カルフ,2,58.0,41.4,38.1,4.0,1.06,1,0
202506040712,2025-09-21,,中山,6,1800,ミレニアムヒロイン,2,56.0,42.1,35.8,14.0,-0.63,0,0
202506040704,2025-09-21,,中山,6,1800,アーティラリー,3,55.0,40.0,38.8,9.0,-0.8,1,0
202506040712,2025-09-21,,中山,6,1800,スマートプレシャス,3,56.0,41.8,35.8,1.0,-0.93,0,0
202506040704,2025-09-21,,中山,6,1800,エイシンジザイテン,4,55.0,44.6,38.8,8.0,3.8,0,0
202506040710,2025-09-21,,中山,6,1800,エスコバル,4,55.0,40.2,39.2,16.0,0.0,0,0
202506040704,2025-09-21,,中山,6,1800,ブルーサーマル,5,55.0,40.0,38.8,6.0,-0.8,1,0
202506040704,2025-09-21,,中山,6,1800,ブームバップビート,6,55.0,40.4,38.8,3.0,-0.4,0,0
202506040707,2025-09-21,,中山,6,1800,モヴレクス,6,58.0,43.0,38.1,12.0,2.66,1,0
202506040712,2025-09-21,,中山,6,1800,エターナルプロミス,6,53.0,44.3,35.8,4.0,1.57,0,0
202506040704,2025-09-21,,中山,6,1800,アトラステソーロ,7,55.0,39.5,38.8,2.0,-1.3,1,0
202506040704,2025-09-21,,中山,6,1800,ミラクルカイザー,7,55.0,40.7,38.8,9.0,-0.1,1,0
202506040704,2025-09-21,,中山,6,1800,サンデーパーティー,8,55.0,38.8,38.8,3.0,-2.0,1,0
202506040704,2025-09-21,,中山,6,1800,ヘルメスギャング,8,53.0,40.3,38.8,13.0,-0.5,1,0
202506040707,2025-09-21,,中山,6,1800,リザードアイランド,8,55.0,38.8,38.1,1.0,-1.54,0,0
202506040707,2025-09-21,,中山,6,1800,ホウオウラムセス,8,58.0,39.7,38.1,14.0,-0.64,0,0
202509040704,2025-09-21,,阪神,9,1400,ハイラブレジェンド,1,53.0,40.8,34.9,13.0,0.1,0,0
202509040704,2025-09-21,,阪神,9,1400,モズガネシア,2,55.0,40.9,34.9,8.0,0.2,0,0
202509040712,2025-09-21,,阪神,9,1400,オコタンペ,2,58.0,36.6,35.1,15.0,0.2,1,0
202509040704,2025-09-21,,阪神,9,1400,ツーエムボヌール,4,55.0,40.4,34.9,1.0,-0.3,0,0
202509040712,2025-09-21,,阪神,9,1400,コスモストーム,7,56.0,36.2,35.1,6.0,-0.2,0,0
202509040703,2025-09-21,,阪神,9,1800,バンブトンコール,2,55.0,43.9,36.3,10.0,2.87,0,0
202509040706,2025-09-21,,阪神,9,1800,サリカリーフォリア,2,55.0,37.4,40.7,4.0,-1.53,0,0
202509040706,2025-09-21,,阪神,9,1800,アルファローバ,3,55.0,39.3,40.7,6.0,0.37,1,0
202509040708,2025-09-21,,阪神,9,1800,ラブアンドラッキー,3,56.0,39.5,38.0,12.0,0.15,0,0
202509040703,2025-09-21,,阪神,9,1800,スマートコーラル,6,55.0,40.3,36.3,8.0,-0.73,0,0
202509040706,2025-09-21,,阪神,9,1800,ファントムヴォルト,7,54.0,40.1,40.7,9.0,1.17,0,0
202509040703,2025-09-21,,阪神,9,1800,ワンダフルデイズ,8,55.0,38.9,36.3,3.0,-2.13,1,0
202509040708,2025-09-21,,阪神,9,1800,ブラックドレス,8,54.0,39.2,38.0,2.0,-0.15,1,0
202509040701,2025-09-21,,阪神,9,2970,セイフウサツキ,1,58.0,13.7,40.9,4.0,-0.12,0,0
202509040701,2025-09-21,,阪神,9,2970,シンドバッド,5,57.0,14.0,40.9,7.0,0.18,0,0
202509040701,2025-09-21,,阪神,9,2970,エブリモーメント,7,60.0,13.9,40.9,6.0,0.08,1,0
202509040701,2025-09-21,,阪神,9,2970,オステリア,8,60.0,13.7,40.9,3.0,-0.12,1,0
202506040603,2025-09-20,,中山,6,1200,ウィンウッドテール,1,52.0,37.9,34.2,16.0,-0.75,0,0
202506040608,2025-09-20,,中山,6,1200,ダノンリュラ,2,54.0,37.9,34.7,2.0,-0.5,1,0
202506040603,2025-09-20,,中山,6,1200,エスシーレベッカ,3,54.0,39.4,34.2,1.0,0.75,1,0
202506040612,2025-09-20,,中山,6,1200,ザウリ,4,58.0,36.4,32.1,8.0,0.0,1,0
202506040608,2025-09-20,,中山,6,1200,ケイツーギルダー,5,56.0,37.1,34.7,4.0,-1.3,1,0
202506040608,2025-09-20,,中山,6,1200,フォクシー,6,56.0,38.6,34.7,15.0,0.2,1,0
202506040608,2025-09-20,,中山,6,1200,ハジメテノチュウ,8,58.0,40.0,34.7,9.0,1.6,0,0
202506040601,2025-09-20,,中山,6,1800,ブルーミーティア,1,55.0,42.6,38.9,2.0,0.95,0,0
202506040601,2025-09-20,,中山,6,1800,タイセツナヒ,2,55.0,39.6,38.9,9.0,-2.05,0,0
202506040611,2025-09-20,,中山,6,1800,ジャスパーロブスト,3,58.0,38.0,36.6,1.0,-0.4,1,0
202506040601,2025-09-20,,中山,6,1800,テンバコウクウ,4,55.0,41.1,38.9,11.0,-0.55,1,0
202506040611,2025-09-20,,中山,6,1800,ヒューゴ,4,57.0,38.3,36.6,12.0,-0.1,1,0
202506040601,2025-09-20,,中山,6,1800,カシノユメミヅキ,5,52.0,42.7,38.9,10.0,1.05,0,0
202506040611,2025-09-20,,中山,6,1800,フタイテンロック,5,57.0,38.6,36.6,5.0,0.2,1,0
202506040601,2025-09-20,,中山,6,1800,マツリダシリウス,6,55.0,41.6,38.9,4.0,-0.05,1,0
202506040611,2025-09-20,,中山,6,1800,サンマルパトロール,7,57.0,38.7,36.6,7.0,0.3,1,0
202506040601,2025-09-20,,中山,6,1800,ドレドレ,8,52.0,42.3,38.9,6.0,0.65,1,0
202506040606,2025-09-20,,中山,6,2400,マウントバーノン,6,55.0,38.3,40.3,2.0,-1.4,0,0
202506040606,2025-09-20,,中山,6,2400,ロードインフェルノ,7,58.0,38.9,40.3,8.0,-0.8,1,0
202506040606,2025-09-20,,中山,6,2400,スペシャリスト,8,56.0,41.9,40.3,4.0,2.2,0,0
202509040603,2025-09-20,,阪神,9,1200,メイショウテンジン,2,55.0,38.5,40.8,8.0,-0.6,0,0
202509040603,2025-09-20,,阪神,9,1200,ライトオブヌカタ,6,55.0,37.8,40.8,5.0,-1.3,1,0
202509040603,2025-09-20,,阪神,9,1200,イクヒロ,7,55.0,39.3,40.8,9.0,0.2,0,0
202509040603,2025-09-20,,阪神,9,1200,グランディマージュ,8,55.0,40.8,40.8,5.0,1.7,0,0
202509040609,2025-09-20,,阪神,9,1400,レジポッセ,1,54.0,37.9,37.1,16.0,-1.42,1,0
202509040609,2025-09-20,,阪神,9,1400,アシャカブラン,3,58.0,38.0,37.1,14.0,-1.32,1,0
202509040609,2025-09-20,,阪神,9,1400,サンライズアレス,4,54.0,40.5,37.1,9.0,1.18,0,0
202509040609,2025-09-20,,阪神,9,1400,ブラックサンライズ,7,56.0,40.8,37.1,1.0,1.48,1,0
202509040609,2025-09-20,,阪神,9,1400,マイネルサンテ,8,58.0,39.4,37.1,11.0,0.08,1,0
202509040612,2025-09-20,,阪神,9,1800,ゴッドエスパーダ,1,55.0,37.7,35.8,8.0,-1.62,1,0
202509040606,2025-09-20,,阪神,9,1800,ロードシュヴァリエ,4,55.0,37.9,37.2,5.0,-0.8,0,0
202509040612,2025-09-20,,阪神,9,1800,ハリウッドパーク,4,55.0,39.5,35.8,2.0,0.18,1,0
202509040612,2025-09-20,,阪神,9,1800,メイショウマントル,5,58.0,37.7,35.8,13.0,-1.62,0,0
202509040606,2025-09-20,,阪神,9,1800,ナムラブーニン,6,58.0,38.5,37.2,7.0,-0.2,1,0
202509040601,2025-09-20,,阪神,9,1800,カフジクロミエ,7,55.0,40.8,36.8,2.0,0.0,1,0
202509040612,2025-09-20,,阪神,9,1800,オーシンハーフ,7,58.0,39.5,35.8,15.0,0.18,0,0
202509040612,2025-09-20,,阪神,9,1800,レイドデザート,7,55.0,42.2,35.8,3.0,2.88,0,0
202509040606,2025-09-20,,阪神,9,1800,クレスコドルフィン,8,55.0,39.7,37.2,2.0,1.0,1,0
202506040506,2025-09-15,,中山,6,1200,フロリスタン,1,55.0,40.7,36.7,6.0,1.51,0,0
202506040506,2025-09-15,,中山,6,1200,ニシノギブソン,2,55.0,37.8,36.7,9.0,-1.39,1,0
202506040512,2025-09-15,,中山,6,1200,アイファーリーベン,2,56.0,38.8,33.4,16.0,0.92,0,0
202506040501,2025-09-15,,中山,6,1200,セイカユウヒ,3,55.0,41.3,41.3,5.0,0.66,1,0
202506040506,2025-09-15,,中山,6,1200,モーゲンセン,3,55.0,38.5,36.7,5.0,-0.69,0,0
202506040512,2025-09-15,,中山,6,1200,トゥインクルアップ,3,51.0,37.2,33.4,1.0,-0.67,1,0
202506040501,2025-09-15,,中山,6,1200,エクスプレスナイト,4,55.0,37.9,41.3,15.0,-2.74,1,0
202506040501,2025-09-15,,中山,6,1200,ジェム,4,55.0,39.9,41.3,9.0,-0.74,1,0
202506040501,2025-09-15,,中山,6,1200,タイセイガナール,5,55.0,42.3,41.3,5.0,1.66,0,0
202506040512,2025-09-15,,中山,6,1200,サンロレンツォ,5,56.0,37.0,33.4,13.0,-0.88,1,0
202506040501,2025-09-15,,中山,6,1200,ドリームガッサン,6,52.0,41.8,41.3,2.0,1.16,1,0
202506040506,2025-09-15,,中山,6,1200,イーアンベ,6,55.0,37.1,36.7,10.0,-2.09,1,0
202506040512,2025-09-15,,中山,6,1200,エスグラシア,6,56.0,38.5,33.4,10.0,0.62,1,0
202506040506,2025-09-15,,中山,6,1200,アメリカンロマン,7,55.0,38.9,36.7,11.0,-0.29,0,0
202506040506,2025-09-15,,中山,6,1200,シルバープレート,7,55.0,43.0,36.7,6.0,3.81,0,0
202506040506,2025-09-15,,中山,6,1200,ハルイチバン,8,55.0,38.3,36.7,2.0,-0.89,0,0
202506040503,2025-09-15,,中山,6,1800,アリーワーク,1,55.0,43.3,37.4,10.0,2.98,0,0
202506040503,2025-09-15,,中山,6,1800,ビスケットマリー,2,52.0,38.3,37.4,12.0,-2.02,0,0
202506040509,2025-09-15,,中山,6,1800,シグムンド,2,58.0,38.8,34.3,1.0,-1.1,1,0
202506040503,2025-09-15,,中山,6,1800,エイシンパルサー,3,57.0,42.2,37.4,7.0,1.88,0,0
202506040503,2025-09-15,,中山,6,1800,レヴァントリ,4,57.0,39.6,37.4,4.0,-0.72,1,0
202506040507,2025-09-15,,中山,6,1800,ハッピーウィズユー,4,53.0,42.2,36.9,3.0,0.0,1,0
202506040503,2025-09-15,,中山,6,1800,カフェヘニーハイ,6,54.0,40.0,37.4,10.0,-0.32,0,0
202506040509,2025-09-15,,中山,6,1800,メイショウトム,6,58.0,40.9,34.3,8.0,1.0,0,0
202506040509,2025-09-15,,中山,6,1800,イモータルバード,6,58.0,41.7,34.3,8.0,1.8,0,0
202506040503,2025-09-15,,中山,6,1800,ジュンビクトワール,8,57.0,38.5,37.4,2.0,-1.82,0,0
202506040509,2025-09-15,,中山,6,1800,ロッシニアーナ,8,55.0,38.2,34.3,5.0,-1.7,0,0
202509040509,2025-09-15,,阪神,9,1200,クロドラバール,1,58.0,38.6,35.5,1.0,0.84,1,0
202509040509,2025-09-15,,阪神,9,1200,フレイミングパイ,4,56.0,36.0,35.5,11.0,-1.76,1,0
202509040509,2025-09-15,,阪神,9,1200,フォルティーナ,5,56.0,36.5,35.5,11.0,-1.26,1,0
202509040509,2025-09-15,,阪神,9,1200,シリウス,5,58.0,39.7,35.5,2.0,1.94,0,0
202509040509,2025-09-15,,阪神,9,1200,バンブトンプロ,7,58.0,38.0,35.5,9.0,0.24,1,0
202509040512,2025-09-15,,阪神,9,1400,プリンセッサ,4,54.0,37.4,38.0,5.0,-0.57,1,0
202509040512,2025-09-15,,阪神,9,1400,マルクパージュ,4,53.0,38.1,38.0,10.0,0.13,1,0
202509040512,2025-09-15,,阪神,9,1400,チュウワロンドン,6,53.0,38.4,38.0,15.0,0.43,0,0
202509040504,2025-09-15,,阪神,9,1800,ミッキータンバリン,2,55.0,41.0,37.5,5.0,1.27,0,0
202509040504,2025-09-15,,阪神,9,1800,カリビアンブルー,2,56.0,41.6,37.5,9.0,1.88,0,0
202509040507,2025-09-15,,阪神,9,1800,ミュトスオード,2,52.0,40.5,36.6,1.0,0.77,1,0
202509040511,2025-09-15,,阪神,9,1800,タマモプルメリア,4,52.0,38.2,34.5,3.0,0.05,1,0
202509040507,2025-09-15,,阪神,9,1800,マックスセレナーデ,5,56.0,41.0,36.6,7.0,1.27,0,0
202509040504,2025-09-15,,阪神,9,1800,エーデルワイス,6,55.0,38.0,37.5,12.0,-1.73,1,0
202509040507,2025-09-15,,阪神,9,1800,マハナ,6,55.0,37.7,36.6,8.0,-2.03,0,0
202509040511,2025-09-15,,阪神,9,1800,メイショウポペット,6,52.0,38.1,34.5,10.0,-0.05,1,0
202509040504,2025-09-15,,阪神,9,1800,コスモサンビタリア,8,55.0,38.3,37.5,6.0,-1.43,1,0
202509040501,2025-09-15,,阪神,9,2970,アンノウンウォリア,3,60.0,14.3,39.1,5.0,0.05,0,0
202509040501,2025-09-15,,阪神,9,2970,ロードプレジール,6,60.0,14.2,39.1,4.0,-0.05,1,0
202506040403,2025-09-14,,中山,6,1200,パソドブレ,2,55.0,38.1,39.3,13.0,-1.18,1,0
202506040403,2025-09-14,,中山,6,1200,ラブソング,2,55.0,39.9,39.3,9.0,0.62,1,0
202506040403,2025-09-14,,中山,6,1200,アビエーション,3,55.0,40.6,39.3,15.0,1.32,0,0
202506040411,2025-09-14,,中山,6,1200,ジョーローリット,3,55.0,36.3,33.9,1.0,-0.55,1,0
202506040403,2025-09-14,,中山,6,1200,サトミノアカリ,4,52.0,39.0,39.3,3.0,-0.28,0,0
202506040403,2025-09-14,,中山,6,1200,ニャンモロー,6,52.0,39.7,39.3,1.0,0.42,1,0
202506040403,2025-09-14,,中山,6,1200,ビップムーラン,7,55.0,38.4,39.3,2.0,-0.88,1,0
202506040411,2025-09-14,,中山,6,1200,ファロロジー,7,55.0,37.4,33.9,15.0,0.55,0,0
202506040406,2025-09-14,,中山,6,1800,ハーレムシャフル,1,57.0,40.5,35.0,12.0,-0.25,1,0
202506040408,2025-09-14,,中山,6,1800,オブシディアン,1,58.0,39.3,38.4,13.0,0.1,0,0
202506040406,2025-09-14,,中山,6,1800,ギャランドゥ,2,57.0,40.5,35.0,7.0,-0.25,1,0
202506040406,2025-09-14,,中山,6,1800,リカード,2,55.0,42.0,35.0,15.0,1.25,0,0
202506040408,2025-09-14,,中山,6,1800,レイズサンライズ,2,52.0,40.3,38.4,12.0,1.1,1,0
202506040408,2025-09-14,,中山,6,1800,ブレイクザアイス,3,58.0,38.3,38.4,10.0,-0.9,0,0
202506040408,2025-09-14,,中山,6,1800,アンガアヴィス,3,52.0,39.2,38.4,8.0,0.0,1,0
202506040406,2025-09-14,,中山,6,1800,ステイアンビシャス,4,57.0,38.4,35.0,12.0,-2.35,0,0
202506040404,2025-09-14,,中山,6,1800,ヤマタケボニータ,5,55.0,39.9,39.0,6.0,-0.43,0,0
202506040408,2025-09-14,,中山,6,1800,ノーブルニードル,5,58.0,40.9,38.4,13.0,1.7,0,0
202506040404,2025-09-14,,中山,6,1800,スターオブアダム,6,55.0,41.2,39.0,8.0,0.87,1,0
202506040408,2025-09-14,,中山,6,1800,シャドウキャッスル,6,52.0,38.1,38.4,1.0,-1.1,0,0
202506040406,2025-09-14,,中山,6,1800,サラニキケン,7,52.0,39.9,35.0,3.0,-0.85,1,0
202506040408,2025-09-14,,中山,6,1800,ジャクソン,7,58.0,38.3,38.4,4.0,-0.9,1,0
202506040404,2025-09-14,,中山,6,1800,コウソクルリアン,8,55.0,39.9,39.0,1.0,-0.43,0,0
202506040406,2025-09-14,,中山,6,1800,ジーティーニャント,8,57.0,43.2,35.0,16.0,2.45,0,0
202506040401,2025-09-14,,中山,6,2880,アルカンサス,8,60.0,13.9,41.4,7.0,0.0,1,0
202509040412,2025-09-14,,阪神,9,1200,ヴェントインコーダ,4,54.0,36.7,35.0,2.0,0.0,0,0
202509040401,2025-09-14,,阪神,9,1400,アロハマウロア,1,53.0,40.2,34.6,9.0,1.16,1,0
202509040401,2025-09-14,,阪神,9,1400,フェスティヴドレス,6,55.0,37.4,34.6,5.0,-1.64,0,0
202509040401,2025-09-14,,阪神,9,1400,サンタクローチェ,6,55.0,39.1,34.6,2.0,0.06,0,0
202509040401,2025-09-14,,阪神,9,1400,ビタールート,8,55.0,39.3,34.6,5.0,0.26,1,0
202509040401,2025-09-14,,阪神,9,1400,ツーエムボヌール,8,52.0,39.2,34.6,9.0,0.16,1,0
202509040403,2025-09-14,,阪神,9,1800,ラテライト,2,55.0,39.0,36.9,6.0,-1.6,0,0
202509040406,2025-09-14,,阪神,9,1800,クリコバロー,2,51.0,40.5,38.0,9.0,0.0,1,0
202509040403,2025-09-14,,阪神,9,1800,メイショウヨンク,5,54.0,40.7,36.9,7.0,0.1,1,0
202509040403,2025-09-14,,阪神,9,1800,アルデフォックス,7,57.0,42.1,36.9,2.0,1.5,1,0
202509040406,2025-09-14,,阪神,9,1800,ヒロノスカイ,7,55.0,37.8,38.0,11.0,-2.7,0,0
202509040406,2025-09-14,,阪神,9,1800,サニーサイドラガー,7,55.0,42.6,38.0,9.0,2.1,0,0
202509040406,2025-09-14,,阪神,9,1800,ピードモント,8,55.0,41.1,38.0,6.0,0.6,1,0
202509040408,2025-09-14,,阪神,9,2000,ダノンウィルヘルム,4,57.0,41.1,37.5,3.0,1.42,0,0
202509040408,2025-09-14,,阪神,9,2000,ニヒトツーゼーア,5,52.0,38.6,37.5,6.0,-1.08,1,0
202509040408,2025-09-14,,阪神,9,2000,レッドボブ,6,55.0,38.8,37.5,2.0,-0.88,0,0
202509040408,2025-09-14,,阪神,9,2000,メリトーリアス,6,55.0,40.5,37.5,12.0,0.82,1,0
202509040408,2025-09-14,,阪神,9,2000,スコーピオンイメル,7,55.0,39.4,37.5,6.0,-0.28,0,0
202506040303,2025-09-13,,中山,6,1200,トルティーナ,1,55.0,40.0,32.6,6.0,1.2,0,0
202506040308,2025-09-13,,中山,6,1200,ペッパーミル,2,58.0,36.6,32.2,6.0,-0.25,1,0
202506040308,2025-09-13,,中山,6,1200,ベニシア,3,56.0,37.4,32.2,10.0,0.55,0,0
202506040311,2025-09-13,,中山,6,1200,ナムラローズマリー,3,56.0,38.9,31.1,4.0,1.83,0,0
202506040303,2025-09-13,,中山,6,1200,オルティジア,5,54.0,38.5,32.6,8.0,-0.3,1,0
202506040308,2025-09-13,,中山,6,1200,カツノテンス,5,55.0,37.2,32.2,5.0,0.35,1,0
202506040311,2025-09-13,,中山,6,1200,ショウナンアビアス,5,58.0,35.7,31.1,7.0,-1.37,1,0
202506040308,2025-09-13,,中山,6,1200,サンタアニタ,7,54.0,36.2,32.2,2.0,-0.65,1,0
202506040311,2025-09-13,,中山,6,1200,ユスティニアン,7,58.0,36.6,31.1,9.0,-0.47,1,0
202506040303,2025-09-13,,中山,6,1200,ピコグリーン,8,55.0,37.9,32.6,10.0,-0.9,1,0
202506040301,2025-09-13,,中山,6,1800,ラスエル,3,55.0,42.3,37.3,5.0,1.13,0,0
202506040307,2025-09-13,,中山,6,1800,スーパーチャージ,3,54.0,40.3,35.2,15.0,0.83,0,0
202506040307,2025-09-13,,中山,6,1800,アドマイヤコーク,5,57.0,39.5,35.2,2.0,0.03,1,0
202506040301,2025-09-13,,中山,6,1800,フライスカイハイ,6,55.0,39.8,37.3,9.0,-1.37,0,0
202506040307,2025-09-13,,中山,6,1800,ヨドノタイヨウ,6,57.0,38.6,35.2,9.0,-0.87,1,0
202506040301,2025-09-13,,中山,6,1800,スーパーガール,7,55.0,41.4,37.3,4.0,0.23,1,0
202506040309,2025-09-13,,中山,6,2400,インジケーター,1,53.0,37.4,41.1,1.0,-0.38,1,0
202506040309,2025-09-13,,中山,6,2400,ラファールドール,5,56.0,36.7,41.1,2.0,-1.07,1,0
202506040309,2025-09-13,,中山,6,2400,ロードブレイズ,6,57.0,39.3,41.1,8.0,1.52,0,0
202506040309,2025-09-13,,中山,6,2400,イデアユウシン,7,54.0,37.7,41.1,6.0,-0.07,0,0
202509040302,2025-09-13,,阪神,9,1200,レッドレベンディス,1,55.0,38.1,38.9,4.0,-0.1,0,0
202509040302,2025-09-13,,阪神,9,1200,ナムラライラック,3,52.0,38.3,38.9,8.0,0.1,1,0
202509040306,2025-09-13,,阪神,9,1400,フィアーブル,1,55.0,39.2,35.9,2.0,-0.65,0,0
202509040306,2025-09-13,,阪神,9,1400,シュヴェスター,5,54.0,39.2,35.9,5.0,-0.65,1,0
202509040306,2025-09-13,,阪神,9,1400,シルフ,7,55.0,40.4,35.9,8.0,0.55,0,0
202509040306,2025-09-13,,阪神,9,1400,フィアスゲイル,8,55.0,40.6,35.9,11.0,0.75,0,0
202509040304,2025-09-13,,阪神,9,1800,タンバリュー,1,52.0,43.9,33.7,4.0,-0.1,0,0
202509040304,2025-09-13,,阪神,9,1800,メメテラステラ,1,51.0,46.2,33.7,16.0,2.2,0,0
202509040310,2025-09-13,,阪神,9,1800,ブリッツクリーク,1,58.0,39.4,34.3,1.0,0.43,0,0
202509040301,2025-09-13,,阪神,9,1800,マーゴットデイズ,2,55.0,39.4,37.1,6.0,0.0,0,0
202509040312,2025-09-13,,阪神,9,1800,ヴェーヌドール,2,55.0,40.1,40.8,3.0,0.3,0,0
202509040310,2025-09-13,,阪神,9,1800,ジョータルマエ,3,58.0,38.3,34.3,2.0,-0.67,1,0
202509040312,2025-09-13,,阪神,9,1800,メイショウヤシマ,3,55.0,38.2,40.8,1.0,-1.6,1,0
202509040304,2025-09-13,,阪神,9,1800,アットザラヴアスク,4,55.0,44.9,33.7,15.0,0.9,0,0
202509040312,2025-09-13,,阪神,9,1800,グリーズマン,4,57.0,39.2,40.8,11.0,-0.6,1,0
202509040301,2025-09-13,,阪神,9,1800,ガルディエンヌ,5,55.0,41.0,37.1,2.0,1.6,0,0
202509040312,2025-09-13,,阪神,9,1800,アンジェリカル,5,54.0,40.8,40.8,4.0,1.0,1,0
202509040312,2025-09-13,,阪神,9,1800,タガノアニマシオン,6,55.0,38.6,40.8,6.0,-1.2,0,0
202509040301,2025-09-13,,阪神,9,1800,サトノリシャール,7,55.0,37.8,37.1,4.0,-1.6,1,0
202509040312,2025-09-13,,阪神,9,1800,イエローブリック,7,54.0,41.9,40.8,6.0,2.1,0,0
202509040304,2025-09-13,,阪神,9,1800,ミッキーサークル,8,55.0,41.9,33.7,11.0,-2.1,0,0
202509040304,2025-09-13,,阪神,9,1800,エポエポサン,8,57.0,43.1,33.7,14.0,-0.9,0,0
202509040310,2025-09-13,,阪神,9,1800,フェイト,8,58.0,39.2,34.3,4.0,0.23,1,0
202501020606,2025-09-07,,札幌,1,1000,スイッチオン,3,55.0,34.4,37.6,10.0,0.0,1,0
202501020605,2025-09-07,,札幌,1,1700,ジーティーファラオ,2,57.0,38.4,36.8,12.0,-1.77,0,0
202501020609,2025-09-07,,札幌,1,1700,メジャーデビュー,3,56.0,39.6,33.5,7.0,0.4,1,0
202501020612,2025-09-07,,札幌,1,1700,ホウオウゴールド,3,55.0,40.5,34.9,8.0,0.22,0,0
202501020603,2025-09-07,,札幌,1,1700,メレサンク,4,52.0,38.6,36.2,6.0,-1.53,1,0
202501020609,2025-09-07,,札幌,1,1700,オンザスクエア,4,53.0,41.0,33.5,5.0,1.8,0,0
202501020612,2025-09-07,,札幌,1,1700,スマートカイロス,4,55.0,39.0,34.9,4.0,-1.28,1,0
202501020609,2025-09-07,,札幌,1,1700,アースイオス,5,58.0,39.9,33.5,14.0,0.7,0,0
202501020612,2025-09-07,,札幌,1,1700,ロストボール,5,55.0,38.8,34.9,8.0,-1.48,1,0
202501020612,2025-09-07,,札幌,1,1700,ハイケンス,5,58.0,41.5,34.9,2.0,1.22,1,0
202501020605,2025-09-07,,札幌,1,1700,アシャカルーク,6,57.0,39.4,36.8,7.0,-0.77,1,0
202501020605,2025-09-07,,札幌,1,1700,タマモスノーダンス,6,52.0,41.0,36.8,14.0,0.83,0,0
202501020609,2025-09-07,,札幌,1,1700,サヴァビアン,6,58.0,37.8,33.5,7.0,-1.4,1,0
202501020612,2025-09-07,,札幌,1,1700,マーベリックシチー,6,58.0,41.6,34.9,8.0,1.32,0,0
202501020603,2025-09-07,,札幌,1,1700,メイショウアキカゼ,7,55.0,41.4,36.2,8.0,1.27,0,0
202501020605,2025-09-07,,札幌,1,1700,ホウオウハナビ,7,52.0,41.9,36.8,12.0,1.73,1,0
202501020603,2025-09-07,,札幌,1,1700,テーオーカバリエ,8,52.0,40.4,36.2,13.0,0.27,0,0
202501020609,2025-09-07,,札幌,1,1700,チュウワクリスエス,8,55.0,37.7,33.5,1.0,-1.5,1,0
202506040207,2025-09-07,,中山,6,1200,イタリックタイプ,1,57.0,40.5,34.7,12.0,1.42,1,0
202506040209,2025-09-07,,中山,6,1200,サイモンギフト,1,58.0,39.3,33.7,5.0,0.0,1,0
202506040203,2025-09-07,,中山,6,1200,ヘリテージブルーム,2,55.0,37.3,37.5,6.0,-1.27,1,0
202506040207,2025-09-07,,中山,6,1200,マミーブルー,5,52.0,40.5,34.7,16.0,1.42,0,0
202506040203,2025-09-07,,中山,6,1200,フィールドアピール,6,55.0,37.8,37.5,4.0,-0.77,1,0
202506040207,2025-09-07,,中山,6,1200,ケノファニース,6,52.0,39.6,34.7,13.0,0.52,0,0
202506040203,2025-09-07,,中山,6,1200,ハッピーラッキー,7,55.0,39.6,37.5,2.0,1.03,0,0
202506040207,2025-09-07,,中山,6,1200,タッチダウン,7,55.0,37.9,34.7,4.0,-1.18,0,0
202506040207,2025-09-07,,中山,6,1200,ベルレオーネ,7,57.0,36.9,34.7,13.0,-2.18,1,0
202506040203,2025-09-07,,中山,6,1200,アルバニクス,8,55.0,39.6,37.5,10.0,1.03,1,0
202506040208,2025-09-07,,中山,6,1800,ブリスフル,1,58.0,40.9,41.3,14.0,0.53,1,0
202506040208,2025-09-07,,中山,6,1800,ラストレガシー,2,55.0,39.1,41.3,12.0,-1.27,0,0
202506040208,2025-09-07,,中山,6,1800,ナムラジミー,3,55.0,39.7,41.3,8.0,-0.67,1,0
202506040208,2025-09-07,,中山,6,1800,フィーチャリング,3,55.0,41.1,41.3,11.0,0.73,1,0
202506040206,2025-09-07,,中山,6,1800,ロンバルドシチー,4,55.0,41.3,35.3,4.0,-0.37,1,0
202506040208,2025-09-07,,中山,6,1800,コーリンカルベラ,4,58.0,38.7,41.3,5.0,-1.67,1,0
202506040208,2025-09-07,,中山,6,1800,サウンドバッハ,4,55.0,42.3,41.3,14.0,1.93,0,0
202506040206,2025-09-07,,中山,6,1800,ショコラプリン,5,55.0,40.6,35.3,2.0,-1.07,1,0
202506040206,2025-09-07,,中山,6,1800,ブッチギレ,6,55.0,40.0,35.3,9.0,-1.67,1,0
202506040206,2025-09-07,,中山,6,1800,ハウスオンファイア,6,55.0,42.8,35.3,14.0,1.13,1,0
202506040206,2025-09-07,,中山,6,1800,ヴェネチアンキング,7,55.0,42.6,35.3,2.0,0.93,1,0
202506040206,2025-09-07,,中山,6,1800,ニシノロッドマン,7,55.0,40.3,35.3,15.0,-1.37,0,0
202506040206,2025-09-07,,中山,6,1800,セントポールヒロ,8,52.0,44.1,35.3,10.0,2.43,0,0
202506040208,2025-09-07,,中山,6,1800,トルズイーガー,8,55.0,40.8,41.3,6.0,0.43,1,0
202506040201,2025-09-07,,中山,6,2880,エクロジャイト,3,60.0,14.0,41.6,7.0,0.0,1,0
202506040201,2025-09-07,,中山,6,2880,スズノレイライン,7,60.0,14.0,41.6,9.0,0.0,1,0
202509040210,2025-09-07,,阪神,9,1200,ストレングス,2,58.0,36.2,33.2,1.0,-0.12,0,0
202509040210,2025-09-07,,阪神,9,1200,ローズバルサム,4,56.0,35.7,33.2,10.0,-0.62,1,0
202509040210,2025-09-07,,阪神,9,1200,メイショウクリフト,6,58.0,37.6,33.2,3.0,1.27,1,0
202509040210,2025-09-07,,阪神,9,1200,スターペスカオリ,8,56.0,35.8,33.2,8.0,-0.53,1,0
202509040203,2025-09-07,,阪神,9,1400,チュウワロンドン,1,57.0,41.2,33.2,9.0,1.37,0,0
202509040203,2025-09-07,,阪神,9,1400,サイモンバズユー,2,57.0,38.8,33.2,12.0,-1.03,1,0
202509040203,2025-09-07,,阪神,9,1400,アラクシュミー,4,55.0,39.5,33.2,7.0,-0.33,1,0
202509040201,2025-09-07,,阪神,9,1800,ナウオアネヴァー,2,55.0,42.0,38.5,4.0,2.08,0,0
202509040201,2025-09-07,,阪神,9,1800,エコロレーヴ,3,55.0,38.7,38.5,1.0,-1.22,1,0
202509040207,2025-09-07,,阪神,9,1800,ディニテ,3,55.0,38.9,37.5,5.0,-1.15,1,0
202509040201,2025-09-07,,阪神,9,1800,グランワールド,4,55.0,38.8,38.5,3.0,-1.12,1,0
202509040201,2025-09-07,,阪神,9,1800,ファイブタンゴ,5,54.0,39.3,38.5,6.0,-0.62,0,0
202509040201,2025-09-07,,阪神,9,1800,ハイラブレジェンド,7,55.0,40.8,38.5,4.0,0.88,0,0
202509040207,2025-09-07,,阪神,9,1800,サルタール,8,54.0,41.2,37.5,7.0,1.15,0,0
202501020503,2025-09-06,,札幌,1,1000,メイショウルーチェ,4,52.0,37.3,36.5,12.0,-0.03,1,0
202501020503,2025-09-06,,札幌,1,1000,ウインボニータ,5,52.0,36.8,36.5,11.0,-0.53,0,0
202501020503,2025-09-06,,札幌,1,1000,シンフォニーシーズ,6,55.0,37.0,36.5,4.0,-0.33,1,0
202501020503,2025-09-06,,札幌,1,1000,ハナヒラク,6,55.0,38.2,36.5,7.0,0.88,1,0
202501020501,2025-09-06,,札幌,1,1700,ウルヴァリン,1,55.0,40.3,36.5,8.0,0.17,1,0
202501020512,2025-09-06,,札幌,1,1700,サザンブラック,1,52.0,39.6,35.4,4.0,0.45,1,0
202501020506,2025-09-06,,札幌,1,1700,キープオントップ,2,57.0,39.9,34.1,1.0,-0.7,1,0
202501020508,2025-09-06,,札幌,1,1700,ケープウィッカム,3,56.0,39.7,37.5,3.0,-0.55,1,0
202501020512,2025-09-06,,札幌,1,1700,レボルシオン,3,58.0,38.3,35.4,8.0,-0.85,1,0
202501020508,2025-09-06,,札幌,1,1700,ザハーフェル,4,53.0,42.1,37.5,9.0,1.85,0,0
202501020506,2025-09-06,,札幌,1,1700,マーゴットコマチ,6,55.0,41.8,34.1,4.0,1.2,1,0
202501020508,2025-09-06,,札幌,1,1700,レーヴドレフォン,6,53.0,39.0,37.5,5.0,-1.25,1,0
202501020512,2025-09-06,,札幌,1,1700,セイウンビッグバン,6,55.0,39.4,35.4,12.0,0.25,1,0
202501020512,2025-09-06,,札幌,1,1700,ドバイミッション,7,54.0,39.3,35.4,2.0,0.15,1,0
202501020501,2025-09-06,,札幌,1,1700,タイガーゲイト,8,54.0,39.9,36.5,2.0,-0.23,0,0
202501020501,2025-09-06,,札幌,1,1700,ティブロン,8,55.0,40.2,36.5,2.0,0.07,1,0
202501020506,2025-09-06,,札幌,1,1700,タイセイバンクール,8,54.0,40.1,34.1,14.0,-0.5,1,0
202501020508,2025-09-06,,札幌,1,1700,セージグリーン,8,56.0,40.2,37.5,5.0,-0.05,1,0
202506040106,2025-09-06,,中山,6,1200,チャーミングアイ,3,55.0,40.8,38.3,6.0,0.95,1,0
202506040106,2025-09-06,,中山,6,1200,ユイノピカゴロウ,5,52.0,40.9,38.3,15.0,1.05,0,0
202506040112,2025-09-06,,中山,6,1200,ピクラリーダ,5,53.0,38.3,35.2,9.0,-0.2,0,0
202506040106,2025-09-06,,中山,6,1200,イヌボウノアサヒ,6,55.0,37.8,38.3,3.0,-2.05,1,0
202506040112,2025-09-06,,中山,6,1200,ペイシャニット,6,53.0,38.7,35.2,16.0,0.2,0,0
202506040106,2025-09-06,,中山,6,1200,スマートビガー,7,55.0,39.9,38.3,9.0,0.05,0,0
202506040106,2025-09-06,,中山,6,1200,ナダッコ,7,55.0,39.7,38.3,13.0,-0.15,1,0
202506040106,2025-09-06,,中山,6,1200,ジェットバニー,8,55.0,40.0,38.3,10.0,0.15,1,0
202506040104,2025-09-06,,中山,6,1800,ベールドインパクト,1,57.0,41.3,36.9,6.0,-1.86,1,0
202506040104,2025-09-06,,中山,6,1800,パブリックスフィア,2,57.0,42.1,36.9,15.0,-1.06,0,0
202506040104,2025-09-06,,中山,6,1800,タヤスアメリカン,4,57.0,44.6,36.9,6.0,1.44,0,0
202506040103,2025-09-06,,中山,6,1800,アドフランマム,6,55.0,39.5,37.8,2.0,-1.9,0,0
202506040104,2025-09-06,,中山,6,1800,ヒダカサンミャク,6,55.0,45.9,36.9,14.0,2.74,0,0
202506040108,2025-09-06,,中山,6,1800,ツインクルステージ,6,53.0,38.3,38.0,3.0,0.0,0,0
202506040103,2025-09-06,,中山,6,1800,イントゥゴールデン,7,52.0,42.4,37.8,5.0,1.0,1,0
202506040103,2025-09-06,,中山,6,1800,フラクタル,8,55.0,42.3,37.8,3.0,0.9,1,0
202506040104,2025-09-06,,中山,6,1800,ムンディ,8,52.0,41.9,36.9,13.0,-1.26,0,0
202506040101,2025-09-06,,中山,6,2880,タガノバルコス,4,60.0,13.8,41.1,9.0,0.0,0,0
202509040106,2025-09-06,,阪神,9,1400,ピエナビバサンバ,1,55.0,40.1,33.8,13.0,0.16,1,0
202509040111,2025-09-06,,阪神,9,1400,サフランヒーロー,1,55.0,39.0,38.0,5.0,0.58,1,0
202509040112,2025-09-06,,阪神,9,1400,マッハレイジング,1,56.0,38.4,35.1,4.0,0.7,1,0
202509040106,2025-09-06,,阪神,9,1400,フィデリス,2,55.0,39.6,33.8,8.0,-0.34,0,0
202509040111,2025-09-06,,阪神,9,1400,ナナオ,3,55.0,38.4,38.0,1.0,-0.02,1,0
202509040112,2025-09-06,,阪神,9,1400,ルクルス,4,58.0,37.5,35.1,12.0,-0.2,1,0
202509040106,2025-09-06,,阪神,9,1400,シュネープリンセス,5,52.0,39.8,33.8,11.0,-0.14,0,0
202509040106,2025-09-06,,阪神,9,1400,ルクスプロフェシー,5,55.0,40.9,33.8,12.0,0.96,0,0
202509040111,2025-09-06,,阪神,9,1400,キャプテンネキ,5,53.0,38.9,38.0,13.0,0.48,0,0
202509040111,2025-09-06,,阪神,9,1400,ベルダーイメル,5,57.0,39.4,38.0,14.0,0.98,0,0
202509040112,2025-09-06,,阪神,9,1400,レーティッシュ,5,56.0,37.4,35.1,6.0,-0.3,1,0
202509040106,2025-09-06,,阪神,9,1400,フレンズプラス,6,54.0,39.3,33.8,2.0,-0.64,1,0
202509040111,2025-09-06,,阪神,9,1400,モズミギカタアガリ,6,54.0,36.4,38.0,11.0,-2.02,1,0
202509040101,2025-09-06,,阪神,9,1400,ジャストアダッシュ,8,54.0,38.0,35.4,4.0,-0.5,1,0
202509040101,2025-09-06,,阪神,9,1400,リアンマカ,8,54.0,39.0,35.4,9.0,0.5,0,0
202509040112,2025-09-06,,阪神,9,1400,タイセイブロウ,8,58.0,37.5,35.1,6.0,-0.2,1,0
202509040103,2025-09-06,,阪神,9,1800,ラテライト,1,55.0,38.3,38.5,11.0,-4.03,1,0
202509040103,2025-09-06,,阪神,9,1800,エガオムテキ,1,54.0,44.9,38.5,14.0,2.57,0,0
202509040103,2025-09-06,,阪神,9,1800,コンセントレイト,4,56.0,43.5,38.5,6.0,1.17,0,0
202509040103,2025-09-06,,阪神,9,1800,アルファベガ,4,55.0,44.1,38.5,11.0,1.77,0,0
202509040103,2025-09-06,,阪神,9,1800,ケイアイワイラーパ,5,56.0,40.7,38.5,6.0,-1.62,0,0
202509040103,2025-09-06,,阪神,9,1800,バンドブラザー,5,57.0,41.0,38.5,13.0,-1.33,0,0
202509040109,2025-09-06,,阪神,9,1800,タッチャブル,6,58.0,37.1,37.6,9.0,-0.75,1,0
202509040103,2025-09-06,,阪神,9,1800,サンライズフーガ,7,57.0,39.8,38.5,15.0,-2.53,1,0
202509040103,2025-09-06,,阪神,9,1800,アズーロエマローネ,8,57.0,46.3,38.5,16.0,3.97,0,0
202509040109,2025-09-06,,阪神,9,1800,メイショウカシワデ,8,58.0,38.6,37.6,5.0,0.75,0,0
202501020403,2025-08-31,,札幌,1,1000,ブラックエンパイア,8,57.0,35.5,40.0,2.0,0.0,1,0
202501020406,2025-08-31,,札幌,1,1700,ミユンガー,1,54.0,40.3,37.7,8.0,0.03,0,0
202501020412,2025-08-31,,札幌,1,1700,ノロシ,1,52.0,38.3,35.6,12.0,-0.08,1,0
202501020406,2025-08-31,,札幌,1,1700,ミッキーキャンディ,2,55.0,43.7,37.7,11.0,3.43,1,0
202501020408,2025-08-31,,札幌,1,1700,ライラックデューン,2,50.0,37.0,35.2,6.0,-1.43,1,0
202501020406,2025-08-31,,札幌,1,1700,ファンタズマ,3,54.0,39.6,37.7,6.0,-0.67,0,0
202501020406,2025-08-31,,札幌,1,1700,トーセンアーロン,3,57.0,41.9,37.7,14.0,1.63,0,0
202501020408,2025-08-31,,札幌,1,1700,ペタルブランシュ,4,53.0,39.5,35.2,10.0,1.07,1,0
202501020412,2025-08-31,,札幌,1,1700,ジュンラトゥール,5,55.0,37.9,35.6,7.0,-0.48,1,0
202501020402,2025-08-31,,札幌,1,1700,スマートイザナミ,6,55.0,39.6,35.3,11.0,-0.37,1,0
202501020406,2025-08-31,,札幌,1,1700,ボールドハーテッド,6,54.0,38.4,37.7,5.0,-1.87,0,0
202501020408,2025-08-31,,札幌,1,1700,メラヴィリオーザ,6,53.0,38.8,35.2,10.0,0.37,0,0
202501020412,2025-08-31,,札幌,1,1700,デルマムーン,6,55.0,40.0,35.6,5.0,1.62,1,0
202501020402,2025-08-31,,札幌,1,1700,プロピエダッド,7,55.0,39.1,35.3,8.0,-0.87,1,0
202501020406,2025-08-31,,札幌,1,1700,ハイラブソング,7,52.0,37.7,37.7,3.0,-2.57,1,0
202501020412,2025-08-31,,札幌,1,1700,エポカリーナ,7,52.0,37.1,35.6,11.0,-1.28,1,0
202501020412,2025-08-31,,札幌,1,1700,サイモンカーチス,7,55.0,38.6,35.6,7.0,0.22,1,0
202501020402,2025-08-31,,札幌,1,1700,ペイシャキセキ,8,54.0,41.2,35.3,5.0,1.23,1,0
202504030407,2025-08-31,,新潟,4,1200,レジョンデロル,1,57.0,36.9,36.2,13.0,-0.95,1,0
202504030407,2025-08-31,,新潟,4,1200,ケイツータンカ,3,53.0,37.7,36.2,13.0,-0.15,0,0
202504030407,2025-08-31,,新潟,4,1200,シンボリライト,4,57.0,37.4,36.2,5.0,-0.45,1,0
202504030407,2025-08-31,,新潟,4,1200,グレートシューター,5,54.0,39.4,36.2,2.0,1.55,1,0
202504030406,2025-08-31,,新潟,4,1800,サイモフェーン,1,55.0,37.6,37.4,5.0,-2.1,0,0
202504030406,2025-08-31,,新潟,4,1800,アンジュプロミス,2,55.0,39.1,37.4,3.0,-0.6,0,0
202504030406,2025-08-31,,新潟,4,1800,セイカンサンラン,2,55.0,40.8,37.4,14.0,1.1,1,0
202504030406,2025-08-31,,新潟,4,1800,アスパラゴ,3,55.0,39.1,37.4,7.0,-0.6,0,0
202504030402,2025-08-31,,新潟,4,1800,セイスイミリオン,6,57.0,38.6,37.0,10.0,0.0,1,0
202504030406,2025-08-31,,新潟,4,1800,サンドロック,6,55.0,40.7,37.4,15.0,1.0,0,0
202504030406,2025-08-31,,新潟,4,1800,ハンドフル,7,55.0,40.9,37.4,10.0,1.2,0,0
202504030410,2025-08-31,,新潟,4,1800,サンセットブライト,8,56.0,37.2,38.3,11.0,0.0,1,0
202507040412,2025-08-31,,中京,7,1200,アンノドミニ,3,53.0,37.7,36.0,7.0,-1.13,1,0
202507040412,2025-08-31,,中京,7,1200,アイファーリーベン,5,52.0,38.6,36.0,11.0,-0.23,0,0
202507040412,2025-08-31,,中京,7,1200,グレースルージュ,5,56.0,40.2,36.0,7.0,1.37,1,0
202507040404,2025-08-31,,中京,7,1400,メイショウアイク,5,57.0,38.8,38.6,5.0,-0.2,1,0
202507040404,2025-08-31,,中京,7,1400,マキシマムレーヴ,5,57.0,39.1,38.6,16.0,0.1,0,0
202507040404,2025-08-31,,中京,7,1400,フロレンテム,6,55.0,39.1,38.6,9.0,0.1,1,0
202507040402,2025-08-31,,中京,7,1800,ヒットザノート,1,55.0,40.1,36.9,12.0,-1.62,0,0
202507040402,2025-08-31,,中京,7,1800,ランスオブフェイス,3,55.0,42.2,36.9,15.0,0.48,0,0
202507040402,2025-08-31,,中京,7,1800,トモエゴゼン,4,54.0,41.6,36.9,14.0,-0.12,0,0
202507040407,2025-08-31,,中京,7,1800,ハナウマビーチ,4,55.0,37.7,39.7,5.0,0.0,1,0
202507040402,2025-08-31,,中京,7,1800,ゴルシノメイ,6,55.0,43.0,36.9,15.0,1.27,0,0
202507040410,2025-08-31,,中京,7,1900,ビップスコーピオン,1,58.0,38.0,32.6,13.0,-2.25,1,0
202507040410,2025-08-31,,中京,7,1900,オンザライン,6,58.0,37.8,32.6,10.0,-2.45,0,0
202507040410,2025-08-31,,中京,7,1900,ダイメイセブン,6,58.0,42.2,32.6,6.0,1.95,0,0
202507040410,2025-08-31,,中京,7,1900,アーマルコライト,7,58.0,42.1,32.6,13.0,1.85,1,0
202507040410,2025-08-31,,中京,7,1900,グラヴィス,8,58.0,39.8,32.6,1.0,-0.45,1,0
202507040410,2025-08-31,,中京,7,1900,ジュタロウ,8,58.0,41.6,32.6,2.0,1.35,0,0
202501020307,2025-08-30,,札幌,1,1000,ピリー,1,56.0,35.6,36.5,4.0,0.5,1,0
202501020307,2025-08-30,,札幌,1,1000,ペレグリン,7,56.0,34.5,36.5,8.0,-0.6,1,0
202501020307,2025-08-30,,札幌,1,1000,エコロレオナ,7,51.0,35.2,36.5,4.0,0.1,1,0
202501020303,2025-08-30,,札幌,1,1700,ロワゾブルーチヌ,1,57.0,39.9,37.0,10.0,0.0,0,0
202501020310,2025-08-30,,札幌,1,1700,セイウンガレオン,1,58.0,39.3,38.1,9.0,-0.12,0,0
202501020305,2025-08-30,,札幌,1,1700,ココラッシー,2,52.0,37.6,35.6,8.0,-1.92,1,0
202501020305,2025-08-30,,札幌,1,1700,スノースコール,3,55.0,38.8,35.6,5.0,-0.72,1,0
202501020310,2025-08-30,,札幌,1,1700,オルゴーリオ,3,58.0,38.6,38.1,3.0,-0.82,0,0
202501020305,2025-08-30,,札幌,1,1700,ワラビガミ,4,55.0,39.5,35.6,11.0,-0.02,0,0
202501020305,2025-08-30,,札幌,1,1700,ワールドブレイヴ,4,52.0,40.5,35.6,8.0,0.98,1,0
202501020310,2025-08-30,,札幌,1,1700,リアライズカミオン,4,55.0,37.3,38.1,5.0,-2.12,1,0
202501020310,2025-08-30,,札幌,1,1700,ソムリエ,4,58.0,40.9,38.1,12.0,1.48,0,0
202501020308,2025-08-30,,札幌,1,1700,コスモフレディ,5,58.0,37.3,36.7,10.0,-0.03,1,0
202501020303,2025-08-30,,札幌,1,1700,バダジェフスカ,6,53.0,41.4,37.0,13.0,1.5,1,0
202501020305,2025-08-30,,札幌,1,1700,シェンフー,6,55.0,42.1,35.6,8.0,2.58,0,0
202501020303,2025-08-30,,札幌,1,1700,ホウオウサムレット,7,57.0,38.4,37.0,2.0,-1.5,1,0
202501020308,2025-08-30,,札幌,1,1700,ヴェラグエリエロ,7,55.0,37.9,36.7,10.0,0.57,0,0
202501020310,2025-08-30,,札幌,1,1700,ファイントパーズ,7,56.0,41.0,38.1,9.0,1.58,0,0
202501020305,2025-08-30,,札幌,1,1700,タイセイモノリス,8,55.0,38.6,35.6,1.0,-0.92,1,0
202501020308,2025-08-30,,札幌,1,1700,ミスティマウンテン,8,55.0,36.8,36.7,6.0,-0.53,1,0
202504030312,2025-08-30,,新潟,4,1200,ハヌル,1,56.0,37.4,36.5,4.0,-1.0,1,0
202504030312,2025-08-30,,新潟,4,1200,ボエーム,3,58.0,37.6,36.5,7.0,-0.8,1,0
202504030312,2025-08-30,,新潟,4,1200,インファンタ,5,53.0,39.8,36.5,8.0,1.4,0,0
202504030312,2025-08-30,,新潟,4,1200,トキメキジニア,7,54.0,38.8,36.5,10.0,0.4,1,0
202504030302,2025-08-30,,新潟,4,1800,ミスマラッカ,2,55.0,43.5,35.8,8.0,2.04,0,0
202504030304,2025-08-30,,新潟,4,1800,ミンナデガンバル,2,54.0,39.7,37.5,13.0,0.56,1,0
202504030304,2025-08-30,,新潟,4,1800,トーアケルキラ,3,57.0,38.7,37.5,2.0,-0.44,1,0
202504030304,2025-08-30,,新潟,4,1800,リカード,3,55.0,39.4,37.5,5.0,0.26,1,0
202504030308,2025-08-30,,新潟,4,1800,ミダース,4,58.0,37.4,38.3,4.0,-1.1,1,0
202504030302,2025-08-30,,新潟,4,1800,マッドゲイル,5,55.0,40.1,35.8,2.0,-1.36,0,0
202504030302,2025-08-30,,新潟,4,1800,アルファシーナ,5,52.0,41.0,35.8,11.0,-0.46,1,0
202504030304,2025-08-30,,新潟,4,1800,ユウオウマイシン,6,57.0,39.0,37.5,10.0,-0.14,0,0
202504030308,2025-08-30,,新潟,4,1800,ウインユアソング,6,58.0,37.7,38.3,10.0,-0.8,0,0
202504030302,2025-08-30,,新潟,4,1800,リバーシティ,7,52.0,41.9,35.8,11.0,0.44,1,0
202504030308,2025-08-30,,新潟,4,1800,ホウオウラムセス,7,58.0,40.4,38.3,3.0,1.9,0,0
202504030302,2025-08-30,,新潟,4,1800,ウインターブレス,8,55.0,40.8,35.8,8.0,-0.66,0,0
202504030304,2025-08-30,,新潟,4,1800,エヌマエリシュ,8,57.0,38.9,37.5,3.0,-0.24,1,0
202507040309,2025-08-30,,中京,7,1200,ホウショウマリス,2,54.0,36.3,33.1,7.0,-0.65,1,0
202507040309,2025-08-30,,中京,7,1200,エールレヴリー,8,56.0,37.6,33.1,12.0,0.65,1,0
202507040312,2025-08-30,,中京,7,1400,ワンウェイトゥヘル,4,54.0,38.9,38.5,4.0,-0.08,0,0
202507040312,2025-08-30,,中京,7,1400,メイケイレイン,6,55.0,37.5,38.5,11.0,-1.48,1,0
202507040312,2025-08-30,,中京,7,1400,マリーヌ,7,53.0,39.3,38.5,4.0,0.32,1,0
202507040312,2025-08-30,,中京,7,1400,ランスオブプライム,8,56.0,40.2,38.5,4.0,1.23,1,0
202507040304,2025-08-30,,中京,7,1800,スリーローズ,1,55.0,39.4,34.7,11.0,-0.63,0,0
202507040302,2025-08-30,,中京,7,1800,ガウラディスコ,2,55.0,38.2,34.0,12.0,-1.8,1,0
202507040311,2025-08-30,,中京,7,1800,リアレスト,3,55.0,37.7,34.2,16.0,-0.7,1,0
202507040302,2025-08-30,,中京,7,1800,シャローファースト,4,55.0,39.4,34.0,8.0,-0.6,1,0
202507040302,2025-08-30,,中京,7,1800,メッチャエエヤン,5,54.0,42.4,34.0,1.0,2.4,0,0
202507040304,2025-08-30,,中京,7,1800,アメリカンバー,5,57.0,38.7,34.7,3.0,-1.33,1,0
202507040304,2025-08-30,,中京,7,1800,オーラエグザート,5,56.0,42.0,34.7,14.0,1.97,0,0
202507040307,2025-08-30,,中京,7,1800,マハナ,5,55.0,36.7,39.6,3.0,-1.45,1,0
202507040307,2025-08-30,,中京,7,1800,オーケーエンジェル,6,53.0,38.1,39.6,7.0,-0.05,0,0
202507040307,2025-08-30,,中京,7,1800,ハイウェイスター,7,56.0,37.2,39.6,6.0,-0.95,0,0
202507040307,2025-08-30,,中京,7,1800,カフェロワイヤル,7,53.0,40.6,39.6,3.0,2.45,0,0
202507040311,2025-08-30,,中京,7,1800,サンデーファンデー,7,58.5,38.2,34.2,2.0,-0.2,1,0
202507040311,2025-08-30,,中京,7,1800,ペイシャフラワー,7,51.0,41.0,34.2,4.0,2.6,0,0
202507040311,2025-08-30,,中京,7,1800,リチュアル,8,55.0,37.8,34.2,3.0,-0.6,1,0
202507040311,2025-08-30,,中京,7,1800,ポッドロゴ,8,55.0,37.3,34.2,10.0,-1.1,1,0
202501020207,2025-08-24,,札幌,1,1000,ディニトーソ,3,53.0,36.1,38.5,3.0,-0.17,1,0
202501020207,2025-08-24,,札幌,1,1000,イチトゼロノアイダ,8,51.0,35.8,38.5,1.0,-0.47,1,0
202501020207,2025-08-24,,札幌,1,1000,モダンフリンジ,8,53.0,36.9,38.5,6.0,0.63,1,0
202501020210,2025-08-24,,札幌,1,1700,スカンジナビア,1,56.0,39.3,38.3,11.0,0.7,1,0
202501020201,2025-08-24,,札幌,1,1700,ハグレジョー,3,55.0,38.2,36.4,10.0,-1.28,1,0
202501020201,2025-08-24,,札幌,1,1700,イッスンボウシ,3,52.0,41.5,36.4,14.0,2.02,0,0
202501020210,2025-08-24,,札幌,1,1700,マフィン,3,56.0,39.0,38.3,9.0,0.4,0,0
202501020210,2025-08-24,,札幌,1,1700,チュウワクリスエス,4,56.0,38.4,38.3,2.0,-0.2,1,0
202501020201,2025-08-24,,札幌,1,1700,リピース,5,52.0,39.1,36.4,3.0,-0.38,0,0
202501020208,2025-08-24,,札幌,1,1700,シンボリノエル,5,56.0,37.6,37.0,8.0,-0.8,1,0
202501020210,2025-08-24,,札幌,1,1700,ツインビスケッツ,5,56.0,39.8,38.3,14.0,1.2,0,0
202501020201,2025-08-24,,札幌,1,1700,ロードベルファスト,6,55.0,39.4,36.4,13.0,-0.08,1,0
202501020208,2025-08-24,,札幌,1,1700,ミサビスケッツ,6,53.0,39.2,37.0,2.0,0.8,0,0
202501020201,2025-08-24,,札幌,1,1700,ユニゾン,7,55.0,39.2,36.4,7.0,-0.28,0,0
202501020203,2025-08-24,,札幌,1,1700,ブルームノーズ,7,57.0,40.5,36.2,6.0,0.0,0,0
202501020203,2025-08-24,,札幌,1,1700,ディアマント,7,53.0,42.1,36.2,5.0,1.6,1,0
202501020210,2025-08-24,,札幌,1,1700,カプラローラ,7,56.0,37.0,38.3,7.0,-1.6,1,0
202501020203,2025-08-24,,札幌,1,1700,エンジョイドライブ,8,57.0,38.9,36.2,4.0,-1.6,1,0
202501020210,2025-08-24,,札幌,1,1700,エイブラムス,8,58.0,38.4,38.3,3.0,-0.2,1,0
202501020210,2025-08-24,,札幌,1,1700,トゥピ,8,56.0,38.3,38.3,13.0,-0.3,1,0
202504030204,2025-08-24,,新潟,4,1200,ベネスティローザ,1,55.0,38.0,35.3,14.0,0.0,0,0
202504030212,2025-08-24,,新潟,4,1200,ティーラミレス,1,53.0,39.3,35.6,5.0,1.27,1,0
202504030212,2025-08-24,,新潟,4,1200,シルバーダイヤ,6,56.0,38.0,35.6,1.0,-0.03,1,0
202504030212,2025-08-24,,新潟,4,1200,シルバードン,7,56.0,36.8,35.6,7.0,-1.23,1,0
202504030208,2025-08-24,,新潟,4,1800,ミラクルキャッツ,1,56.0,38.1,36.7,5.0,-1.45,1,0
202504030208,2025-08-24,,新潟,4,1800,グランコネクシオン,2,56.0,38.3,36.7,9.0,-1.25,0,0
202504030202,2025-08-24,,新潟,4,1800,フラッシュタイム,3,57.0,39.9,36.3,8.0,-0.8,0,0
202504030202,2025-08-24,,新潟,4,1800,ニシノプライム,4,57.0,41.4,36.3,11.0,0.7,0,0
202504030208,2025-08-24,,新潟,4,1800,スノークルーズ,5,53.0,40.6,36.7,3.0,1.05,0,0
202504030202,2025-08-24,,新潟,4,1800,アストラン,6,57.0,40.8,36.3,3.0,0.1,1,0
202504030208,2025-08-24,,新潟,4,1800,ビーコ,8,53.0,41.2,36.7,1.0,1.65,1,0
202507040204,2025-08-24,,中京,7,1400,ニネンエフグミ,1,54.0,39.3,34.6,1.0,-0.63,1,0
202507040212,2025-08-24,,中京,7,1400,ベイリークロア,2,55.0,40.2,38.0,5.0,1.17,1,0
202507040204,2025-08-24,,中京,7,1400,ジーナアクトレス,4,55.0,41.8,34.6,7.0,1.87,1,0
202507040204,2025-08-24,,中京,7,1400,スマートエレーヌ,5,55.0,39.6,34.6,6.0,-0.33,1,0
202507040204,2025-08-24,,中京,7,1400,トップレディー,6,55.0,39.0,34.6,2.0,-0.93,1,0
202507040204,2025-08-24,,中京,7,1400,タンタンドル,6,55.0,41.2,34.6,4.0,1.27,1,0
202507040212,2025-08-24,,中京,7,1400,ウォーターパラディ,6,55.0,38.6,38.0,7.0,-0.43,0,0
202507040212,2025-08-24,,中京,7,1400,フェヴリエ,6,58.0,40.1,38.0,13.0,1.07,1,0
202507040204,2025-08-24,,中京,7,1400,アイルフィレール,7,55.0,39.3,34.6,13.0,-0.63,1,0
202507040212,2025-08-24,,中京,7,1400,ゼットスパンキー,7,57.0,37.4,38.0,12.0,-1.63,1,0
202507040212,2025-08-24,,中京,7,1400,スニーカースキル,7,53.0,38.9,38.0,10.0,-0.13,1,0
202507040204,2025-08-24,,中京,7,1400,アフェシス,8,52.0,39.3,34.6,10.0,-0.63,1,0
202507040212,2025-08-24,,中京,7,1400,アシャカブラン,8,58.0,39.0,38.0,13.0,-0.03,1,0
202507040207,2025-08-24,,中京,7,1800,ポルトドール,1,57.0,37.9,36.5,5.0,-0.65,1,0
202507040210,2025-08-24,,中京,7,1800,ユメハハテシナク,1,58.0,39.1,36.7,7.0,-1.8,1,0
202507040207,2025-08-24,,中京,7,1800,ダノンウィルヘルム,2,57.0,39.2,36.5,7.0,0.65,0,0
202507040210,2025-08-24,,中京,7,1800,ヴォルスター,5,58.0,42.7,36.7,5.0,1.8,0,0
202507040202,2025-08-24,,中京,7,1900,ディープオーシャン,1,55.0,46.1,33.9,7.0,4.68,0,0
202507040202,2025-08-24,,中京,7,1900,ヤヌシサンダー,4,57.0,41.4,33.9,10.0,-0.02,0,0
202507040202,2025-08-24,,中京,7,1900,スピントロニクス,6,56.0,39.4,33.9,3.0,-2.02,1,0
202507040202,2025-08-24,,中京,7,1900,サントモナルカ,7,56.0,38.8,33.9,4.0,-2.62,1,0
202501020104,2025-08-23,,札幌,1,1700,ダノンラッセル,1,57.0,39.3,36.6,4.0,0.45,1,0
202501020112,2025-08-23,,札幌,1,1700,ハミルトン,1,55.0,38.1,36.1,3.0,-0.87,0,0
202501020104,2025-08-23,,札幌,1,1700,サンライズミモザ,2,56.0,38.7,36.6,14.0,-0.15,1,0
202501020104,2025-08-23,,札幌,1,1700,リドルトリガー,3,55.0,38.1,36.6,1.0,-0.75,0,0
202501020104,2025-08-23,,札幌,1,1700,ニコ,3,52.0,38.6,36.6,5.0,-0.25,1,0
202501020112,2025-08-23,,札幌,1,1700,ミッションルース,3,58.0,39.3,36.1,2.0,0.33,1,0
202501020112,2025-08-23,,札幌,1,1700,レイワサンサン,4,58.0,39.5,36.1,3.0,0.53,1,0
202501020104,2025-08-23,,札幌,1,1700,ヴァルチャースター,6,57.0,40.1,36.6,8.0,1.25,0,0
202501020104,2025-08-23,,札幌,1,1700,キタノホウセキ,7,52.0,38.3,36.6,2.0,-0.55,1,0
202501020108,2025-08-23,,札幌,1,2400,ピストルスター,3,55.0,39.6,39.1,2.0,0.7,1,0
202501020108,2025-08-23,,札幌,1,2400,ベイラム,4,55.0,38.2,39.1,2.0,-0.7,1,0
202504030106,2025-08-23,,新潟,4,1200,サンマルレーヴ,1,55.0,36.8,34.3,13.0,-1.09,1,0
202504030109,2025-08-23,,新潟,4,1200,ダズリングダンス,1,58.0,36.9,31.4,2.0,-0.37,1,0
202504030106,2025-08-23,,新潟,4,1200,フィアマドラータ,2,57.0,38.1,34.3,15.0,0.21,0,0
202504030106,2025-08-23,,新潟,4,1200,マグノリアロード,3,55.0,37.5,34.3,9.0,-0.39,1,0
202504030106,2025-08-23,,新潟,4,1200,ファータフィオーレ,3,52.0,39.7,34.3,14.0,1.81,0,0
202504030109,2025-08-23,,新潟,4,1200,ホワイトターフ,3,56.0,38.3,31.4,4.0,1.03,1,0
202504030109,2025-08-23,,新潟,4,1200,タイセイフェスタ,4,58.0,36.6,31.4,14.0,-0.67,1,0
202504030106,2025-08-23,,新潟,4,1200,マロンカラノテガミ,7,55.0,37.5,34.3,2.0,-0.39,1,0
202504030106,2025-08-23,,新潟,4,1200,ニジノカナタニ,7,53.0,38.2,34.3,4.0,0.31,0,0
202504030106,2025-08-23,,新潟,4,1200,シスター,8,55.0,37.4,34.3,1.0,-0.49,0,0
202504030108,2025-08-23,,新潟,4,1800,カルツァクライン,1,55.0,40.3,34.5,9.0,0.24,1,0
202504030108,2025-08-23,,新潟,4,1800,ブレードサクセス,2,55.0,38.8,34.5,3.0,-1.26,1,0
202504030108,2025-08-23,,新潟,4,1800,バシリス,4,51.0,42.2,34.5,6.0,2.14,0,0
202504030111,2025-08-23,,新潟,4,1800,アイファーテイオー,5,57.0,37.4,34.1,6.0,-0.57,1,0
202504030108,2025-08-23,,新潟,4,1800,ロードフロリゼル,6,55.0,38.9,34.5,4.0,-1.16,1,0
202504030111,2025-08-23,,新潟,4,1800,ジョージテソーロ,6,57.0,38.8,34.1,6.0,0.83,1,0
202504030108,2025-08-23,,新潟,4,1800,ウォーハンマー,7,55.0,40.1,34.5,6.0,0.04,0,0
202504030111,2025-08-23,,新潟,4,1800,ブレイクフォース,7,58.0,37.7,34.1,6.0,-0.27,1,0
202504030102,2025-08-23,,新潟,4,1800,ザタイムズ,8,55.0,41.3,39.6,12.0,0.0,0,0
202507040107,2025-08-23,,中京,7,1200,アイルトンバローズ,2,57.0,40.1,38.8,2.0,-0.44,0,0
202507040107,2025-08-23,,中京,7,1200,サファリ,3,56.0,42.8,38.8,2.0,2.26,0,0
202507040107,2025-08-23,,中京,7,1200,オーウェンズバレー,4,57.0,37.0,38.8,14.0,-3.54,1,0
202507040107,2025-08-23,,中京,7,1200,スリアント,5,55.0,41.6,38.8,6.0,1.06,1,0
202507040107,2025-08-23,,中京,7,1200,ノヴァエスペランサ,7,57.0,41.2,38.8,11.0,0.66,0,0
202507040111,2025-08-23,,中京,7,1400,ワレハウミノコ,1,52.0,36.8,34.0,13.0,0.0,1,0
202507040102,2025-08-23,,中京,7,1800,インターアーバン,1,57.0,40.5,39.8,6.0,-0.87,1,0
202507040106,2025-08-23,,中京,7,1800,ブラッドムーン,2,52.0,39.4,39.5,10.0,0.5,0,0
202507040102,2025-08-23,,中京,7,1800,ヤマカツライコウ,3,57.0,41.9,39.8,12.0,0.53,0,0
202507040112,2025-08-23,,中京,7,1800,メイショウアイナ,4,51.0,41.9,37.2,1.0,0.9,0,0
202507040106,2025-08-23,,中京,7,1800,ノースミソロジー,5,55.0,38.6,39.5,5.0,-0.3,1,0
202507040112,2025-08-23,,中京,7,1800,トレチーメ,5,58.0,40.1,37.2,7.0,-0.9,0,0
202507040102,2025-08-23,,中京,7,1800,キンセンオー,7,56.0,41.7,39.8,4.0,0.33,0,0
202507040106,2025-08-23,,中京,7,1800,モンサンゴールデン,8,55.0,38.7,39.5,2.0,-0.2,0,0
202501010806,2025-08-17,,札幌,1,1000,エスグラシア,4,53.0,35.6,39.3,9.0,-0.14,1,0
202501010806,2025-08-17,,札幌,1,1000,ハヤテノツバサ,5,56.0,35.0,39.3,3.0,-0.74,1,0
202501010810,2025-08-17,,札幌,1,1000,サンディブロンド,5,56.0,36.3,38.2,3.0,0.6,1,0
202501010806,2025-08-17,,札幌,1,1000,フェリーニ,6,58.0,37.0,39.3,4.0,1.26,0,0
202501010806,2025-08-17,,札幌,1,1000,テイオームサシ,7,56.0,35.0,39.3,11.0,-0.74,1,0
202501010806,2025-08-17,,札幌,1,1000,ブルーデイジー,8,53.0,36.1,39.3,12.0,0.36,1,0
202501010810,2025-08-17,,札幌,1,1000,ジーベック,8,58.0,35.1,38.2,8.0,-0.6,1,0
202501010808,2025-08-17,,札幌,1,1700,ラルフテソーロ,1,55.0,39.9,34.7,7.0,-0.75,0,0
202501010804,2025-08-17,,札幌,1,1700,ビービーバザーク,3,57.0,38.0,36.4,6.0,-1.35,0,0
202501010804,2025-08-17,,札幌,1,1700,ミュージックマン,4,57.0,39.2,36.4,8.0,-0.15,1,0
202501010804,2025-08-17,,札幌,1,1700,チョウリニア,5,52.0,38.7,36.4,9.0,-0.65,0,0
202501010804,2025-08-17,,札幌,1,1700,アイズミサクラ,6,55.0,41.5,36.4,5.0,2.15,0,0
202501010808,2025-08-17,,札幌,1,1700,テーオースミス,7,55.0,41.4,34.7,13.0,0.75,0,0
202501010802,2025-08-17,,札幌,1,2400,キムタックフェイス,4,55.0,40.1,37.7,12.0,-0.23,0,0
202501010802,2025-08-17,,札幌,1,2400,ケイアイワイラーパ,7,57.0,38.9,37.7,1.0,-1.43,1,0
202501010802,2025-08-17,,札幌,1,2400,アルデフォックス,8,57.0,42.0,37.7,9.0,1.67,1,0
202504020805,2025-08-17,,新潟,4,1200,ケイツーシェケル,2,57.0,38.5,35.3,14.0,0.38,1,0
202504020809,2025-08-17,,新潟,4,1200,ウィウィルウィン,2,58.0,38.3,34.0,13.0,0.07,0,0
202504020809,2025-08-17,,新潟,4,1200,フォンメイリー,3,54.0,37.8,34.0,2.0,-0.43,1,0
202504020809,2025-08-17,,新潟,4,1200,サンマルブーケ,3,56.0,39.2,34.0,14.0,0.98,0,0
202504020805,2025-08-17,,新潟,4,1200,ルジュウェール,5,57.0,36.9,35.3,6.0,-1.23,1,0
202504020809,2025-08-17,,新潟,4,1200,サイモンカーチス,5,58.0,37.6,34.0,12.0,-0.62,1,0
202504020805,2025-08-17,,新潟,4,1200,ヴィオラソナタ,6,55.0,38.6,35.3,13.0,0.48,0,0
202504020807,2025-08-17,,新潟,4,1200,アスクドゥラメンテ,7,55.0,36.8,32.1,13.0,0.0,1,0
202504020805,2025-08-17,,新潟,4,1200,リラキトス,8,57.0,38.5,35.3,3.0,0.38,0,0
202504020802,2025-08-17,,新潟,4,1800,パワーオブドリーム,1,57.0,46.2,38.0,4.0,3.52,1,0
202504020802,2025-08-17,,新潟,4,1800,テルケンレンスター,2,57.0,40.8,38.0,9.0,-1.88,1,0
202504020802,2025-08-17,,新潟,4,1800,リアライズオネスト,3,57.0,44.8,38.0,15.0,2.12,0,0
202504020802,2025-08-17,,新潟,4,1800,ノイシュタット,4,57.0,42.8,38.0,2.0,0.12,0,0
202504020802,2025-08-17,,新潟,4,1800,シャトーペリオット,5,54.0,43.8,38.0,13.0,1.12,0,0
202504020802,2025-08-17,,新潟,4,1800,ナイトダンサー,6,57.0,45.9,38.0,12.0,3.22,0,0
202504020802,2025-08-17,,新潟,4,1800,クラウンアールシー,7,54.0,40.4,38.0,1.0,-2.28,1,0
202504020802,2025-08-17,,新潟,4,1800,ミンナデガンバル,7,55.0,39.7,38.0,10.0,-2.98,1,0
202504020810,2025-08-17,,新潟,4,1800,ブルーゴールド,7,58.0,38.9,37.2,7.0,0.45,1,0
202504020802,2025-08-17,,新潟,4,1800,トーアケルキラ,8,54.0,39.7,38.0,7.0,-2.98,0,0
202504020810,2025-08-17,,新潟,4,1800,コーリンカルベラ,8,58.0,38.0,37.2,5.0,-0.45,0,0
202507030809,2025-08-17,,中京,7,1200,テルケンユミグラス,2,55.0,39.3,36.4,16.0,0.14,1,0
202507030809,2025-08-17,,中京,7,1200,アスクアットバット,3,56.0,40.1,36.4,2.0,0.94,1,0
202507030809,2025-08-17,,中京,7,1200,スマートフランキー,4,57.0,38.4,36.4,10.0,-0.76,1,0
202507030809,2025-08-17,,中京,7,1200,タガノグラウス,6,55.0,40.4,36.4,8.0,1.24,1,0
202507030809,2025-08-17,,中京,7,1200,デーモンスレイヤー,8,56.0,37.6,36.4,5.0,-1.56,1,0
202507030802,2025-08-17,,中京,7,1400,テイエムパイロダン,1,55.0,37.8,38.6,16.0,-0.43,1,0
202507030802,2025-08-17,,中京,7,1400,リアライズブルーム,2,55.0,38.2,38.6,10.0,-0.03,1,0
202507030806,2025-08-17,,中京,7,1400,スズカコーズ,2,58.0,36.9,35.4,8.0,-0.4,1,0
202507030810,2025-08-17,,中京,7,1400,ミッシオーネ,2,50.0,42.1,33.9,2.0,1.7,1,0
202507030806,2025-08-17,,中京,7,1400,ノヴァエクスプレス,3,58.0,36.7,35.4,4.0,-0.6,1,0
202507030806,2025-08-17,,中京,7,1400,シュバルツガイスト,3,58.0,38.3,35.4,10.0,1.0,0,0
202507030810,2025-08-17,,中京,7,1400,エコロカレン,3,56.0,40.1,33.9,9.0,-0.3,1,0
202507030810,2025-08-17,,中京,7,1400,ロンシャンクイーン,6,56.0,38.8,33.9,5.0,-1.6,1,0
202507030802,2025-08-17,,中京,7,1400,エブリデイ,8,54.0,38.7,38.6,4.0,0.47,0,0
202507030810,2025-08-17,,中京,7,1400,テリオスソラ,8,56.0,40.6,33.9,14.0,0.2,0,0
202507030805,2025-08-17,,中京,7,1800,アンデルマット,2,55.0,41.9,37.2,10.0,-0.54,0,0
202507030805,2025-08-17,,中京,7,1800,マンノデュエット,3,51.0,41.4,37.2,5.0,-1.04,1,0
202507030805,2025-08-17,,中京,7,1800,ウィッティクオウト,4,55.0,41.5,37.2,16.0,-0.94,1,0
202507030805,2025-08-17,,中京,7,1800,キュアフローラ,8,55.0,43.4,37.2,7.0,0.96,1,0
202507030805,2025-08-17,,中京,7,1800,アーブルラーブル,8,54.0,44.0,37.2,14.0,1.56,0,0
202501010703,2025-08-16,,札幌,1,1000,ステラノヴァ,1,57.0,35.0,34.6,8.0,-0.7,0,0
202501010703,2025-08-16,,札幌,1,1000,フルグライト,3,55.0,35.6,34.6,6.0,-0.1,1,0
202501010703,2025-08-16,,札幌,1,1000,エアザキントス,5,56.0,36.5,34.6,9.0,0.8,1,0
202501010706,2025-08-16,,札幌,1,1700,メイショウマヒロ,2,52.0,38.7,35.0,10.0,0.0,1,0
202501010702,2025-08-16,,札幌,1,1700,ティアップマッハ,3,55.0,42.2,36.2,4.0,0.63,1,0
202501010708,2025-08-16,,札幌,1,1700,バイアビリティ,4,55.0,40.5,37.6,5.0,0.4,0,0
202501010708,2025-08-16,,札幌,1,1700,メイショウハマギク,4,50.0,40.8,37.6,13.0,0.7,0,0
202501010711,2025-08-16,,札幌,1,1700,スマートケープ,4,54.0,40.2,36.7,1.0,1.43,0,0
202501010711,2025-08-16,,札幌,1,1700,ウェイトゥゴー,5,53.0,36.9,36.7,11.0,-1.88,1,0
202501010702,2025-08-16,,札幌,1,1700,ミセスリリー,6,53.0,40.0,36.2,12.0,-1.57,0,0
202501010711,2025-08-16,,札幌,1,1700,クロースコンバット,6,57.0,38.4,36.7,3.0,-0.38,1,0
202501010702,2025-08-16,,札幌,1,1700,メルヘンライズ,7,55.0,42.5,36.2,9.0,0.93,0,0
202501010708,2025-08-16,,札幌,1,1700,ジュンラトゥール,7,55.0,39.0,37.6,1.0,-1.1,1,0
202501010711,2025-08-16,,札幌,1,1700,レッドラパルマ,7,56.0,39.6,36.7,9.0,0.83,1,0
202504020707,2025-08-16,,新潟,4,1200,イミュータブル,3,58.0,36.7,32.9,5.0,-1.05,1,0
202504020707,2025-08-16,,新潟,4,1200,モデルハント,7,56.0,38.8,32.9,5.0,1.05,0,0
202504020710,2025-08-16,,新潟,4,1800,クリプトス,1,57.0,41.3,37.6,6.0,1.04,1,0
202504020703,2025-08-16,,新潟,4,1800,プラウドモーメント,3,55.0,40.2,34.9,4.0,-0.36,1,0
202504020710,2025-08-16,,新潟,4,1800,サイモングリット,3,57.0,39.7,37.6,6.0,-0.56,1,0
202504020703,2025-08-16,,新潟,4,1800,メイショウナナカゼ,4,52.0,42.6,34.9,11.0,2.04,0,0
202504020708,2025-08-16,,新潟,4,1800,ニフェーデービル,4,58.0,39.1,38.0,4.0,0.75,0,0
202504020710,2025-08-16,,新潟,4,1800,ロードオブキング,4,57.0,40.0,37.6,13.0,-0.26,1,0
202504020703,2025-08-16,,新潟,4,1800,ノースカトレア,5,55.0,40.3,34.9,7.0,-0.26,1,0
202504020710,2025-08-16,,新潟,4,1800,グランプラネッタ,5,57.0,40.4,37.6,15.0,0.14,0,0
202504020703,2025-08-16,,新潟,4,1800,ムンディ,6,52.0,40.5,34.9,11.0,-0.06,0,0
202504020703,2025-08-16,,新潟,4,1800,カサビセンス,7,55.0,39.2,34.9,4.0,-1.36,1,0
202504020708,2025-08-16,,新潟,4,1800,マルカブリッツ,8,58.0,37.6,38.0,2.0,-0.75,1,0
202504020710,2025-08-16,,新潟,4,1800,アドマイヤコーク,8,57.0,39.9,37.6,2.0,-0.36,1,0
202507030709,2025-08-16,,中京,7,1200,ゼットエール,5,56.0,36.5,34.7,4.0,-0.37,0,0
202507030709,2025-08-16,,中京,7,1200,セールヴォラン,5,58.0,36.0,34.7,13.0,-0.87,1,0
202507030709,2025-08-16,,中京,7,1200,ピカリ,7,56.0,38.1,34.7,7.0,1.23,1,0
202507030701,2025-08-16,,中京,7,1200,サンブル,8,52.0,38.3,40.2,5.0,-0.6,0,0
202507030701,2025-08-16,,中京,7,1200,アウトザロー,8,55.0,39.5,40.2,5.0,0.6,0,0
202507030705,2025-08-16,,中京,7,1400,テットドール,3,52.0,40.8,35.4,8.0,1.55,0,0
202507030705,2025-08-16,,中京,7,1400,ボーヌロマネ,5,57.0,37.7,35.4,11.0,-1.55,0,0
202507030705,2025-08-16,,中京,7,1400,ヤングソルジャー,5,57.0,39.6,35.4,13.0,0.35,0,0
202507030705,2025-08-16,,中京,7,1400,レズルレクティオ,7,56.0,38.5,35.4,11.0,-0.75,1,0
202507030705,2025-08-16,,中京,7,1400,ゼンノソブリン,8,57.0,38.9,35.4,3.0,-0.35,1,0
202507030705,2025-08-16,,中京,7,1400,ミッキージェントル,8,57.0,40.0,35.4,2.0,0.75,1,0
202507030704,2025-08-16,,中京,7,1800,バルミラクル,2,57.0,38.6,39.4,4.0,-1.12,1,0
202507030710,2025-08-16,,中京,7,1800,ブラックタロー,3,52.0,41.1,36.9,6.0,-0.1,1,0
202507030704,2025-08-16,,中京,7,1800,ラストショット,5,57.0,38.8,39.4,14.0,-0.93,0,0
202507030704,2025-08-16,,中京,7,1800,アナベルデアモンテ,5,57.0,40.6,39.4,5.0,0.88,1,0
202507030710,2025-08-16,,中京,7,1800,ジーティーアメリカ,6,55.0,41.3,36.9,1.0,0.1,0,0
202507030704,2025-08-16,,中京,7,1800,マルカベント,7,53.0,40.9,39.4,15.0,1.17,0,0
202501010602,2025-08-10,,札幌,1,1000,レイワエポック,5,52.0,37.5,35.0,2.0,0.95,1,0
202501010602,2025-08-10,,札幌,1,1000,タッカーバリアント,8,57.0,35.6,35.0,11.0,-0.95,1,0
202501010604,2025-08-10,,札幌,1,1700,メイショウゲキハ,1,57.0,39.2,37.9,4.0,-1.35,1,0
202501010608,2025-08-10,,札幌,1,1700,スズノソレイユ,1,52.0,40.0,33.5,6.0,0.65,0,0
202501010612,2025-08-10,,札幌,1,1700,カンジ,1,56.0,40.2,37.0,5.0,1.04,0,0
202501010601,2025-08-10,,札幌,1,1700,ワンモメンタム,2,55.0,40.1,34.7,6.0,-1.84,0,0
202501010604,2025-08-10,,札幌,1,1700,オキョンピー,2,57.0,38.8,37.9,9.0,-1.75,1,0
202501010608,2025-08-10,,札幌,1,1700,デルマムーン,2,55.0,38.7,33.5,3.0,-0.65,0,0
202501010601,2025-08-10,,札幌,1,1700,ワンインザスカイ,3,55.0,43.1,34.7,7.0,1.16,0,0
202501010601,2025-08-10,,札幌,1,1700,ナムラシンジロー,3,52.0,42.9,34.7,13.0,0.96,1,0
202501010612,2025-08-10,,札幌,1,1700,メイショウシロガネ,3,53.0,40.2,37.0,10.0,1.04,1,0
202501010601,2025-08-10,,札幌,1,1700,ロードアマルフィ,4,55.0,42.4,34.7,7.0,0.46,0,0
202501010604,2025-08-10,,札幌,1,1700,ワンダーヴァッフェ,4,54.0,40.7,37.9,12.0,0.15,0,0
202501010612,2025-08-10,,札幌,1,1700,ショウナンヤッホー,5,54.0,39.2,37.0,6.0,0.04,1,0
202501010604,2025-08-10,,札幌,1,1700,コスモクイーンビー,6,55.0,43.5,37.9,9.0,2.95,0,0
202501010612,2025-08-10,,札幌,1,1700,タイセイミッション,6,56.0,38.3,37.0,2.0,-0.86,0,0
202501010601,2025-08-10,,札幌,1,1700,チカマヨルキーナ,7,55.0,41.2,34.7,10.0,-0.74,0,0
202501010612,2025-08-10,,札幌,1,1700,アセレラシオン,8,56.0,37.9,37.0,12.0,-1.26,1,0
202504020603,2025-08-10,,新潟,4,1200,ドリームガッサン,1,55.0,40.4,38.9,1.0,1.04,0,0
202504020603,2025-08-10,,新潟,4,1200,レディサン,4,55.0,39.1,38.9,3.0,-0.26,0,0
202504020603,2025-08-10,,新潟,4,1200,スラッシュコード,4,55.0,40.1,38.9,6.0,0.74,1,0
202504020603,2025-08-10,,新潟,4,1200,エクスプレスナイト,5,52.0,39.1,38.9,11.0,-0.26,1,0
202504020609,2025-08-10,,新潟,4,1200,ワンダーレイザー,6,57.0,38.2,33.7,3.0,0.0,1,0
202504020603,2025-08-10,,新潟,4,1200,ランスオブキング,8,55.0,38.1,38.9,4.0,-1.26,1,0
202504020604,2025-08-10,,新潟,4,1800,ミズイロ,1,55.0,39.8,37.8,13.0,-0.04,0,0
202504020604,2025-08-10,,新潟,4,1800,アンジュオスリール,3,52.0,41.6,37.8,1.0,1.76,0,0
202504020607,2025-08-10,,新潟,4,1800,ポールセン,3,57.0,39.7,35.1,4.0,1.48,0,0
202504020604,2025-08-10,,新潟,4,1800,クロメヒョウ,5,52.0,39.7,37.8,10.0,-0.14,1,0
202504020604,2025-08-10,,新潟,4,1800,インティパイロ,6,55.0,39.3,37.8,8.0,-0.54,1,0
202504020604,2025-08-10,,新潟,4,1800,ミルキープリンセス,7,55.0,38.8,37.8,4.0,-1.04,1,0
202504020607,2025-08-10,,新潟,4,1800,ルグランヴァン,7,57.0,38.6,35.1,9.0,0.38,1,0
202504020607,2025-08-10,,新潟,4,1800,ハグ,8,57.0,37.2,35.1,4.0,-1.02,1,0
202504020607,2025-08-10,,新潟,4,1800,ニューファウンド,8,57.0,37.4,35.1,9.0,-0.82,1,0
202507030605,2025-08-10,,中京,7,1400,ストラティファイド,1,52.0,39.7,36.1,16.0,0.45,0,0
202507030605,2025-08-10,,中京,7,1400,ビジンハクメイ,2,52.0,39.1,36.1,15.0,-0.15,0,0
202507030605,2025-08-10,,中京,7,1400,ベネチアンクローム,5,54.0,39.9,36.1,13.0,0.65,1,0
202507030605,2025-08-10,,中京,7,1400,ヴェントステラーレ,7,55.0,38.3,36.1,9.0,-0.95,1,0
202507030608,2025-08-10,,中京,7,1800,パーサヴィアランス,1,58.0,38.2,39.1,7.0,-0.5,1,0
202507030602,2025-08-10,,中京,7,1800,エイシンカーバイン,4,57.0,40.6,36.9,8.0,0.43,0,0
202507030608,2025-08-10,,中京,7,1800,テスティモーネ,5,55.0,37.6,39.1,3.0,-1.1,1,0
202507030602,2025-08-10,,中京,7,1800,ライラックデューン,8,55.0,39.8,36.9,6.0,-0.37,1,0
202507030602,2025-08-10,,中京,7,1800,カネトシエテルノ,8,55.0,40.1,36.9,14.0,-0.07,1,0
202507030608,2025-08-10,,中京,7,1800,シャルクハフト,8,55.0,37.8,39.1,10.0,-0.9,1,0
202507030608,2025-08-10,,中京,7,1800,メイショウソウセキ,8,55.0,41.2,39.1,2.0,2.5,0,0
202507030610,2025-08-10,,中京,7,1900,サンライズシュガー,5,52.0,39.2,35.3,9.0,0.5,1,0
202507030610,2025-08-10,,中京,7,1900,ペネトレイトゴー,6,57.0,38.2,35.3,11.0,-0.5,1,0
202501010507,2025-08-09,,札幌,1,1000,ピクラリーダ,4,56.0,38.1,34.3,4.0,1.37,0,0
202501010507,2025-08-09,,札幌,1,1000,エコロレオナ,5,51.0,35.9,34.3,4.0,-0.83,1,0
202501010507,2025-08-09,,札幌,1,1000,スパークルジョイ,8,53.0,36.2,34.3,7.0,-0.53,0,0
202501010511,2025-08-09,,札幌,1,1700,ミッキーヌチバナ,2,57.0,36.5,38.0,7.0,-1.7,1,0
202501010502,2025-08-09,,札幌,1,1700,アルマヴィーナス,3,55.0,40.4,37.2,6.0,0.3,1,0
202501010511,2025-08-09,,札幌,1,1700,マテンロウスカイ,4,58.0,39.9,38.0,11.0,1.7,0,0
202501010504,2025-08-09,,札幌,1,1700,ヒシカリナン,5,57.0,40.8,37.1,13.0,1.3,1,0
202501010504,2025-08-09,,札幌,1,1700,ホウオウサムレット,6,54.0,38.2,37.1,4.0,-1.3,0,0
202501010502,2025-08-09,,札幌,1,1700,アウスラフラッグ,7,52.0,39.8,37.2,5.0,-0.3,1,0
202501010502,2025-08-09,,札幌,1,1700,ミートザターゲット,7,55.0,40.8,37.2,14.0,0.7,1,0
202501010502,2025-08-09,,札幌,1,1700,ハローエンジェル,8,52.0,39.4,37.2,2.0,-0.7,0,0
202504020501,2025-08-09,,新潟,4,1200,ニケフェリーチェ,2,55.0,37.7,36.5,15.0,-1.2,1,0
202504020510,2025-08-09,,新潟,4,1200,ウォルラス,2,58.0,37.0,33.6,15.0,-0.08,0,0
202504020501,2025-08-09,,新潟,4,1200,ヨドノティアラ,4,55.0,38.3,36.5,5.0,-0.6,1,0
202504020510,2025-08-09,,新潟,4,1200,アルジェンタージョ,5,56.0,37.3,33.6,9.0,0.22,1,0
202504020510,2025-08-09,,新潟,4,1200,イナフセド,5,58.0,38.2,33.6,7.0,1.12,1,0
202504020501,2025-08-09,,新潟,4,1200,ドングラミ,6,52.0,40.7,36.5,11.0,1.8,0,0
202504020510,2025-08-09,,新潟,4,1200,ビッグドリーム,8,58.0,36.6,33.6,2.0,-0.48,0,0
202504020510,2025-08-09,,新潟,4,1200,アグラード,8,58.0,36.3,33.6,10.0,-0.78,0,0
202504020508,2025-08-09,,新潟,4,1400,ハイヤーマーク,3,55.0,34.3,35.8,3.0,0.0,1,0
202504020508,2025-08-09,,新潟,4,1400,ヤマメライズ,7,55.0,34.3,35.8,5.0,0.0,1,0
202504020504,2025-08-09,,新潟,4,1800,ソルデマジョ,1,57.0,42.3,38.9,10.0,2.03,1,0
202504020509,2025-08-09,,新潟,4,1800,ビップレーヌ,1,56.0,41.2,38.3,3.0,1.95,1,0
202504020509,2025-08-09,,新潟,4,1800,ラーナローザ,2,53.0,38.6,38.3,3.0,-0.65,1,0
202504020504,2025-08-09,,新潟,4,1800,インサイト,3,57.0,40.1,38.9,13.0,-0.17,0,0
202504020509,2025-08-09,,新潟,4,1800,ミツカネヴィーナス,3,56.0,39.9,38.3,12.0,0.65,1,0
202504020504,2025-08-09,,新潟,4,1800,フランシュフック,4,57.0,40.2,38.9,7.0,-0.07,0,0
202504020504,2025-08-09,,新潟,4,1800,ブレゲアン,5,57.0,39.1,38.9,3.0,-1.17,1,0
202504020509,2025-08-09,,新潟,4,1800,フィールオーサム,5,53.0,38.7,38.3,1.0,-0.55,1,0
202504020509,2025-08-09,,新潟,4,1800,シルヴァティカ,6,56.0,38.7,38.3,14.0,-0.55,0,0
202504020504,2025-08-09,,新潟,4,1800,エヌマエリシュ,7,57.0,38.7,38.9,2.0,-1.57,0,0
202504020504,2025-08-09,,新潟,4,1800,レヴァントリ,8,57.0,39.3,38.9,5.0,-0.97,1,0
202504020504,2025-08-09,,新潟,4,1800,コーリンフウガ,8,57.0,42.2,38.9,7.0,1.93,0,0
202504020509,2025-08-09,,新潟,4,1800,アルプスオジョー,8,53.0,38.4,38.3,10.0,-0.85,1,0
202507030505,2025-08-09,,中京,7,1200,ボヌールキャッツ,2,55.0,38.7,38.1,14.0,0.05,0,0
202507030505,2025-08-09,,中京,7,1200,デーモンスレイヤー,4,56.0,38.0,38.1,1.0,-0.65,1,0
202507030505,2025-08-09,,中京,7,1200,エムズオルフェ,5,55.0,40.6,38.1,6.0,1.95,1,0
202507030505,2025-08-09,,中京,7,1200,バチェラーパーティ,5,57.0,38.8,38.1,16.0,0.15,1,0
202507030505,2025-08-09,,中京,7,1200,ムギトルナ,6,57.0,38.3,38.1,4.0,-0.35,1,0
202507030505,2025-08-09,,中京,7,1200,ブルロッソ,7,55.0,37.5,38.1,12.0,-1.15,1,0
202507030510,2025-08-09,,中京,7,1400,ダイシンリンク,6,55.0,36.9,37.5,10.0,-0.15,1,0
202507030510,2025-08-09,,中京,7,1400,ゴメンネジロー,7,53.0,37.2,37.5,6.0,0.15,1,0
202507030502,2025-08-09,,中京,7,1800,ザンクトガレン,1,52.0,39.6,37.7,14.0,-0.12,0,0
202507030507,2025-08-09,,中京,7,1800,レーウィン,1,58.0,39.3,36.4,16.0,-0.6,0,0
202507030507,2025-08-09,,中京,7,1800,シャンデルナゴル,3,58.0,41.4,36.4,13.0,1.5,1,0
202507030502,2025-08-09,,中京,7,1800,モズプリヴェール,5,57.0,38.4,37.7,6.0,-1.32,1,0
202507030502,2025-08-09,,中京,7,1800,メイショウフソウ,6,57.0,39.7,37.7,9.0,-0.02,0,0
202507030507,2025-08-09,,中京,7,1800,メイショウコガシラ,6,58.0,38.7,36.4,2.0,-1.2,1,0
202507030507,2025-08-09,,中京,7,1800,エメヴィベール,6,58.0,38.7,36.4,9.0,-1.2,1,0
202507030507,2025-08-09,,中京,7,1800,ホークフィールド,7,58.0,41.4,36.4,9.0,1.5,0,0
202507030502,2025-08-09,,中京,7,1800,ノイエムジーク,8,55.0,41.2,37.7,15.0,1.48,0,0
202501010401,2025-08-03,,札幌,1,1000,ドナソレイ,1,52.0,39.2,36.8,7.0,0.0,0,0
202501010409,2025-08-03,,札幌,1,1000,ジーベック,3,55.0,35.5,34.5,6.0,-1.05,0,0
202501010409,2025-08-03,,札幌,1,1000,クーデール,5,51.0,37.6,34.5,10.0,1.05,1,0
202501010407,2025-08-03,,札幌,1,1700,マーベリックシチー,1,58.0,39.5,37.1,3.0,-1.94,1,0
202501010402,2025-08-03,,札幌,1,1700,ハッピールンナ,2,55.0,38.5,35.7,8.0,-0.8,0,0
202501010404,2025-08-03,,札幌,1,1700,ハーイバービー,2,52.0,43.1,39.5,14.0,1.17,0,0
202501010402,2025-08-03,,札幌,1,1700,ハプスブルグ,3,52.0,40.1,35.7,13.0,0.8,1,0
202501010404,2025-08-03,,札幌,1,1700,マナミン,3,52.0,42.9,39.5,12.0,0.97,1,0
202501010404,2025-08-03,,札幌,1,1700,ダイハッシュウ,4,54.0,44.0,39.5,11.0,2.07,1,0
202501010407,2025-08-03,,札幌,1,1700,マクミランテソーロ,4,58.0,39.9,37.1,1.0,-1.54,1,0
202501010404,2025-08-03,,札幌,1,1700,アトラクトラン,6,54.0,42.4,39.5,10.0,0.47,0,0
202501010407,2025-08-03,,札幌,1,1700,スマートブル,6,53.0,41.5,37.1,2.0,0.06,0,0
202501010404,2025-08-03,,札幌,1,1700,ドバイミッション,7,57.0,40.0,39.5,2.0,-1.93,1,0
202501010407,2025-08-03,,札幌,1,1700,グランレザンドール,7,55.0,40.5,37.1,3.0,-0.94,0,0
202501010404,2025-08-03,,札幌,1,1700,エポカリーナ,8,54.0,39.9,39.5,3.0,-2.03,1,0
202501010404,2025-08-03,,札幌,1,1700,スピードイエロー,8,55.0,41.2,39.5,6.0,-0.73,0,0
202501010407,2025-08-03,,札幌,1,1700,ラマンシュ,8,55.0,45.8,37.1,11.0,4.36,0,0
202504020410,2025-08-03,,新潟,4,1200,フクチャンヒメ,2,54.0,39.6,36.4,4.0,1.1,0,0
202504020405,2025-08-03,,新潟,4,1200,アンエクスプロード,3,57.0,42.3,39.9,1.0,1.27,0,0
202504020410,2025-08-03,,新潟,4,1200,クインズシフォン,6,51.0,37.4,36.4,11.0,-1.1,0,0
202504020405,2025-08-03,,新潟,4,1200,ハズムリズム,7,54.0,41.4,39.9,15.0,0.37,0,0
202504020405,2025-08-03,,新潟,4,1200,ハイエストランク,8,52.0,39.4,39.9,8.0,-1.63,0,0
202504020402,2025-08-03,,新潟,4,1800,ライトアファイア,2,55.0,39.7,34.7,9.0,-0.64,0,0
202504020402,2025-08-03,,新潟,4,1800,アルファシーナ,2,52.0,40.0,34.7,14.0,-0.34,1,0
202504020409,2025-08-03,,新潟,4,1800,ノブレスジャン,2,57.0,41.3,36.5,9.0,1.4,1,0
202504020402,2025-08-03,,新潟,4,1800,マーゴットクリュグ,3,55.0,39.3,34.7,3.0,-1.04,0,0
202504020409,2025-08-03,,新潟,4,1800,ライヴスプーン,4,52.0,38.6,36.5,1.0,-1.3,1,0
202504020402,2025-08-03,,新潟,4,1800,ウインターブレス,5,55.0,40.4,34.7,12.0,0.06,1,0
202504020402,2025-08-03,,新潟,4,1800,リバーシティ,6,52.0,41.6,34.7,12.0,1.26,1,0
202504020409,2025-08-03,,新潟,4,1800,ラファエラエンゼル,6,55.0,40.5,36.5,7.0,0.6,1,0
202504020402,2025-08-03,,新潟,4,1800,トモエナゲ,7,55.0,42.4,34.7,9.0,2.06,0,0
202504020409,2025-08-03,,新潟,4,1800,ブランクシート,7,57.0,39.2,36.5,11.0,-0.7,0,0
202504020402,2025-08-03,,新潟,4,1800,サマーマッドネス,8,55.0,39.0,34.7,2.0,-1.34,1,0
202507030410,2025-08-03,,中京,7,1200,ツーピース,2,54.0,38.8,35.4,1.0,0.0,1,0
202507030406,2025-08-03,,中京,7,1400,ヘンリー,5,58.0,39.0,39.2,2.0,0.33,1,0
202507030406,2025-08-03,,中京,7,1400,マイネルカーライル,5,58.0,39.7,39.2,1.0,1.03,1,0
202507030406,2025-08-03,,中京,7,1400,タイゲン,8,58.0,37.3,39.2,10.0,-1.37,1,0
202507030407,2025-08-03,,中京,7,1800,サトノルフィアン,1,58.0,40.8,37.4,4.0,2.12,0,0
202507030402,2025-08-03,,中京,7,1800,ガウラディスコ,2,55.0,38.7,37.9,9.0,-3.02,1,0
202507030402,2025-08-03,,中京,7,1800,タマコロリン,2,55.0,45.2,37.9,5.0,3.48,0,0
202507030407,2025-08-03,,中京,7,1800,ラインオブソウル,2,57.0,38.6,37.4,9.0,-0.07,1,0
202507030402,2025-08-03,,中京,7,1800,グランワールド,3,55.0,39.7,37.9,7.0,-2.02,1,0
202507030407,2025-08-03,,中京,7,1800,エナハツホ,4,55.0,37.0,37.4,11.0,-1.67,1,0
202507030402,2025-08-03,,中京,7,1800,シャローファースト,6,55.0,40.3,37.9,11.0,-1.42,0,0
202507030402,2025-08-03,,中京,7,1800,ドンラプス,8,55.0,44.7,37.9,14.0,2.98,0,0
202507030407,2025-08-03,,中京,7,1800,ピースオブザライフ,8,55.0,38.3,37.4,9.0,-0.38,0,0
202507030404,2025-08-03,,中京,7,1900,ヤヌシサンダー,2,57.0,37.5,38.9,7.0,-0.77,0,0
202507030404,2025-08-03,,中京,7,1900,ハックルベリー,8,57.0,38.8,38.9,10.0,0.53,1,0
202507030404,2025-08-03,,中京,7,1900,ヒロニャン,8,57.0,38.5,38.9,14.0,0.23,1,0
202501010302,2025-08-02,,札幌,1,1000,フルグライト,3,57.0,35.6,37.3,6.0,-0.03,0,0
202501010302,2025-08-02,,札幌,1,1000,ハナヒラク,4,52.0,35.9,37.3,10.0,0.27,1,0
202501010306,2025-08-02,,札幌,1,1000,ミルフルール,6,56.0,35.5,34.6,4.0,0.2,0,0
202501010302,2025-08-02,,札幌,1,1000,ステラノヴァ,7,57.0,35.4,37.3,3.0,-0.23,1,0
202501010306,2025-08-02,,札幌,1,1000,サンピアノソナタ,7,53.0,35.1,34.6,7.0,-0.2,1,0
202501010312,2025-08-02,,札幌,1,1700,グレイスオブゴッド,2,56.0,37.5,35.1,9.0,-0.5,1,0
202501010303,2025-08-02,,札幌,1,1700,マイネルアース,3,54.0,38.2,34.4,11.0,-0.77,1,0
202501010303,2025-08-02,,札幌,1,1700,ビザンティーノ,3,57.0,40.3,34.4,9.0,1.33,0,0
202501010312,2025-08-02,,札幌,1,1700,オールマキシマム,3,56.0,37.0,35.1,8.0,-1.0,0,0
202501010312,2025-08-02,,札幌,1,1700,アンブロジアーナ,3,56.0,39.2,35.1,13.0,1.2,0,0
202501010312,2025-08-02,,札幌,1,1700,メイショウリリー,4,56.0,36.6,35.1,12.0,-1.4,1,0
202501010308,2025-08-02,,札幌,1,1700,ニシノブレイゼスト,6,55.0,38.4,34.2,5.0,0.0,1,0
202501010303,2025-08-02,,札幌,1,1700,リバティフレイム,8,57.0,38.4,34.4,7.0,-0.57,1,0
202501010312,2025-08-02,,札幌,1,1700,ミレニアムヒロイン,8,56.0,39.7,35.1,13.0,1.7,0,0
202504020305,2025-08-02,,新潟,4,1200,ベルツリー,2,55.0,40.7,37.5,12.0,1.17,0,0
202504020305,2025-08-02,,新潟,4,1200,ルージュミネルバ,3,55.0,37.3,37.5,15.0,-2.23,1,0
202504020305,2025-08-02,,新潟,4,1200,トレジャーハウス,8,55.0,40.6,37.5,10.0,1.07,0,0
202504020307,2025-08-02,,新潟,4,1800,オレデイイノカ,1,54.0,38.1,35.5,7.0,-0.86,1,0
202504020308,2025-08-02,,新潟,4,1800,ウィンターダフネ,1,56.0,39.6,36.0,7.0,-0.47,1,0
202504020308,2025-08-02,,新潟,4,1800,ヴァナルガンド,2,58.0,38.1,36.0,4.0,-1.97,1,0
202504020307,2025-08-02,,新潟,4,1800,フジマサテイオー,3,53.0,40.5,35.5,10.0,1.54,0,0
202504020302,2025-08-02,,新潟,4,1800,ヴァルトバーデン,4,57.0,40.0,37.8,1.0,-0.24,1,0
202504020307,2025-08-02,,新潟,4,1800,サノノエスポ,4,52.0,37.1,35.5,14.0,-1.86,1,0
202504020310,2025-08-02,,新潟,4,1800,カージオイド,4,55.0,38.5,35.4,6.0,-0.43,0,0
202504020302,2025-08-02,,新潟,4,1800,ミッキーサンズ,5,57.0,39.1,37.8,13.0,-1.14,1,0
202504020308,2025-08-02,,新潟,4,1800,ユイノマチブセ,6,58.0,40.5,36.0,1.0,0.43,1,0
202504020308,2025-08-02,,新潟,4,1800,ヴァルドルチャ,6,58.0,42.9,36.0,2.0,2.83,0,0
202504020310,2025-08-02,,新潟,4,1800,アンクエンチャブル,6,58.0,40.1,35.4,1.0,1.17,0,0
202504020302,2025-08-02,,新潟,4,1800,センジュコスモス,7,55.0,39.1,37.8,3.0,-1.14,1,0
202504020308,2025-08-02,,新潟,4,1800,キャネル,7,58.0,38.5,36.0,8.0,-1.57,1,0
202504020308,2025-08-02,,新潟,4,1800,マーシヴィガラス,7,58.0,40.8,36.0,10.0,0.73,0,0
202504020310,2025-08-02,,新潟,4,1800,カゼノタカトシ,7,55.0,38.2,35.4,2.0,-0.73,1,0
202504020302,2025-08-02,,新潟,4,1800,オンザバサラ,8,57.0,40.5,37.8,10.0,0.26,1,0
202504020302,2025-08-02,,新潟,4,1800,グールマン,8,57.0,42.5,37.8,5.0,2.26,0,0
202504020307,2025-08-02,,新潟,4,1800,シェットランド,8,54.0,39.1,35.5,2.0,0.14,1,0
202504020307,2025-08-02,,新潟,4,1800,サトノアイオライト,8,55.0,40.0,35.5,3.0,1.04,0,0
202507030308,2025-08-02,,中京,7,1200,アスタールフナ,4,54.0,36.7,34.2,2.0,-1.35,1,0
202507030308,2025-08-02,,中京,7,1200,ズバットマサムネ,5,58.0,39.7,34.2,12.0,1.65,0,0
202507030308,2025-08-02,,中京,7,1200,サドル,6,58.0,38.6,34.2,4.0,0.55,1,0
202507030308,2025-08-02,,中京,7,1200,ランウインディ,7,56.0,37.2,34.2,2.0,-0.85,1,0
202507030305,2025-08-02,,中京,7,1400,シュパネントウィル,1,57.0,39.0,34.3,1.0,-0.15,0,0
202507030305,2025-08-02,,中京,7,1400,タイセイビートル,2,57.0,38.6,34.3,15.0,-0.55,1,0
202507030305,2025-08-02,,中京,7,1400,ゼンノソブリン,3,57.0,38.6,34.3,11.0,-0.55,0,0
202507030305,2025-08-02,,中京,7,1400,ワンダーティコ,3,51.0,40.4,34.3,13.0,1.25,0,0
202507030310,2025-08-02,,中京,7,1400,ガビーズブラザー,5,55.0,38.6,32.1,11.0,-0.1,1,0
202507030310,2025-08-02,,中京,7,1400,ハクサンアイリス,6,55.0,38.8,32.1,2.0,0.1,1,0
202507030310,2025-08-02,,中京,7,1400,ウォーターパラディ,6,54.0,38.3,32.1,5.0,-0.4,1,0
202507030310,2025-08-02,,中京,7,1400,エナジーガンツ,7,55.0,39.1,32.1,5.0,0.4,1,0
202507030303,2025-08-02,,中京,7,1800,メイショウアボット,1,57.0,40.8,37.8,9.0,0.6,0,0
202507030306,2025-08-02,,中京,7,1800,キングオブフジ,1,58.0,39.2,39.9,7.0,-0.84,1,0
202507030303,2025-08-02,,中京,7,1800,ローズゴジャール,2,55.0,38.9,37.8,5.0,-1.3,1,0
202507030306,2025-08-02,,中京,7,1800,メイショウトム,2,58.0,40.8,39.9,9.0,0.76,0,0
202507030306,2025-08-02,,中京,7,1800,タッチャブル,5,58.0,38.9,39.9,10.0,-1.14,1,0
202507030303,2025-08-02,,中京,7,1800,メイショウユウボシ,6,57.0,42.0,37.8,15.0,1.8,0,0
202507030309,2025-08-02,,中京,7,1800,リヴァイデント,7,56.0,40.8,38.0,9.0,0.15,1,0
202507030303,2025-08-02,,中京,7,1800,メイショウライズ,8,57.0,39.1,37.8,11.0,-1.1,0,0
202507030306,2025-08-02,,中京,7,1800,ボックスオフィス,8,58.0,40.8,39.9,2.0,0.76,1,0
202507030306,2025-08-02,,中京,7,1800,ダブルジャッジ,8,58.0,40.5,39.9,7.0,0.46,1,0
202507030309,2025-08-02,,中京,7,1800,ディズレーリ,8,57.0,40.5,38.0,7.0,-0.15,0,0
202501010206,2025-07-27,,札幌,1,1000,アスクアメージモア,8,55.0,35.8,34.6,7.0,0.0,0,0
202501010201,2025-07-27,,札幌,1,1700,モアサナイト,4,55.0,39.8,36.1,5.0,-0.92,1,0
202501010201,2025-07-27,,札幌,1,1700,スタードメイソン,4,52.0,40.6,36.1,10.0,-0.12,1,0
202501010203,2025-07-27,,札幌,1,1700,ブラックレーション,4,56.0,40.8,38.8,3.0,0.9,1,0
202501010203,2025-07-27,,札幌,1,1700,マークオブゾロ,4,54.0,40.3,38.8,14.0,0.4,0,0
202501010201,2025-07-27,,札幌,1,1700,ウインフルゴラ,5,55.0,42.9,36.1,14.0,2.18,0,0
202501010201,2025-07-27,,札幌,1,1700,オルミラベル,6,55.0,41.0,36.1,9.0,0.28,1,0
202501010203,2025-07-27,,札幌,1,1700,タイキフィアリーベ,6,57.0,38.6,38.8,6.0,-1.3,1,0
202501010201,2025-07-27,,札幌,1,1700,ハローエンジェル,8,55.0,39.6,36.1,3.0,-1.12,1,0
202501010201,2025-07-27,,札幌,1,1700,アラマンダ,8,55.0,40.4,36.1,7.0,-0.32,0,0
202501010207,2025-07-27,,札幌,1,1700,スナークメモリー,8,53.0,38.4,38.8,2.0,0.0,1,0
202504020205,2025-07-27,,新潟,4,1200,ヤサカエトワール,2,55.0,37.3,36.3,14.0,-0.47,0,0
202504020205,2025-07-27,,新潟,4,1200,グルナルーフス,3,54.0,39.1,36.3,10.0,1.33,1,0
202504020208,2025-07-27,,新潟,4,1200,ヴェルトラウム,4,58.0,39.1,33.9,6.0,0.0,1,0
202504020205,2025-07-27,,新潟,4,1200,シスター,6,55.0,36.9,36.3,5.0,-0.87,0,0
202504020204,2025-07-27,,新潟,4,1800,ナックシュバリエ,5,54.0,39.8,35.7,14.0,-1.17,0,0
202504020204,2025-07-27,,新潟,4,1800,ブランフォルテ,6,57.0,42.7,35.7,10.0,1.73,0,0
202504020209,2025-07-27,,新潟,4,1800,プロフェータ,6,55.0,37.8,34.2,6.0,-0.15,1,0
202504020209,2025-07-27,,新潟,4,1800,リュクススティール,7,58.0,38.1,34.2,13.0,0.15,0,0
202504020204,2025-07-27,,新潟,4,1800,セブンスウェイ,8,57.0,40.4,35.7,3.0,-0.57,1,0
202507030204,2025-07-27,,中京,7,1200,メイショウヨンク,2,57.0,37.4,36.9,8.0,0.37,1,0
202507030204,2025-07-27,,中京,7,1200,モンサンヴデット,6,55.0,36.4,36.9,11.0,-0.63,1,0
202507030204,2025-07-27,,中京,7,1200,スマートフランキー,7,57.0,37.3,36.9,2.0,0.27,1,0
202507030207,2025-07-27,,中京,7,1400,アドバンスファラオ,1,57.0,38.1,34.0,7.0,0.87,1,0
202507030207,2025-07-27,,中京,7,1400,ダノンスコーピオン,3,59.0,36.2,34.0,13.0,-1.03,1,0
202507030210,2025-07-27,,中京,7,1400,モカラマーズ,5,55.0,38.1,37.0,11.0,0.03,1,0
202507030207,2025-07-27,,中京,7,1400,リジル,8,55.0,37.4,34.0,1.0,0.17,1,0
202507030210,2025-07-27,,中京,7,1400,クリオシダード,8,54.0,37.5,37.0,2.0,-0.57,1,0
202507030210,2025-07-27,,中京,7,1400,エイシンコクスン,8,56.0,38.6,37.0,3.0,0.53,1,0
202507030209,2025-07-27,,中京,7,1800,ヴァンアグレアブル,1,53.0,37.8,38.2,9.0,-1.85,0,0
202507030202,2025-07-27,,中京,7,1800,ジャスティントレノ,6,57.0,40.6,40.0,3.0,1.05,0,0
202507030202,2025-07-27,,中京,7,1800,グレイルクエスト,8,56.0,38.5,40.0,6.0,-1.05,1,0
202507030209,2025-07-27,,中京,7,1800,ヨーグルトナン,8,50.0,41.5,38.2,1.0,1.85,0,0
202501010109,2025-07-26,,札幌,1,1700,コムルヴァン,2,56.0,40.2,35.2,11.0,0.9,0,0
202501010112,2025-07-26,,札幌,1,1700,ケイアイメキラ,2,58.0,36.9,35.7,5.0,-0.67,1,0
202501010103,2025-07-26,,札幌,1,1700,ベイビーベリッシモ,3,57.0,40.3,33.1,11.0,0.52,0,0
202501010105,2025-07-26,,札幌,1,1700,ウォータースパウト,3,55.0,41.0,39.9,6.0,-0.8,0,0
202501010112,2025-07-26,,札幌,1,1700,ウインアルドーレ,3,58.0,36.9,35.7,2.0,-0.67,1,0
202501010103,2025-07-26,,札幌,1,1700,オオタチ,4,57.0,38.3,33.1,6.0,-1.48,1,0
202501010103,2025-07-26,,札幌,1,1700,サヨノミッキー,4,54.0,39.8,33.1,9.0,0.02,1,0
202501010105,2025-07-26,,札幌,1,1700,エクストラプッシュ,4,55.0,40.0,39.9,11.0,-1.8,1,0
202501010109,2025-07-26,,札幌,1,1700,ユウェンタース,4,53.0,38.4,35.2,5.0,-0.9,1,0
202501010112,2025-07-26,,札幌,1,1700,バロンドール,4,58.0,38.6,35.7,13.0,1.03,0,0
202501010103,2025-07-26,,札幌,1,1700,カシマスウィープ,5,55.0,40.6,33.1,12.0,0.82,1,0
202501010105,2025-07-26,,札幌,1,1700,シホノソルジェンテ,6,55.0,44.4,39.9,10.0,2.6,0,0
202501010103,2025-07-26,,札幌,1,1700,オロパタジン,8,54.0,39.9,33.1,3.0,0.12,1,0
202501010112,2025-07-26,,札幌,1,1700,ムジェロ,8,58.0,37.9,35.7,10.0,0.33,1,0
202504020101,2025-07-26,,新潟,4,1200,ラインカシウス,1,52.0,38.5,38.4,5.0,-0.55,1,0
202504020110,2025-07-26,,新潟,4,1200,ショコラブレッド,1,56.0,38.7,35.4,5.0,0.9,1,0
202504020101,2025-07-26,,新潟,4,1200,サンクスアミリオン,2,55.0,38.2,38.4,8.0,-0.85,0,0
202504020109,2025-07-26,,新潟,4,1200,マーメイドスカート,3,55.0,38.8,37.9,7.0,0.25,1,0
202504020109,2025-07-26,,新潟,4,1200,エクストラチャージ,6,54.0,39.0,37.9,10.0,0.45,1,0
202504020110,2025-07-26,,新潟,4,1200,タイセイピューマ,6,58.0,36.9,35.4,9.0,-0.9,1,0
202504020101,2025-07-26,,新潟,4,1200,ツトムユニバース,7,55.0,41.2,38.4,2.0,2.15,0,0
202504020109,2025-07-26,,新潟,4,1200,セイウンユズカ,7,55.0,37.6,37.9,5.0,-0.95,0,0
202504020109,2025-07-26,,新潟,4,1200,ララセドラティエ,7,55.0,38.8,37.9,2.0,0.25,1,0
202504020110,2025-07-26,,新潟,4,1200,エコロカディス,7,55.0,37.8,35.4,5.0,0.0,1,0
202504020101,2025-07-26,,新潟,4,1200,ベアゴーフォー,8,55.0,38.3,38.4,4.0,-0.75,0,0
202504020106,2025-07-26,,新潟,4,1800,サンセットブライト,2,56.0,39.7,37.8,8.0,0.05,1,0
202504020104,2025-07-26,,新潟,4,1800,シックスレイヴンズ,6,55.0,41.9,36.4,7.0,1.1,0,0
202504020106,2025-07-26,,新潟,4,1800,アレスグート,7,55.0,39.6,37.8,5.0,-0.05,0,0
202504020104,2025-07-26,,新潟,4,1800,ミッキーキャンディ,8,55.0,39.7,36.4,4.0,-1.1,1,0
202507030105,2025-07-26,,中京,7,1400,ヴェントステラーレ,1,55.0,38.2,37.9,11.0,-0.47,1,0
202507030106,2025-07-26,,中京,7,1400,マイレーヌ,4,56.0,38.5,36.6,6.0,1.2,1,0
202507030105,2025-07-26,,中京,7,1400,アスターニルギリ,5,54.0,38.4,37.9,14.0,-0.27,1,0
202507030106,2025-07-26,,中京,7,1400,タイガースパーク,5,58.0,36.1,36.6,13.0,-1.2,1,0
202507030105,2025-07-26,,中京,7,1400,マーブルヴァリー,6,55.0,40.1,37.9,12.0,1.43,0,0
202507030105,2025-07-26,,中京,7,1400,オルペラー,7,57.0,38.0,37.9,15.0,-0.67,1,0
202507030102,2025-07-26,,中京,7,1800,リアルサファリ,1,55.0,37.1,35.1,6.0,-2.67,1,0
202507030110,2025-07-26,,中京,7,1800,ブラックタロー,1,55.0,38.9,39.3,11.0,0.23,1,0
202507030102,2025-07-26,,中京,7,1800,グルーヴィデザイン,2,55.0,37.5,35.1,11.0,-2.27,1,0
202507030102,2025-07-26,,中京,7,1800,アサガクル,2,55.0,40.1,35.1,11.0,0.33,0,0
202507030110,2025-07-26,,中京,7,1800,ジーティーアメリカ,3,55.0,38.4,39.3,4.0,-0.27,1,0
202507030102,2025-07-26,,中京,7,1800,エリタージュソング,5,52.0,41.2,35.1,16.0,1.43,0,0
202507030108,2025-07-26,,中京,7,1800,ラヴァブル,5,53.0,38.5,38.9,7.0,0.0,0,0
202507030110,2025-07-26,,中京,7,1800,テルアスワッド,5,55.0,38.7,39.3,8.0,0.03,0,0
202507030102,2025-07-26,,中京,7,1800,アンアルモニー,6,55.0,38.3,35.1,15.0,-1.48,0,0
202507030102,2025-07-26,,中京,7,1800,モダンレディ,6,53.0,41.9,35.1,11.0,2.12,0,0
202507030102,2025-07-26,,中京,7,1800,ウィッティングハム,7,55.0,44.3,35.1,9.0,4.52,0,0
202507030102,2025-07-26,,中京,7,1800,キュアフローラ,8,55.0,37.8,35.1,2.0,-1.98,1,0
202503020804,2025-07-20,,福島,3,1150,ヴィビーム,1,55.0,38.3,31.4,3.0,-0.4,1,0
202503020807,2025-07-20,,福島,3,1150,キタノゲルニカ,1,57.0,38.0,32.1,15.0,-0.43,1,0
202503020804,2025-07-20,,福島,3,1150,チュラヴェール,2,55.0,37.6,31.4,3.0,-1.1,0,0
202503020804,2025-07-20,,福島,3,1150,ドリームスマッシュ,5,52.0,40.4,31.4,8.0,1.7,0,0
202503020804,2025-07-20,,福島,3,1150,ロココ,6,55.0,38.5,31.4,7.0,-0.2,1,0
202503020807,2025-07-20,,福島,3,1150,スマイルインザサン,6,55.0,39.2,32.1,11.0,0.77,0,0
202503020807,2025-07-20,,福島,3,1150,フランシナテソーロ,7,55.0,38.1,32.1,5.0,-0.33,1,0
202503020812,2025-07-20,,福島,3,1700,シュレン,2,53.0,37.6,35.6,4.0,-1.62,1,0
202503020812,2025-07-20,,福島,3,1700,メリークリスマス,4,55.0,37.5,35.6,3.0,-1.72,1,0
202503020812,2025-07-20,,福島,3,1700,サイモンプレジール,5,58.0,39.6,35.6,7.0,0.38,1,0
202503020802,2025-07-20,,福島,3,1700,ホロヨイマンゲツ,6,54.0,41.0,34.0,11.0,-0.2,0,0
202503020802,2025-07-20,,福島,3,1700,タヤスアメリカン,6,57.0,42.1,34.0,15.0,0.9,0,0
202503020812,2025-07-20,,福島,3,1700,マッハレイジング,6,53.0,40.9,35.6,14.0,1.68,0,0
202503020802,2025-07-20,,福島,3,1700,フクチャンダイオウ,8,57.0,40.5,34.0,8.0,-0.7,0,0
202503020812,2025-07-20,,福島,3,1700,ブリックンクリック,8,55.0,40.5,35.6,4.0,1.28,0,0
202510020801,2025-07-20,,小倉,10,1000,ダイシンヨーク,2,54.0,37.3,36.4,10.0,-0.2,1,0
202510020801,2025-07-20,,小倉,10,1000,コパノロケット,5,55.0,37.2,36.4,4.0,-0.3,0,0
202510020801,2025-07-20,,小倉,10,1000,スマートバニー,6,55.0,38.5,36.4,9.0,1.0,0,0
202510020801,2025-07-20,,小倉,10,1000,オトコノロマン,7,55.0,37.8,36.4,5.0,0.3,1,0
202510020801,2025-07-20,,小倉,10,1000,ゴーゴーシャチョウ,8,55.0,36.7,36.4,2.0,-0.8,0,0
202510020803,2025-07-20,,小倉,10,1700,ガンナール,1,53.0,39.6,35.3,14.0,-1.4,1,0
202510020803,2025-07-20,,小倉,10,1700,ライラックデューン,4,55.0,39.6,35.3,5.0,-1.4,0,0
202510020810,2025-07-20,,小倉,10,1700,シークレットキー,5,54.0,39.8,37.3,8.0,0.0,0,0
202510020803,2025-07-20,,小倉,10,1700,ディザーヴユー,6,55.0,40.4,35.3,11.0,-0.6,1,0
202510020803,2025-07-20,,小倉,10,1700,ジャスタパーティー,7,56.0,42.0,35.3,13.0,1.0,0,0
202510020803,2025-07-20,,小倉,10,1700,ジューンセレッソ,7,55.0,43.4,35.3,8.0,2.4,0,0
202503020710,2025-07-19,,福島,3,1150,ロイヤルダンス,1,58.0,36.0,32.9,11.0,-1.1,1,0
202503020712,2025-07-19,,福島,3,1150,アイファーチーター,2,55.0,37.5,30.6,11.0,-0.2,0,0
202503020710,2025-07-19,,福島,3,1150,ブライトルピナス,7,56.0,38.2,32.9,16.0,1.1,0,0
202503020712,2025-07-19,,福島,3,1150,サザンレイク,8,53.0,37.9,30.6,6.0,0.2,0,0
202503020706,2025-07-19,,福島,3,1700,フィザルモニカ,1,53.0,38.4,35.9,3.0,-0.85,1,0
202503020702,2025-07-19,,福島,3,1700,ブラックモノリス,4,55.0,41.2,35.6,4.0,-0.02,1,0
202503020702,2025-07-19,,福島,3,1700,アナベルケイツー,4,55.0,42.1,35.6,14.0,0.88,0,0
202503020706,2025-07-19,,福島,3,1700,セギレエルビエント,5,53.0,40.1,35.9,3.0,0.85,1,0
202503020702,2025-07-19,,福島,3,1700,プレイアブルゲーム,7,52.0,40.7,35.6,10.0,-0.52,0,0
202503020702,2025-07-19,,福島,3,1700,ミヤグリフォン,8,55.0,40.4,35.6,2.0,-0.82,0,0
202503020702,2025-07-19,,福島,3,1700,リュウノヒルド,8,55.0,41.7,35.6,12.0,0.48,1,0
202510020702,2025-07-19,,小倉,10,1000,ダイユウブルー,1,55.0,37.7,32.7,12.0,0.68,0,0
202510020702,2025-07-19,,小倉,10,1000,レイワエポック,5,55.0,36.4,32.7,1.0,-0.62,0,0
202510020702,2025-07-19,,小倉,10,1000,メイショウハント,5,53.0,37.3,32.7,9.0,0.27,1,0
202510020702,2025-07-19,,小倉,10,1000,ブライトノヴァ,8,57.0,36.7,32.7,8.0,-0.32,0,0
202510020710,2025-07-19,,小倉,10,1700,インジケーター,1,58.0,39.9,36.4,16.0,1.34,0,0
202510020706,2025-07-19,,小倉,10,1700,インザスカイ,2,57.0,38.9,35.4,15.0,0.48,0,0
202510020706,2025-07-19,,小倉,10,1700,アルデフォックス,3,56.0,38.4,35.4,1.0,-0.02,1,0
202510020710,2025-07-19,,小倉,10,1700,メイショウカシワデ,3,58.0,37.4,36.4,9.0,-1.16,1,0
202510020710,2025-07-19,,小倉,10,1700,トゥーテイルズ,4,56.0,38.0,36.4,11.0,-0.56,1,0
202510020706,2025-07-19,,小倉,10,1700,ドウジャスティ,5,57.0,38.4,35.4,5.0,-0.02,1,0
202510020710,2025-07-19,,小倉,10,1700,サヴァビアン,6,58.0,37.9,36.4,14.0,-0.66,1,0
202510020712,2025-07-19,,小倉,10,1700,アートレスマインド,6,55.0,36.1,37.7,6.0,-0.97,1,0
202510020710,2025-07-19,,小倉,10,1700,サクハル,7,58.0,39.6,36.4,6.0,1.04,0,0
202510020712,2025-07-19,,小倉,10,1700,アンノウンウォリア,7,58.0,38.2,37.7,14.0,1.13,0,0
202510020706,2025-07-19,,小倉,10,1700,エイシンキャロッツ,8,57.0,38.0,35.4,10.0,-0.42,1,0
202510020712,2025-07-19,,小倉,10,1700,カールスタード,8,58.0,36.9,37.7,13.0,-0.17,0,0
202503020608,2025-07-13,,福島,3,1150,マルモリディライト,1,56.0,37.3,30.8,11.0,0.5,1,0
202503020608,2025-07-13,,福島,3,1150,フェールブリエ,4,58.0,36.5,30.8,12.0,-0.3,1,0
202503020608,2025-07-13,,福島,3,1150,テイエムパイロット,6,55.0,36.6,30.8,9.0,-0.2,1,0
202503020602,2025-07-13,,福島,3,1700,ジュンビクトワール,2,57.0,38.6,36.8,1.0,-0.2,0,0
202503020606,2025-07-13,,福島,3,1700,カフェスカーレット,2,55.0,39.0,34.1,8.0,0.1,0,0
202503020602,2025-07-13,,福島,3,1700,ベルフォン,3,55.0,39.6,36.8,12.0,0.8,1,0
202503020610,2025-07-13,,福島,3,1700,ベンテイガ,3,58.0,38.9,36.2,14.0,0.65,0,0
202503020610,2025-07-13,,福島,3,1700,セブンスレター,4,58.0,37.6,36.2,12.0,-0.65,1,0
202503020602,2025-07-13,,福島,3,1700,ファリードゥーン,6,57.0,37.2,36.8,14.0,-1.6,1,0
202503020606,2025-07-13,,福島,3,1700,ヒロノビックバン,6,55.0,38.8,34.1,12.0,-0.1,1,0
202503020602,2025-07-13,,福島,3,1700,キタノショウリュウ,7,57.0,39.5,36.8,9.0,0.7,1,0
202503020602,2025-07-13,,福島,3,1700,ウインマグノリア,8,57.0,38.8,36.8,2.0,-0.0,1,0
202503020602,2025-07-13,,福島,3,1700,スカイリスト,8,55.0,39.1,36.8,9.0,0.3,1,0
202510020609,2025-07-13,,小倉,10,1000,セントールビースト,6,55.0,38.5,33.2,4.0,1.2,0,0
202510020609,2025-07-13,,小倉,10,1000,ルソレイユ,7,58.0,37.7,33.2,2.0,0.4,1,0
202510020609,2025-07-13,,小倉,10,1000,アスタールフナ,7,53.0,35.7,33.2,14.0,-1.6,0,0
202510020603,2025-07-13,,小倉,10,1700,ネオクイーン,1,54.0,42.9,36.4,13.0,1.43,0,0
202510020611,2025-07-13,,小倉,10,1700,パラシュラーマ,2,57.0,39.9,35.1,16.0,0.83,0,0
202510020607,2025-07-13,,小倉,10,1700,バレンシア,3,53.0,40.1,35.5,3.0,-1.67,0,0
202510020607,2025-07-13,,小倉,10,1700,ラブアンドラッキー,3,52.0,41.0,35.5,16.0,-0.77,1,0
202510020611,2025-07-13,,小倉,10,1700,ロコポルティ,3,58.0,38.3,35.1,7.0,-0.77,1,0
202510020603,2025-07-13,,小倉,10,1700,イッカクセンキン,4,54.0,40.1,36.4,15.0,-1.37,0,0
202510020611,2025-07-13,,小倉,10,1700,ハギノアトラス,4,57.0,38.8,35.1,15.0,-0.27,1,0
202510020603,2025-07-13,,小倉,10,1700,ジーヴル,6,57.0,41.4,36.4,9.0,-0.07,0,0
202510020607,2025-07-13,,小倉,10,1700,ヨシノサプライズ,7,53.0,44.2,35.5,5.0,2.43,0,0
202510020611,2025-07-13,,小倉,10,1700,ピースオブザライフ,7,55.0,39.3,35.1,3.0,0.23,1,0
202503020503,2025-07-12,,福島,3,1150,ジュンベルベット,2,57.0,37.4,30.4,13.0,-0.08,1,0
202503020503,2025-07-12,,福島,3,1150,シャトーペリオット,4,57.0,37.6,30.4,16.0,0.12,0,0
202503020503,2025-07-12,,福島,3,1150,ベンメリア,5,57.0,37.3,30.4,8.0,-0.18,1,0
202503020503,2025-07-12,,福島,3,1150,ルックアトミー,6,55.0,37.6,30.4,6.0,0.12,1,0
202503020506,2025-07-12,,福島,3,1150,ベアゴーフォー,7,55.0,38.3,32.5,7.0,0.0,0,0
202503020502,2025-07-12,,福島,3,1700,マキャベリー,2,55.0,39.3,35.6,3.0,0.05,1,0
202503020508,2025-07-12,,福島,3,1700,ティルドーン,2,58.0,42.0,37.5,14.0,2.53,0,0
202503020512,2025-07-12,,福島,3,1700,ヘインズポイント,2,58.0,38.3,33.2,2.0,0.0,1,0
202503020502,2025-07-12,,福島,3,1700,エピックサイクル,3,55.0,39.2,35.6,10.0,-0.05,1,0
202503020508,2025-07-12,,福島,3,1700,ヤウガウ,3,58.0,38.6,37.5,11.0,-0.87,1,0
202503020508,2025-07-12,,福島,3,1700,アイファーグローブ,4,55.0,38.3,37.5,3.0,-1.17,1,0
202503020508,2025-07-12,,福島,3,1700,アパイシュナール,5,56.0,37.8,37.5,4.0,-1.67,1,0
202503020508,2025-07-12,,福島,3,1700,ジュドー,7,55.0,40.9,37.5,12.0,1.43,0,0
202503020508,2025-07-12,,福島,3,1700,スプレーフォール,8,58.0,39.2,37.5,12.0,-0.27,1,0
202510020503,2025-07-12,,小倉,10,1000,デーモンスレイヤー,2,57.0,36.7,36.9,3.0,-0.62,1,0
202510020503,2025-07-12,,小倉,10,1000,ワンダーブリング,4,53.0,36.8,36.9,12.0,-0.53,1,0
202510020503,2025-07-12,,小倉,10,1000,トップレジェンド,7,57.0,37.7,36.9,2.0,0.38,1,0
202510020511,2025-07-12,,小倉,10,1000,フーコサンライズ,7,56.0,37.0,34.7,7.0,0.0,1,0
202510020503,2025-07-12,,小倉,10,1000,メイショウゲッカ,8,57.0,38.1,36.9,14.0,0.77,0,0
202510020508,2025-07-12,,小倉,10,1700,ギュルヴィ,2,55.0,38.5,36.7,5.0,-1.52,1,0
202510020508,2025-07-12,,小倉,10,1700,ストップヤーニング,2,54.0,39.0,36.7,8.0,-1.02,1,0
202510020508,2025-07-12,,小倉,10,1700,シュネーグロッケン,3,54.0,42.1,36.7,9.0,2.08,0,0
202510020508,2025-07-12,,小倉,10,1700,ケイアイアルタイル,4,58.0,40.5,36.7,12.0,0.48,0,0
202510020510,2025-07-12,,小倉,10,1700,ザブライド,4,56.0,42.9,36.1,7.0,1.85,0,0
202510020510,2025-07-12,,小倉,10,1700,プウスカンドゥール,5,56.0,39.3,36.1,7.0,-1.75,1,0
202510020510,2025-07-12,,小倉,10,1700,メイショウコボケ,6,56.0,41.5,36.1,4.0,0.45,0,0
202510020510,2025-07-12,,小倉,10,1700,モイラ,8,56.0,40.5,36.1,2.0,-0.55,1,0
202502010802,2025-07-06,,函館,2,1000,タマゴ,1,55.0,36.5,34.5,4.0,-0.4,1,0
202502010802,2025-07-06,,函館,2,1000,マニーシーン,2,52.0,37.1,34.5,5.0,0.2,1,0
202502010802,2025-07-06,,函館,2,1000,モウフブキ,3,52.0,37.5,34.5,9.0,0.6,0,0
202502010807,2025-07-06,,函館,2,1000,スノーホルンロード,5,58.0,35.7,34.1,10.0,0.15,1,0
202502010807,2025-07-06,,函館,2,1000,エコロレオナ,6,50.0,35.4,34.1,5.0,-0.15,1,0
202502010802,2025-07-06,,函館,2,1000,ハイエンドモデル,7,51.0,36.5,34.5,1.0,-0.4,0,0
202502010803,2025-07-06,,函館,2,1700,ビービープリメーロ,1,55.0,39.7,34.8,4.0,0.33,0,0
202502010808,2025-07-06,,函館,2,1700,ニシノルアノーヴァ,4,55.0,40.5,34.8,11.0,1.55,0,0
202502010803,2025-07-06,,函館,2,1700,ナリタヒカリ,5,55.0,38.3,34.8,6.0,-1.07,1,0
202502010808,2025-07-06,,函館,2,1700,トモジャザーン,5,58.0,38.3,34.8,9.0,-0.65,1,0
202502010803,2025-07-06,,函館,2,1700,シュヴァルノワール,6,57.0,40.1,34.8,4.0,0.73,1,0
202502010808,2025-07-06,,函館,2,1700,ローズマイスター,7,51.0,37.9,34.8,6.0,-1.05,0,0
202502010808,2025-07-06,,函館,2,1700,ガラスノブルース,7,58.0,39.1,34.8,13.0,0.15,0,0
202502010811,2025-07-06,,函館,2,1700,ショウナンライシン,7,58.0,38.0,34.5,4.0,-0.15,1,0
202502010811,2025-07-06,,函館,2,1700,マリアナトレンチ,7,57.0,38.3,34.5,8.0,0.15,1,0
202503020406,2025-07-06,,福島,3,1150,ヘレンテソーロ,1,55.0,37.8,35.6,13.0,-0.1,0,0
202503020409,2025-07-06,,福島,3,1150,ヤマメキング,2,55.0,37.0,32.7,4.0,-0.73,1,0
202503020412,2025-07-06,,福島,3,1150,オコジュ,2,56.0,38.0,30.4,4.0,-0.47,0,0
202503020409,2025-07-06,,福島,3,1150,アスクアイルビゼア,3,58.0,36.2,32.7,7.0,-1.53,0,0
202503020412,2025-07-06,,福島,3,1150,モダンフリンジ,3,52.0,38.2,30.4,10.0,-0.27,1,0
202503020409,2025-07-06,,福島,3,1150,コパノヴィンセント,5,55.0,40.0,32.7,12.0,2.27,0,0
202503020406,2025-07-06,,福島,3,1150,ナギサノバルコニー,6,55.0,38.2,35.6,4.0,0.3,1,0
202503020412,2025-07-06,,福島,3,1150,ショーモッシュ,6,55.0,39.2,30.4,13.0,0.73,0,0
202503020406,2025-07-06,,福島,3,1150,アイドル,7,55.0,37.7,35.6,2.0,-0.2,0,0
202503020402,2025-07-06,,福島,3,1700,マーゴットビースト,2,57.0,38.6,34.6,10.0,-1.3,1,0
202503020402,2025-07-06,,福島,3,1700,ミュージックマン,3,57.0,38.0,34.6,3.0,-1.9,1,0
202503020402,2025-07-06,,福島,3,1700,ノアファースト,4,57.0,42.2,34.6,14.0,2.3,0,0
202503020411,2025-07-06,,福島,3,1700,キタノリューオー,4,57.0,37.1,36.6,11.0,-1.54,1,0
202503020411,2025-07-06,,福島,3,1700,リューベック,4,54.0,37.2,36.6,15.0,-1.44,1,0
202503020402,2025-07-06,,福島,3,1700,レイズサンライズ,5,57.0,39.8,34.6,15.0,-0.1,0,0
202503020411,2025-07-06,,福島,3,1700,サトノフェニックス,6,57.0,37.7,36.6,3.0,-0.94,0,0
202503020411,2025-07-06,,福島,3,1700,カズプレスト,6,55.0,40.6,36.6,12.0,1.96,0,0
202503020402,2025-07-06,,福島,3,1700,ボンジュルネ,7,57.0,41.7,34.6,13.0,1.8,1,0
202503020402,2025-07-06,,福島,3,1700,コンパクトファイト,8,54.0,38.4,34.6,7.0,-1.5,0,0
202503020402,2025-07-06,,福島,3,1700,トーアナカヨシ,8,55.0,40.6,34.6,5.0,0.7,0,0
202503020411,2025-07-06,,福島,3,1700,コンバスチョン,8,55.0,40.6,36.6,4.0,1.96,0,0
202510020408,2025-07-06,,小倉,10,1000,ワイルドブッター,2,55.0,34.9,35.0,12.0,-0.37,1,0
202510020406,2025-07-06,,小倉,10,1000,ウインロズパレード,3,55.0,39.4,35.8,3.0,0.25,0,0
202510020408,2025-07-06,,小倉,10,1000,ジャスパーノベル,3,53.0,35.7,35.0,11.0,0.43,1,0
202510020406,2025-07-06,,小倉,10,1000,サウンドプリモ,5,55.0,38.9,35.8,3.0,-0.25,1,0
202510020408,2025-07-06,,小倉,10,1000,キョラムン,5,53.0,35.2,35.0,9.0,-0.07,1,0
202510020412,2025-07-06,,小倉,10,1700,テーオーミリカン,1,55.0,39.7,37.0,3.0,-0.17,1,0
202510020412,2025-07-06,,小倉,10,1700,ピストンボーイ,1,57.0,39.2,37.0,14.0,-0.67,1,0
202510020402,2025-07-06,,小倉,10,1700,ピスタ,3,57.0,40.9,35.1,10.0,-0.73,1,0
202510020402,2025-07-06,,小倉,10,1700,トゥライトゥーラ,4,57.0,42.3,35.1,15.0,0.67,0,0
202510020412,2025-07-06,,小倉,10,1700,ブラックドレス,4,53.0,39.8,37.0,10.0,-0.08,1,0
202510020402,2025-07-06,,小倉,10,1700,オプティクス,5,57.0,41.7,35.1,10.0,0.07,0,0
202510020412,2025-07-06,,小倉,10,1700,サンライズタイソン,5,58.0,40.8,37.0,10.0,0.92,1,0
202502010702,2025-07-05,,函館,2,1000,タイセイアビリティ,1,57.0,35.4,32.6,8.0,-0.6,0,0
202502010702,2025-07-05,,函館,2,1000,コウユーウィズユー,2,55.0,36.9,32.6,6.0,0.9,1,0
202502010705,2025-07-05,,函館,2,1000,ウルヴァリン,2,55.0,37.7,35.8,5.0,0.73,0,0
202502010705,2025-07-05,,函館,2,1000,ヴィヒタ,3,55.0,36.1,35.8,6.0,-0.87,1,0
202502010705,2025-07-05,,函館,2,1000,アッチョンブリケ,5,55.0,37.1,35.8,3.0,0.13,0,0
202502010702,2025-07-05,,函館,2,1000,ダブルシルバー,6,54.0,35.7,32.6,10.0,-0.3,1,0
202502010710,2025-07-05,,函館,2,1700,マンダリンボレロ,1,58.0,37.1,32.7,4.0,-0.55,1,0
202502010706,2025-07-05,,函館,2,1700,ゲンキイッパイ,2,53.0,38.7,35.8,4.0,0.05,1,0
202502010712,2025-07-05,,函館,2,1700,マジカルフェアリー,2,53.0,39.0,38.6,2.0,0.75,0,0
202502010710,2025-07-05,,函館,2,1700,グレイテストソング,3,55.0,37.8,32.7,4.0,0.15,1,0
202502010710,2025-07-05,,函館,2,1700,イモータルバード,4,58.0,37.5,32.7,9.0,-0.15,1,0
202502010710,2025-07-05,,函館,2,1700,リアド,5,58.0,38.2,32.7,10.0,0.55,0,0
202502010712,2025-07-05,,函館,2,1700,ローマンレイク,6,56.0,37.5,38.6,5.0,-0.75,1,0
202502010706,2025-07-05,,函館,2,1700,ザハント,7,57.0,38.2,35.8,1.0,-0.45,1,0
202502010706,2025-07-05,,函館,2,1700,ナリノボガート,7,57.0,39.6,35.8,10.0,0.95,1,0
202502010706,2025-07-05,,函館,2,1700,インターステラ,8,57.0,38.1,35.8,12.0,-0.55,1,0
202503020311,2025-07-05,,福島,3,1150,アシャカタカ,4,58.0,36.8,33.9,12.0,0.3,0,0
202503020311,2025-07-05,,福島,3,1150,トーアアイギス,4,56.0,36.0,33.9,16.0,-0.5,1,0
202503020311,2025-07-05,,福島,3,1150,クリダーム,5,58.0,37.0,33.9,1.0,0.5,1,0
202503020311,2025-07-05,,福島,3,1150,ルディック,6,58.0,36.2,33.9,3.0,-0.3,1,0
202503020302,2025-07-05,,福島,3,1700,レッドシュトラール,2,57.0,39.3,36.1,5.0,-0.34,1,0
202503020306,2025-07-05,,福島,3,1700,ゴットランド,2,55.0,39.4,33.0,3.0,-0.74,1,0
202503020306,2025-07-05,,福島,3,1700,プレシャスデイ,3,55.0,39.3,33.0,9.0,-0.84,1,0
202503020310,2025-07-05,,福島,3,1700,ピクシレーション,3,56.0,36.4,36.7,4.0,-0.92,1,0
202503020302,2025-07-05,,福島,3,1700,シングンラオウ,4,57.0,40.8,36.1,12.0,1.16,0,0
202503020306,2025-07-05,,福島,3,1700,フジレイメイ,4,53.0,38.0,33.0,12.0,-2.14,1,0
202503020310,2025-07-05,,福島,3,1700,イゾラフェリーチェ,4,56.0,37.3,36.7,2.0,-0.02,1,0
202503020310,2025-07-05,,福島,3,1700,エイシンナデシコ,4,53.0,36.9,36.7,11.0,-0.42,1,0
202503020302,2025-07-05,,福島,3,1700,ワカミヤイリオス,5,57.0,39.5,36.1,2.0,-0.14,1,0
202503020310,2025-07-05,,福島,3,1700,ジューンポンポン,5,56.0,37.7,36.7,13.0,0.38,1,0
202503020302,2025-07-05,,福島,3,1700,ノブレスジャン,6,57.0,39.0,36.1,2.0,-0.64,0,0
202503020306,2025-07-05,,福島,3,1700,リュキア,6,55.0,41.5,33.0,6.0,1.36,0,0
202503020310,2025-07-05,,福島,3,1700,ツインビスケッツ,6,56.0,38.3,36.7,14.0,0.98,0,0
202503020302,2025-07-05,,福島,3,1700,ホウオウスターツ,7,57.0,39.6,36.1,15.0,-0.04,1,0
202503020306,2025-07-05,,福島,3,1700,チェルシー,8,56.0,42.5,33.0,10.0,2.36,0,0
202510020304,2025-07-05,,小倉,10,1000,ケイアイマウンガ,6,57.0,38.6,37.5,14.0,0.0,0,0
202510020302,2025-07-05,,小倉,10,1700,クラリティー,2,55.0,38.7,37.1,2.0,-0.4,1,0
202510020306,2025-07-05,,小倉,10,1700,ラヴスティンガー,2,55.0,41.6,33.5,4.0,0.45,1,0
202510020302,2025-07-05,,小倉,10,1700,ガールクラッシュ,5,55.0,39.4,37.1,14.0,0.3,0,0
202510020306,2025-07-05,,小倉,10,1700,エーピーポエティス,5,55.0,40.4,33.5,9.0,-0.75,0,0
202510020302,2025-07-05,,小倉,10,1700,エスタンシア,6,54.0,38.4,37.1,8.0,-0.7,1,0
202510020302,2025-07-05,,小倉,10,1700,スマートカリーナ,7,53.0,39.9,37.1,16.0,0.8,0,0
202510020306,2025-07-05,,小倉,10,1700,テーオーシュタイン,7,57.0,39.3,33.5,7.0,-1.85,1,0
202510020306,2025-07-05,,小倉,10,1700,エーグルドール,8,57.0,43.3,33.5,14.0,2.15,0,0
202502010602,2025-06-29,,函館,2,1000,サッポロキタコ,2,52.0,36.0,38.7,9.0,-0.05,1,0
202502010602,2025-06-29,,函館,2,1000,ショウナンラリー,8,57.0,36.1,38.7,2.0,0.05,1,0
202502010604,2025-06-29,,函館,2,1700,エムティヒララ,1,52.0,40.2,36.7,2.0,0.95,0,0
202502010604,2025-06-29,,函館,2,1700,エポカリーナ,3,54.0,38.3,36.7,4.0,-0.95,1,0
202502010610,2025-06-29,,函館,2,1700,アンブロジアーナ,3,56.0,38.6,36.9,9.0,-0.33,1,0
202502010608,2025-06-29,,函館,2,1700,タイヨウフレア,4,53.0,41.0,33.3,9.0,0.83,1,0
202502010608,2025-06-29,,函館,2,1700,ショウナンアトレ,5,52.0,39.3,33.3,8.0,-0.88,0,0
202502010608,2025-06-29,,函館,2,1700,ダオラダオラ,6,55.0,41.0,33.3,11.0,0.83,0,0
202502010610,2025-06-29,,函館,2,1700,チェイスザウェイ,6,56.0,39.6,36.9,8.0,0.67,0,0
202502010608,2025-06-29,,函館,2,1700,ライフゲート,7,55.0,39.4,33.3,2.0,-0.77,1,0
202502010610,2025-06-29,,函館,2,1700,ミレニアムヒロイン,7,56.0,38.6,36.9,2.0,-0.33,1,0
202503020207,2025-06-29,,福島,3,1150,ラヴァグロウ,3,56.0,36.3,32.7,12.0,0.0,1,0
202503020201,2025-06-29,,福島,3,1700,ブラックモノリス,2,55.0,39.2,36.4,1.0,-1.57,0,0
202503020201,2025-06-29,,福島,3,1700,サンマルレーヴ,4,55.0,39.6,36.4,5.0,-1.17,1,0
202503020201,2025-06-29,,福島,3,1700,インマイハート,4,55.0,39.8,36.4,13.0,-0.97,1,0
202503020210,2025-06-29,,福島,3,1700,クーアフュルスト,4,58.0,37.5,34.5,13.0,-0.42,1,0
202503020210,2025-06-29,,福島,3,1700,ティアップリオン,5,58.0,37.7,34.5,9.0,-0.22,1,0
202503020201,2025-06-29,,福島,3,1700,ノースカトレア,6,55.0,39.9,36.4,8.0,-0.87,1,0
202503020201,2025-06-29,,福島,3,1700,ミルキーハニー,6,52.0,42.1,36.4,5.0,1.33,0,0
202503020203,2025-06-29,,福島,3,1700,サーフプラチナム,6,55.0,39.1,35.1,12.0,0.52,1,0
202503020201,2025-06-29,,福島,3,1700,スアーウィス,7,55.0,41.9,36.4,13.0,1.13,1,0
202503020203,2025-06-29,,福島,3,1700,ノーブルプライム,7,54.0,39.3,35.1,15.0,0.72,0,0
202503020210,2025-06-29,,福島,3,1700,グレノークス,7,56.0,38.8,34.5,9.0,0.88,1,0
202503020201,2025-06-29,,福島,3,1700,シャンドネージュ,8,55.0,42.9,36.4,10.0,2.13,0,0
202503020203,2025-06-29,,福島,3,1700,キタノマーシャル,8,55.0,37.5,35.1,1.0,-1.08,0,0
202503020203,2025-06-29,,福島,3,1700,フロウオブタイム,8,55.0,38.4,35.1,5.0,-0.18,0,0
202503020210,2025-06-29,,福島,3,1700,ブレスワード,8,58.0,37.7,34.5,3.0,-0.22,1,0
202510020208,2025-06-29,,小倉,10,1000,ピコサン,3,58.0,37.4,36.3,9.0,0.7,1,0
202510020208,2025-06-29,,小倉,10,1000,フェールブリエ,6,57.0,36.6,36.3,11.0,-0.1,0,0
202510020208,2025-06-29,,小倉,10,1000,スノーサイレンス,7,53.0,36.1,36.3,1.0,-0.6,1,0
202510020212,2025-06-29,,小倉,10,1700,ライノ,1,55.0,39.2,36.7,6.0,-1.08,1,0
202510020204,2025-06-29,,小倉,10,1700,アラック,2,56.0,39.0,33.5,11.0,0.43,1,0
202510020210,2025-06-29,,小倉,10,1700,スマートハンター,2,58.0,39.5,32.0,10.0,1.2,1,0
202510020210,2025-06-29,,小倉,10,1700,コパノアントニオ,3,58.0,37.3,32.0,7.0,-1.0,1,0
202510020204,2025-06-29,,小倉,10,1700,ケイコウギュウゴ,4,57.0,38.7,33.5,4.0,0.13,0,0
202510020210,2025-06-29,,小倉,10,1700,クリノクリスタル,4,56.0,38.1,32.0,5.0,-0.2,1,0
202510020212,2025-06-29,,小倉,10,1700,ニューオーリンズ,5,55.0,40.2,36.7,2.0,-0.08,1,0
202510020212,2025-06-29,,小倉,10,1700,テンカオーライ,6,56.0,40.0,36.7,14.0,-0.28,1,0
202510020204,2025-06-29,,小倉,10,1700,インターアーバン,8,57.0,38.0,33.5,2.0,-0.57,1,0
202510020212,2025-06-29,,小倉,10,1700,サマーナイト,8,55.0,41.7,36.7,5.0,1.42,0,0
202502010508,2025-06-28,,函館,2,1000,キングヴァージル,7,58.0,35.4,35.3,9.0,0.0,1,0
202502010503,2025-06-28,,函館,2,1700,オルロジェール,1,52.0,39.2,34.8,11.0,0.38,1,0
202502010503,2025-06-28,,函館,2,1700,クインズマカロン,3,55.0,37.5,34.8,13.0,-1.33,1,0
202502010506,2025-06-28,,函館,2,1700,レズルレクティオ,3,57.0,39.7,36.6,2.0,-1.4,0,0
202502010512,2025-06-28,,函館,2,1700,グレイスフルマーチ,3,55.0,37.9,37.8,4.0,-0.55,1,0
202502010503,2025-06-28,,函館,2,1700,レディゴディヴァ,5,55.0,38.4,34.8,7.0,-0.43,1,0
202502010506,2025-06-28,,函館,2,1700,オキョンピー,5,57.0,42.2,36.6,7.0,1.1,0,0
202502010506,2025-06-28,,函館,2,1700,テーオーノーベル,6,57.0,40.3,36.6,6.0,-0.8,0,0
202502010506,2025-06-28,,函館,2,1700,シティオブロンドン,6,57.0,41.2,36.6,4.0,0.1,1,0
202502010512,2025-06-28,,函館,2,1700,プレミアシップ,6,55.0,39.0,37.8,12.0,0.55,0,0
202502010503,2025-06-28,,函館,2,1700,フィヤール,7,55.0,40.2,34.8,7.0,1.38,1,0
202502010506,2025-06-28,,函館,2,1700,スリーセンス,8,52.0,42.1,36.6,10.0,1.0,1,0
202502010502,2025-06-28,,函館,2,2400,ステイアンビシャス,1,57.0,37.4,38.6,5.0,-1.75,0,0
202502010502,2025-06-28,,函館,2,2400,ケイアイワイラーパ,2,57.0,37.4,38.6,1.0,-1.75,1,0
202502010502,2025-06-28,,函館,2,2400,メムエクラ,4,55.0,40.5,38.6,10.0,1.35,1,0
202502010502,2025-06-28,,函館,2,2400,マージャング,5,57.0,40.1,38.6,8.0,0.95,0,0
202502010502,2025-06-28,,函館,2,2400,ウィスパーボイス,6,57.0,38.7,38.6,8.0,-0.45,1,0
202502010502,2025-06-28,,函館,2,2400,ガウラサンダー,7,57.0,40.8,38.6,6.0,1.65,1,0
202503020102,2025-06-28,,福島,3,1150,フラッシュポイント,1,55.0,37.7,35.2,3.0,-0.2,0,0
202503020102,2025-06-28,,福島,3,1150,ベンメリア,1,57.0,37.3,35.2,7.0,-0.6,1,0
202503020102,2025-06-28,,福島,3,1150,スパーブケン,3,57.0,38.0,35.2,10.0,0.1,1,0
202503020106,2025-06-28,,福島,3,1150,ニャンキニーズ,4,55.0,40.1,31.8,6.0,0.0,1,0
202503020102,2025-06-28,,福島,3,1150,ジルクン,5,57.0,38.4,35.2,5.0,0.5,1,0
202503020102,2025-06-28,,福島,3,1150,フィアマドラータ,6,54.0,38.1,35.2,13.0,0.2,0,0
202503020103,2025-06-28,,福島,3,1700,テルケンレンスター,2,57.0,39.7,38.4,10.0,-0.86,1,0
202503020112,2025-06-28,,福島,3,1700,ロードソルスティス,2,55.0,39.0,36.6,11.0,-0.52,0,0
202503020103,2025-06-28,,福島,3,1700,ピンキースウェア,3,55.0,39.9,38.4,4.0,-0.66,1,0
202503020112,2025-06-28,,福島,3,1700,ヘリオトロープ,3,55.0,37.8,36.6,3.0,-1.73,0,0
202503020103,2025-06-28,,福島,3,1700,フルボーグ,4,57.0,39.7,38.4,14.0,-0.86,0,0
202503020103,2025-06-28,,福島,3,1700,アンヘルカイド,4,57.0,44.0,38.4,11.0,3.44,0,0
202503020110,2025-06-28,,福島,3,1700,クラウンシエンタ,4,58.0,37.1,35.5,2.0,-0.45,0,0
202503020112,2025-06-28,,福島,3,1700,ジェイエルバース,4,55.0,41.6,36.6,5.0,2.08,1,0
202503020103,2025-06-28,,福島,3,1700,メイショウコウベ,5,57.0,39.3,38.4,5.0,-1.26,1,0
202503020103,2025-06-28,,福島,3,1700,ユウオウマイシン,6,57.0,39.3,38.4,9.0,-1.26,1,0
202503020110,2025-06-28,,福島,3,1700,タナサンブラック,7,58.0,38.0,35.5,6.0,0.45,0,0
202503020112,2025-06-28,,福島,3,1700,アルマグラース,7,53.0,39.7,36.6,13.0,0.18,0,0
202503020103,2025-06-28,,福島,3,1700,レオネッサ,8,55.0,42.0,38.4,11.0,1.44,1,0
202510020106,2025-06-28,,小倉,10,1000,デーモンスレイヤー,3,57.0,35.1,38.1,2.0,-1.27,1,0
202510020106,2025-06-28,,小倉,10,1000,リードプリンシパル,7,55.0,36.2,38.1,4.0,-0.17,0,0
202510020106,2025-06-28,,小倉,10,1000,メジャーラッシュ,8,55.0,37.8,38.1,9.0,1.43,0,0
202510020103,2025-06-28,,小倉,10,1700,ムーンビーナス,1,55.0,37.7,33.5,14.0,-2.58,0,0
202510020108,2025-06-28,,小倉,10,1700,アンジュグルーヴ,2,53.0,38.1,35.2,4.0,-0.32,1,0
202510020108,2025-06-28,,小倉,10,1700,オンリーラヴ,3,56.0,39.8,35.2,14.0,1.38,0,0
202510020111,2025-06-28,,小倉,10,1700,ダイメイセブン,3,58.0,38.7,33.9,5.0,0.16,1,0
202510020103,2025-06-28,,小倉,10,1700,クナウティア,4,55.0,41.2,33.5,16.0,0.92,0,0
202510020108,2025-06-28,,小倉,10,1700,ディアマイハニー,4,53.0,38.7,35.2,11.0,0.28,0,0
202510020111,2025-06-28,,小倉,10,1700,キャピタルサックス,4,58.0,37.7,33.9,7.0,-0.84,1,0
202510020111,2025-06-28,,小倉,10,1700,カマチョクイン,5,56.0,38.0,33.9,3.0,-0.54,0,0
202510020111,2025-06-28,,小倉,10,1700,ゼウスバイオ,6,58.0,39.1,33.9,11.0,0.56,0,0
202510020103,2025-06-28,,小倉,10,1700,ミスサンシャイン,7,55.0,39.4,33.5,7.0,-0.88,1,0
202510020103,2025-06-28,,小倉,10,1700,センビトウリョウ,8,55.0,40.8,33.5,13.0,0.52,1,0
202510020103,2025-06-28,,小倉,10,1700,コロニス,8,55.0,42.3,33.5,11.0,2.02,0,0
202510020108,2025-06-28,,小倉,10,1700,ハイウェイスター,8,56.0,37.1,35.2,7.0,-1.32,0,0
202510020111,2025-06-28,,小倉,10,1700,ワレハウミノコ,8,56.0,39.2,33.9,5.0,0.66,1,0
202502010403,2025-06-22,,函館,2,1000,カネトシブレーブ,6,54.0,36.2,34.2,8.0,-1.25,1,0
202502010403,2025-06-22,,函館,2,1000,ミヤマイルス,7,51.0,38.7,34.2,3.0,1.25,0,0
202502010406,2025-06-22,,函館,2,1700,ハイクオリティ,1,57.0,38.0,35.6,5.0,-0.58,1,0
202502010410,2025-06-22,,函館,2,1700,グランドセントラル,1,58.0,37.3,33.5,5.0,0.1,1,0
202502010402,2025-06-22,,函館,2,1700,ルージュラティーナ,2,55.0,40.6,33.4,12.0,1.15,0,0
202502010406,2025-06-22,,函館,2,1700,サンマルストロング,2,54.0,40.0,35.6,10.0,1.42,0,0
202502010412,2025-06-22,,函館,2,1700,ケープウィッカム,2,56.0,38.9,39.9,4.0,-0.85,1,0
202502010406,2025-06-22,,函館,2,1700,リュウゼツラン,4,51.0,38.9,35.6,6.0,0.32,0,0
202502010412,2025-06-22,,函館,2,1700,カンバーランド,4,56.0,41.1,39.9,2.0,1.35,0,0
202502010402,2025-06-22,,函館,2,1700,ケングロリア,5,52.0,38.3,33.4,12.0,-1.15,1,0
202502010406,2025-06-22,,函館,2,1700,ロードスカイブルー,5,57.0,37.4,35.6,3.0,-1.18,1,0
202502010412,2025-06-22,,函館,2,1700,コムルヴァン,5,53.0,39.7,39.9,7.0,-0.05,1,0
202502010412,2025-06-22,,函館,2,1700,プレゼンティーア,6,56.0,39.3,39.9,2.0,-0.45,1,0
202502010410,2025-06-22,,函館,2,1700,タイセイミッション,8,58.0,37.1,33.5,2.0,-0.1,1,0
202505030609,2025-06-22,,東京,5,1400,トロピカルヒーロー,1,58.0,36.7,34.8,15.0,-1.35,1,0
202505030612,2025-06-22,,東京,5,1400,パッセアジル,1,58.0,38.4,34.6,6.0,0.05,0,0
202505030612,2025-06-22,,東京,5,1400,ドントゥザムーン,2,55.0,38.3,34.6,2.0,-0.05,1,0
202505030609,2025-06-22,,東京,5,1400,メラーキ,3,58.0,39.3,34.8,13.0,1.25,1,0
202505030609,2025-06-22,,東京,5,1400,シュバルツガイスト,5,58.0,40.4,34.8,3.0,2.35,0,0
202505030609,2025-06-22,,東京,5,1400,スズカコーズ,6,58.0,36.7,34.8,5.0,-1.35,1,0
202505030609,2025-06-22,,東京,5,1400,クレイヴィンオナー,7,58.0,37.0,34.8,11.0,-1.05,1,0
202505030609,2025-06-22,,東京,5,1400,ゴールデンエール,8,58.0,38.2,34.8,8.0,0.15,1,0
202505030602,2025-06-22,,東京,5,1600,ゴールドブリーダー,2,57.0,38.9,34.9,4.0,0.9,0,0
202505030602,2025-06-22,,東京,5,1600,リュトン,3,57.0,37.2,34.9,11.0,-0.8,1,0
202505030602,2025-06-22,,東京,5,1600,サトノアルタイル,4,57.0,36.9,34.9,5.0,-1.1,1,0
202505030607,2025-06-22,,東京,5,1600,イラーナ,5,56.0,39.0,36.6,6.0,0.5,1,0
202505030602,2025-06-22,,東京,5,1600,ブレイクバウンズ,7,57.0,37.8,34.9,2.0,-0.2,1,0
202505030602,2025-06-22,,東京,5,1600,ワンダーレイザー,7,57.0,39.2,34.9,14.0,1.2,1,0
202505030607,2025-06-22,,東京,5,1600,ミランカ,8,56.0,38.0,36.6,2.0,-0.5,1,0
202505030603,2025-06-22,,東京,5,2100,クックパイン,3,57.0,39.6,38.4,4.0,-0.78,0,0
202505030603,2025-06-22,,東京,5,2100,セイスイミリオン,5,54.0,39.1,38.4,13.0,-1.28,1,0
202505030603,2025-06-22,,東京,5,2100,レイネイル,7,55.0,40.7,38.4,9.0,0.32,0,0
202505030603,2025-06-22,,東京,5,2100,エマージェンス,8,57.0,39.1,38.4,9.0,-1.28,1,0
202505030603,2025-06-22,,東京,5,2100,ミヤビバエル,8,54.0,43.4,38.4,15.0,3.02,0,0
202505030601,2025-06-22,,東京,5,3000,アルカンサス,4,57.0,13.7,40.8,1.0,0.0,1,0
202505030601,2025-06-22,,東京,5,3000,キャプテンローレル,8,60.0,13.7,40.8,2.0,0.0,0,0
202509030606,2025-06-22,,阪神,9,1200,ルパピヨンブラン,5,55.0,41.0,39.8,2.0,0.13,1,0
202509030606,2025-06-22,,阪神,9,1200,サンブル,5,52.0,41.2,39.8,14.0,0.33,0,0
202509030606,2025-06-22,,阪神,9,1200,クリノアトレ,7,55.0,40.4,39.8,5.0,-0.47,0,0
202509030601,2025-06-22,,阪神,9,1400,ツリートップムーン,1,57.0,41.5,37.5,1.0,1.5,1,0
202509030608,2025-06-22,,阪神,9,1400,ポンピエ,1,58.0,37.9,36.8,11.0,-1.37,1,0
202509030608,2025-06-22,,阪神,9,1400,ハクサンアイリス,2,54.0,37.8,36.8,7.0,-1.47,1,0
202509030601,2025-06-22,,阪神,9,1400,グティ,3,57.0,39.8,37.5,4.0,-0.2,1,0
202509030601,2025-06-22,,阪神,9,1400,マークオブゾロ,4,56.0,39.9,37.5,11.0,-0.1,0,0
202509030601,2025-06-22,,阪神,9,1400,ヨリナスウィート,5,55.0,39.3,37.5,2.0,-0.7,1,0
202509030608,2025-06-22,,阪神,9,1400,ジェミート,5,55.0,38.8,36.8,14.0,-0.47,1,0
202509030601,2025-06-22,,阪神,9,1400,ストラーダレアーレ,6,55.0,38.8,37.5,9.0,-1.2,1,0
202509030608,2025-06-22,,阪神,9,1400,サンライズジュピタ,6,55.0,38.5,36.8,14.0,-0.77,1,0
202509030608,2025-06-22,,阪神,9,1400,メイショウマクジキ,6,52.0,42.7,36.8,5.0,3.43,0,0
202509030601,2025-06-22,,阪神,9,1400,ビッグビート,8,57.0,40.7,37.5,11.0,0.7,1,0
202509030608,2025-06-22,,阪神,9,1400,アスタールテニウム,8,54.0,39.9,36.8,7.0,0.63,0,0
202509030610,2025-06-22,,阪神,9,1800,カネトシブルーム,1,58.0,41.5,37.4,3.0,2.36,0,0
202509030612,2025-06-22,,阪神,9,1800,インジケーター,1,58.0,42.0,37.4,4.0,2.25,0,0
202509030602,2025-06-22,,阪神,9,1800,メイショウキタダケ,2,55.0,40.8,38.4,13.0,0.9,0,0
202509030610,2025-06-22,,阪神,9,1800,キュールエフウジン,2,58.0,38.4,37.4,16.0,-0.74,1,0
202509030602,2025-06-22,,阪神,9,1800,ルクスメンデス,3,57.0,39.3,38.4,7.0,-0.6,1,0
202509030612,2025-06-22,,阪神,9,1800,ジョウショーパワー,4,58.0,38.0,37.4,10.0,-1.75,1,0
202509030602,2025-06-22,,阪神,9,1800,アロガントシェイム,5,55.0,39.1,38.4,4.0,-0.8,0,0
202509030612,2025-06-22,,阪神,9,1800,ゼットレジーナ,5,55.0,40.2,37.4,8.0,0.45,0,0
202509030602,2025-06-22,,阪神,9,1800,パーソナルレコード,6,56.0,41.8,38.4,2.0,1.9,0,0
202509030612,2025-06-22,,阪神,9,1800,トゥルブレンシア,6,58.0,38.8,37.4,12.0,-0.95,1,0
202509030610,2025-06-22,,阪神,9,1800,パシアンジャン,7,58.0,37.8,37.4,1.0,-1.34,1,0
202509030610,2025-06-22,,阪神,9,1800,スリリングチェイス,7,58.0,38.7,37.4,3.0,-0.44,1,0
202509030602,2025-06-22,,阪神,9,1800,ペプチドモガミ,8,57.0,38.5,38.4,4.0,-1.4,0,0
202509030610,2025-06-22,,阪神,9,1800,プラーヴィ,8,58.0,39.3,37.4,14.0,0.16,1,0
202502010308,2025-06-21,,函館,2,1000,ヒメカミノイタダキ,1,55.0,36.3,34.6,4.0,0.8,1,0
202502010302,2025-06-21,,函館,2,1000,エイシンカリス,2,55.0,38.2,34.6,4.0,1.33,0,0
202502010306,2025-06-21,,函館,2,1000,ジェム,2,55.0,37.7,39.1,5.0,0.7,1,0
202502010306,2025-06-21,,函館,2,1000,リオマダムレッド,3,51.0,36.4,39.1,6.0,-0.6,0,0
202502010302,2025-06-21,,函館,2,1000,テーオーテバルディ,4,52.0,36.0,34.6,7.0,-0.87,1,0
202502010302,2025-06-21,,函館,2,1000,デンリッレハウエル,5,55.0,36.4,34.6,7.0,-0.47,1,0
202502010306,2025-06-21,,函館,2,1000,ラブミーヘンリー,6,55.0,36.7,39.1,9.0,-0.3,1,0
202502010308,2025-06-21,,函館,2,1000,ホーリーブライト,7,56.0,34.7,34.6,11.0,-0.8,1,0
202502010306,2025-06-21,,函館,2,1000,ウレシイゴサン,8,55.0,36.9,39.1,7.0,-0.1,1,0
202502010306,2025-06-21,,函館,2,1000,ディオスデルマール,8,55.0,37.3,39.1,8.0,0.3,1,0
202502010303,2025-06-21,,函館,2,1700,キンセンオー,1,54.0,40.0,36.7,1.0,-0.62,0,0
202502010312,2025-06-21,,函館,2,1700,リーゼノアール,1,58.0,36.6,35.5,3.0,-0.67,0,0
202502010312,2025-06-21,,函館,2,1700,タマモネモフィラ,3,52.0,36.9,35.5,8.0,-0.37,1,0
202502010303,2025-06-21,,函館,2,1700,オドラニャソンソン,5,54.0,39.8,36.7,5.0,-0.82,1,0
202502010303,2025-06-21,,函館,2,1700,デルマイオ,5,54.0,42.5,36.7,12.0,1.88,0,0
202502010303,2025-06-21,,函館,2,1700,メイショウタイピン,6,57.0,39.0,36.7,4.0,-1.62,0,0
202502010312,2025-06-21,,函館,2,1700,ガラスノブルース,6,58.0,38.3,35.5,5.0,1.03,1,0
202502010303,2025-06-21,,函館,2,1700,レヴァンティス,7,55.0,41.8,36.7,11.0,1.18,0,0
202505030507,2025-06-21,,東京,5,1300,キタノシュナイダー,1,52.0,38.6,33.5,16.0,0.4,0,0
202505030507,2025-06-21,,東京,5,1300,タブロー,8,55.0,37.8,33.5,3.0,-0.4,0,0
202505030502,2025-06-21,,東京,5,1400,ガンバレベアー,1,55.0,35.5,38.5,11.0,-1.47,1,0
202505030502,2025-06-21,,東京,5,1400,ウインレアリゼ,1,52.0,35.9,38.5,7.0,-1.07,1,0
202505030506,2025-06-21,,東京,5,1400,ポセイドンテソーロ,2,55.0,39.0,36.4,5.0,0.38,1,0
202505030502,2025-06-21,,東京,5,1400,ヤンキーパンチ,3,54.0,38.4,38.5,7.0,1.43,1,0
202505030506,2025-06-21,,東京,5,1400,スレドナゴラ,3,55.0,39.3,36.4,8.0,0.68,1,0
202505030502,2025-06-21,,東京,5,1400,ルージュアマリア,4,55.0,36.4,38.5,7.0,-0.57,1,0
202505030502,2025-06-21,,東京,5,1400,セットオンユー,4,54.0,37.3,38.5,14.0,0.33,0,0
202505030506,2025-06-21,,東京,5,1400,ドナシェーン,4,55.0,36.5,36.4,9.0,-2.12,0,0
202505030502,2025-06-21,,東京,5,1400,アシャカルーク,5,57.0,36.4,38.5,6.0,-0.57,1,0
202505030502,2025-06-21,,東京,5,1400,シャインシュシュ,5,55.0,36.2,38.5,13.0,-0.77,1,0
202505030506,2025-06-21,,東京,5,1400,サンクスアミリオン,5,55.0,40.1,36.4,2.0,1.48,1,0
202505030506,2025-06-21,,東京,5,1400,ソークール,5,55.0,38.9,36.4,13.0,0.28,1,0
202505030502,2025-06-21,,東京,5,1400,ブリリアントフレア,6,51.0,39.7,38.5,11.0,2.73,0,0
202505030506,2025-06-21,,東京,5,1400,リアライズタキオン,6,55.0,37.9,36.4,6.0,-0.72,0,0
202505030501,2025-06-21,,東京,5,1600,アイスリーディング,1,55.0,37.7,37.7,9.0,-0.96,1,0
202505030501,2025-06-21,,東京,5,1600,ミズイロ,1,55.0,38.9,37.7,7.0,0.24,1,0
202505030512,2025-06-21,,東京,5,1600,プロスペクトパーク,1,55.0,39.5,34.7,11.0,0.92,1,0
202505030503,2025-06-21,,東京,5,1600,インティパイロ,2,54.0,37.4,34.7,12.0,-1.9,1,0
202505030501,2025-06-21,,東京,5,1600,ニシノクレシダ,3,55.0,39.6,37.7,10.0,0.94,1,0
202505030503,2025-06-21,,東京,5,1600,マサユメ,3,57.0,41.2,34.7,6.0,1.9,0,0
202505030512,2025-06-21,,東京,5,1600,サノノアメリカン,5,55.0,39.0,34.7,5.0,0.42,0,0
202505030512,2025-06-21,,東京,5,1600,ブレットフライ,6,57.0,36.3,34.7,13.0,-2.28,1,0
202505030512,2025-06-21,,東京,5,1600,カイトベルク,7,55.0,41.0,34.7,1.0,2.42,0,0
202505030501,2025-06-21,,東京,5,1600,センジュコスモス,8,55.0,38.6,37.7,2.0,-0.06,1,0
202505030501,2025-06-21,,東京,5,1600,モリノアミーゴ,8,55.0,38.5,37.7,6.0,-0.16,1,0
202505030503,2025-06-21,,東京,5,1600,キャレ,8,55.0,39.3,34.7,14.0,0.0,1,0
202505030512,2025-06-21,,東京,5,1600,サムワンライクユー,8,58.0,37.1,34.7,3.0,-1.48,1,0
202505030511,2025-06-21,,東京,5,2100,リチュアル,7,57.0,38.8,38.7,2.0,-0.3,1,0
202505030511,2025-06-21,,東京,5,2100,アッシュルバニパル,7,57.0,39.4,38.7,8.0,0.3,1,0
202509030503,2025-06-21,,阪神,9,1200,テーオーヴァルナイ,1,55.0,38.3,39.0,5.0,0.0,0,0
202509030503,2025-06-21,,阪神,9,1200,ステラノヴァ,4,56.0,37.3,39.0,2.0,-1.0,1,0
202509030503,2025-06-21,,阪神,9,1200,サウンドアンフィニ,7,51.0,39.3,39.0,8.0,1.0,0,0
202509030504,2025-06-21,,阪神,9,1800,クラヴィウス,1,57.0,40.2,36.9,4.0,-1.17,1,0
202509030508,2025-06-21,,阪神,9,1800,ストーンズ,2,58.0,38.7,40.3,1.0,-0.45,1,0
202509030508,2025-06-21,,阪神,9,1800,キレナイカ,2,58.0,38.8,40.3,15.0,-0.35,1,0
202509030502,2025-06-21,,阪神,9,1800,コスモサンビタリア,3,55.0,41.0,37.5,3.0,-1.28,1,0
202509030504,2025-06-21,,阪神,9,1800,ラストショット,3,55.0,40.9,36.9,9.0,-0.47,0,0
202509030502,2025-06-21,,阪神,9,1800,ガイラルディア,4,55.0,42.5,37.5,8.0,0.22,1,0
202509030504,2025-06-21,,阪神,9,1800,ハックルベリー,4,57.0,40.5,36.9,7.0,-0.87,1,0
202509030504,2025-06-21,,阪神,9,1800,メイショウユウボシ,4,57.0,42.8,36.9,12.0,1.43,0,0
202509030508,2025-06-21,,阪神,9,1800,クレスコドルフィン,4,55.0,39.9,40.3,13.0,0.75,1,0
202509030502,2025-06-21,,阪神,9,1800,ドマーネ,6,55.0,42.6,37.5,6.0,0.32,1,0
202509030504,2025-06-21,,阪神,9,1800,エイシンキャロッツ,6,57.0,39.8,36.9,5.0,-1.57,1,0
202509030502,2025-06-21,,阪神,9,1800,クラリティー,7,55.0,41.1,37.5,2.0,-1.18,0,0
202509030502,2025-06-21,,阪神,9,1800,ジョーテルプジ,7,55.0,42.9,37.5,16.0,0.62,0,0
202509030504,2025-06-21,,阪神,9,1800,フレッシュノワール,7,57.0,42.7,36.9,11.0,1.33,1,0
202509030508,2025-06-21,,阪神,9,1800,イエローブリック,7,55.0,39.2,40.3,16.0,0.05,1,0
202509030502,2025-06-21,,阪神,9,1800,キタノプレンティ,8,53.0,43.6,37.5,3.0,1.32,0,0
202509030504,2025-06-21,,阪神,9,1800,ダンツトラバース,8,53.0,42.7,36.9,9.0,1.33,0,0
202509030501,2025-06-21,,阪神,9,3110,インディゴブラック,7,62.0,13.5,40.6,2.0,-0.1,0,0
202509030501,2025-06-21,,阪神,9,3110,シホノスペランツァ,7,60.0,13.6,40.6,5.0,-0.0,1,0
202509030501,2025-06-21,,阪神,9,3110,ゴールドブリーズ,8,60.0,13.6,40.6,3.0,-0.0,0,0
202509030501,2025-06-21,,阪神,9,3110,ヒルズカーン,8,60.0,13.7,40.6,5.0,0.1,1,0
202502010207,2025-06-15,,函館,2,1000,サベージラヴ,1,56.0,35.4,35.4,4.0,-0.1,1,0
202502010203,2025-06-15,,函館,2,1000,バースフラワー,5,51.0,36.2,35.7,4.0,-0.1,0,0
202502010203,2025-06-15,,函館,2,1000,メイショウユウモウ,6,57.0,36.4,35.7,2.0,0.1,1,0
202502010207,2025-06-15,,函館,2,1000,レモンシフォン,8,56.0,35.6,35.4,7.0,0.1,1,0
202502010202,2025-06-15,,函館,2,1700,エポカリーナ,3,54.0,38.2,36.5,8.0,-0.9,1,0
202502010212,2025-06-15,,函館,2,1700,グレイスフルマーチ,3,55.0,38.1,36.1,6.0,-1.07,0,0
202502010202,2025-06-15,,函館,2,1700,ララエキリーブル,4,57.0,40.0,36.5,5.0,0.9,0,0
202502010212,2025-06-15,,函館,2,1700,ボエーム,4,55.0,40.7,36.1,8.0,1.53,0,0
202502010212,2025-06-15,,函館,2,1700,ブルーゴールド,8,56.0,38.7,36.1,8.0,-0.47,1,0
202505030401,2025-06-15,,東京,5,1400,リンダ,2,52.0,38.6,34.7,16.0,0.74,0,0
202505030401,2025-06-15,,東京,5,1400,ヒタムキ,3,55.0,38.5,34.7,1.0,0.64,1,0
202505030411,2025-06-15,,東京,5,1400,グレイイングリーン,3,56.0,36.3,37.5,10.0,-1.12,1,0
202505030411,2025-06-15,,東京,5,1400,ユティタム,3,57.0,38.0,37.5,4.0,0.58,0,0
202505030401,2025-06-15,,東京,5,1400,ミュークチェルシー,4,55.0,37.3,34.7,2.0,-0.56,1,0
202505030411,2025-06-15,,東京,5,1400,ダノンタッチダウン,4,56.0,37.2,37.5,1.0,-0.22,1,0
202505030401,2025-06-15,,東京,5,1400,ナッシングベター,5,55.0,38.3,34.7,7.0,0.44,1,0
202505030411,2025-06-15,,東京,5,1400,サトノカルナバル,7,54.0,38.2,37.5,14.0,0.78,0,0
202505030401,2025-06-15,,東京,5,1400,エリュテイア,8,55.0,36.6,34.7,11.0,-1.26,1,0
202505030403,2025-06-15,,東京,5,1600,アバレリュウ,2,57.0,36.6,37.1,8.0,-2.25,1,0
202505030403,2025-06-15,,東京,5,1600,フォルテッシモダイ,2,57.0,38.4,37.1,9.0,-0.45,0,0
202505030408,2025-06-15,,東京,5,1600,クニノハッピー,2,54.0,35.8,36.5,8.0,-0.93,1,0
202505030408,2025-06-15,,東京,5,1600,フリッパー,2,58.0,36.5,36.5,14.0,-0.23,0,0
202505030412,2025-06-15,,東京,5,1600,マーシヴィガラス,2,55.0,36.4,32.7,16.0,-0.43,0,0
202505030408,2025-06-15,,東京,5,1600,ボルトテソーロ,4,55.0,36.7,36.5,2.0,-0.02,1,0
202505030403,2025-06-15,,東京,5,1600,クインズガナッシュ,6,54.0,39.8,37.1,14.0,0.95,0,0
202505030408,2025-06-15,,東京,5,1600,ブリスフル,6,58.0,37.9,36.5,5.0,1.17,1,0
202505030403,2025-06-15,,東京,5,1600,リラキトス,7,57.0,40.6,37.1,4.0,1.75,0,0
202505030412,2025-06-15,,東京,5,1600,ピコニ,7,58.0,36.1,32.7,6.0,-0.73,0,0
202505030412,2025-06-15,,東京,5,1600,フィリップバローズ,7,55.0,38.9,32.7,2.0,2.07,0,0
202505030412,2025-06-15,,東京,5,1600,スペイドアン,8,58.0,35.9,32.7,1.0,-0.93,1,0
202505030402,2025-06-15,,東京,5,2100,ニシノプロテア,1,57.0,40.7,33.8,15.0,0.37,0,0
202505030402,2025-06-15,,東京,5,2100,トルーティクス,1,57.0,41.9,33.8,16.0,1.57,0,0
202505030402,2025-06-15,,東京,5,2100,マルリンモンロー,2,55.0,42.7,33.8,13.0,2.37,1,0
202505030406,2025-06-15,,東京,5,2100,ダカラフェスティヴ,2,53.0,36.4,31.3,10.0,-0.45,1,0
202505030406,2025-06-15,,東京,5,2100,オブシディアン,5,58.0,37.3,31.3,14.0,0.45,1,0
202505030402,2025-06-15,,東京,5,2100,ヒロノビックバン,6,54.0,39.5,33.8,9.0,-0.83,0,0
202505030402,2025-06-15,,東京,5,2100,ノーブルジェネシス,7,57.0,39.2,33.8,4.0,-1.13,0,0
202505030402,2025-06-15,,東京,5,2100,ブルージャイアント,8,57.0,38.0,33.8,5.0,-2.33,0,0
202509030401,2025-06-15,,阪神,9,1200,メイショウセツゲツ,1,55.0,37.1,36.2,4.0,-0.8,1,0
202509030401,2025-06-15,,阪神,9,1200,モメン,1,55.0,37.4,36.2,8.0,-0.5,1,0
202509030412,2025-06-15,,阪神,9,1200,エレガントムーン,1,53.0,37.1,31.4,9.0,-0.55,1,0
202509030401,2025-06-15,,阪神,9,1200,ハートオブザシーズ,2,55.0,38.3,36.2,2.0,0.4,1,0
202509030401,2025-06-15,,阪神,9,1200,キラメキダンサー,3,53.0,38.6,36.2,14.0,0.7,0,0
202509030401,2025-06-15,,阪神,9,1200,ソッフィオーネ,5,55.0,38.1,36.2,16.0,0.2,0,0
202509030412,2025-06-15,,阪神,9,1200,ベンダバリラビア,5,54.0,38.2,31.4,12.0,0.55,0,0
202509030408,2025-06-15,,阪神,9,1800,サクソンジェンヌ,1,56.0,38.8,37.9,4.0,0.32,1,0
202509030402,2025-06-15,,阪神,9,1800,サントモナルカ,2,57.0,38.4,34.7,6.0,-1.16,0,0
202509030406,2025-06-15,,阪神,9,1800,ダノンペドロ,3,58.0,41.0,37.0,4.0,1.3,0,0
202509030402,2025-06-15,,阪神,9,1800,グラスビーチ,4,57.0,43.0,34.7,11.0,3.44,0,0
202509030402,2025-06-15,,阪神,9,1800,アイルランズコール,5,57.0,37.3,34.7,3.0,-2.26,0,0
202509030406,2025-06-15,,阪神,9,1800,ニホンピロゴルディ,5,58.0,38.9,37.0,13.0,-0.8,1,0
202509030408,2025-06-15,,阪神,9,1800,ノボリクレバー,5,56.0,38.3,37.9,8.0,-0.18,1,0
202509030402,2025-06-15,,阪神,9,1800,ディープカインズ,6,53.0,39.4,34.7,10.0,-0.16,0,0
202509030406,2025-06-15,,阪神,9,1800,リアルペガサス,6,58.0,39.4,37.0,8.0,-0.3,1,0
202509030406,2025-06-15,,阪神,9,1800,サーティファイド,6,58.0,39.5,37.0,16.0,-0.2,0,0
202509030402,2025-06-15,,阪神,9,1800,セプトラム,7,57.0,39.7,34.7,13.0,0.14,0,0
202509030408,2025-06-15,,阪神,9,1800,カプラローラ,7,56.0,37.6,37.9,13.0,-0.88,0,0
202509030408,2025-06-15,,阪神,9,1800,サイモンコーラル,7,56.0,38.3,37.9,13.0,-0.18,1,0
202509030408,2025-06-15,,阪神,9,1800,アウロス,8,56.0,39.4,37.9,11.0,0.92,0,0
202502010103,2025-06-14,,函館,2,1000,モウフブキ,2,55.0,37.2,35.9,12.0,0.0,0,0
202502010108,2025-06-14,,函館,2,1000,ビーマックス,2,55.0,35.2,37.6,2.0,-0.97,0,0
202502010108,2025-06-14,,函館,2,1000,エコロレオナ,4,50.0,35.2,37.6,6.0,-0.97,1,0
202502010108,2025-06-14,,函館,2,1000,ブルドッグキング,8,51.0,38.1,37.6,4.0,1.93,0,0
202502010102,2025-06-14,,函館,2,1700,サマーブライド,1,52.0,40.2,34.7,9.0,-0.45,0,0
202502010106,2025-06-14,,函館,2,1700,ベレーザフィン,1,51.0,37.8,34.8,12.0,-0.2,1,0
202502010112,2025-06-14,,函館,2,1700,シンボリノエル,1,56.0,37.2,33.9,9.0,-2.55,0,0
202502010106,2025-06-14,,函館,2,1700,シュヴァルノワール,3,57.0,38.2,34.8,4.0,0.2,1,0
202502010102,2025-06-14,,函館,2,1700,ブギウギウギ,4,55.0,41.1,34.7,6.0,0.45,1,0
202502010112,2025-06-14,,函館,2,1700,ダイチラポール,6,53.0,40.0,33.9,5.0,0.25,0,0
202502010112,2025-06-14,,函館,2,1700,ジュタドール,7,56.0,41.4,33.9,12.0,1.65,0,0
202502010112,2025-06-14,,函館,2,1700,シホノインプルソ,8,58.0,40.4,33.9,9.0,0.65,0,0
202505030312,2025-06-14,,東京,5,1400,アトリウムチャペル,1,56.0,36.4,35.1,11.0,-0.36,1,0
202505030312,2025-06-14,,東京,5,1400,ビーコ,1,53.0,37.7,35.1,7.0,0.94,1,0
202505030303,2025-06-14,,東京,5,1400,ミヤイグアス,2,55.0,39.0,39.1,3.0,1.73,0,0
202505030312,2025-06-14,,東京,5,1400,アルプスオジョー,2,56.0,35.8,35.1,15.0,-0.96,1,0
202505030303,2025-06-14,,東京,5,1400,リュトン,4,57.0,35.1,39.1,16.0,-2.17,0,0
202505030303,2025-06-14,,東京,5,1400,スムースオペレター,5,57.0,37.7,39.1,9.0,0.43,1,0
202505030312,2025-06-14,,東京,5,1400,モーニングマジック,8,53.0,35.8,35.1,9.0,-0.96,0,0
202505030312,2025-06-14,,東京,5,1400,ユニヴェールアン,8,53.0,38.1,35.1,2.0,1.34,1,0
202505030301,2025-06-14,,東京,5,1600,ハリーフラッグ,1,55.0,41.5,35.9,9.0,2.47,0,0
202505030307,2025-06-14,,東京,5,1600,ジーティーハッピー,1,54.0,37.8,35.9,14.0,-0.23,1,0
202505030301,2025-06-14,,東京,5,1600,ペイシャヴァルスリ,2,55.0,39.7,35.9,11.0,0.67,1,0
202505030307,2025-06-14,,東京,5,1600,ハクサンリバーブ,2,57.0,37.9,35.9,4.0,-0.13,1,0
202505030301,2025-06-14,,東京,5,1600,ドリームパンジャ,3,52.0,36.8,35.9,9.0,-2.23,1,0
202505030301,2025-06-14,,東京,5,1600,シャイニーセーラー,3,54.0,38.3,35.9,14.0,-0.73,0,0
202505030310,2025-06-14,,東京,5,1600,ビートエモーション,6,58.0,36.8,42.0,14.0,0.0,0,0
202505030301,2025-06-14,,東京,5,1600,アウスラフラッグ,8,55.0,38.6,35.9,2.0,-0.43,1,0
202505030301,2025-06-14,,東京,5,1600,ポリアンセモス,8,55.0,39.3,35.9,14.0,0.27,1,0
202505030307,2025-06-14,,東京,5,1600,イサチルカムカム,8,57.0,38.4,35.9,2.0,0.37,1,0
202505030309,2025-06-14,,東京,5,2100,セイウンガレオン,4,58.0,37.4,32.7,11.0,0.15,1,0
202505030309,2025-06-14,,東京,5,2100,サハラヴァンクール,4,58.0,37.2,32.7,16.0,-0.05,1,0
202505030309,2025-06-14,,東京,5,2100,ライジンマル,5,58.0,37.9,32.7,1.0,0.65,1,0
202505030309,2025-06-14,,東京,5,2100,キャネル,7,58.0,36.5,32.7,14.0,-0.75,1,0
202509030307,2025-06-14,,阪神,9,1200,トッピゴー,3,58.0,37.6,37.6,2.0,-0.23,1,0
202509030307,2025-06-14,,阪神,9,1200,ゲーベル,4,58.0,39.3,37.6,6.0,1.47,0,0
202509030310,2025-06-14,,阪神,9,1200,トモジャケーヤ,4,58.0,36.6,33.4,11.0,0.5,1,0
202509030307,2025-06-14,,阪神,9,1200,バッハアルプゼー,5,55.0,36.6,37.6,9.0,-1.23,1,0
202509030310,2025-06-14,,阪神,9,1200,フェンダー,8,58.0,35.6,33.4,3.0,-0.5,0,0
202509030302,2025-06-14,,阪神,9,1400,モズフラッシュ,8,55.0,37.9,34.9,3.0,0.0,1,0
202509030301,2025-06-14,,阪神,9,1800,ヨドギミ,2,55.0,43.1,39.3,7.0,0.26,0,0
202509030301,2025-06-14,,阪神,9,1800,メイショウオハコ,2,53.0,43.3,39.3,10.0,0.46,1,0
202509030311,2025-06-14,,阪神,9,1800,タイセイドレフォン,2,56.0,37.8,34.7,9.0,-0.75,0,0
202509030301,2025-06-14,,阪神,9,1800,メイショウイントロ,3,54.0,43.5,39.3,14.0,0.66,0,0
202509030301,2025-06-14,,阪神,9,1800,スリーローズ,4,55.0,39.7,39.3,12.0,-3.14,1,0
202509030311,2025-06-14,,阪神,9,1800,リューベック,4,55.0,39.3,34.7,6.0,0.75,0,0
202509030301,2025-06-14,,阪神,9,1800,エスタトゥイル,5,55.0,45.0,39.3,15.0,2.16,0,0
202509030301,2025-06-14,,阪神,9,1800,エーデルワイス,7,55.0,39.4,39.3,10.0,-3.44,0,0
202509030301,2025-06-14,,阪神,9,1800,ノワスティエ,8,53.0,42.5,39.3,13.0,-0.34,1,0
202509030301,2025-06-14,,阪神,9,1800,コイスルシャチョウ,8,52.0,46.2,39.3,15.0,3.36,0,0
202509030303,2025-06-14,,阪神,9,2000,ハイアップグレード,5,57.0,40.4,30.9,3.0,-0.2,0,0
202509030303,2025-06-14,,阪神,9,2000,ショウリュウアサヒ,8,57.0,40.7,30.9,5.0,0.1,1,0
202509030303,2025-06-14,,阪神,9,2000,アメリカンタロー,8,57.0,40.7,30.9,16.0,0.1,0,0
202505030204,2025-06-08,,東京,5,1400,オブシディアーナ,2,55.0,37.1,38.7,1.0,-1.23,0,0
202505030204,2025-06-08,,東京,5,1400,サザンブラック,2,57.0,39.5,38.7,10.0,1.17,0,0
202505030210,2025-06-08,,東京,5,1400,ウィンダミア,4,58.0,36.2,36.2,9.0,0.0,1,0
202505030207,2025-06-08,,東京,5,1400,エコロカレン,5,56.0,38.7,33.2,14.0,0.83,1,0
202505030204,2025-06-08,,東京,5,1400,タイキクリエイター,7,57.0,38.6,38.7,3.0,0.27,1,0
202505030204,2025-06-08,,東京,5,1400,アスクサヴァイバル,7,57.0,38.1,38.7,11.0,-0.23,1,0
202505030207,2025-06-08,,東京,5,1400,セギレエルビエント,7,53.0,36.8,33.2,2.0,-1.07,1,0
202505030207,2025-06-08,,東京,5,1400,ニシノタンギー,7,55.0,38.1,33.2,10.0,0.23,0,0
202505030201,2025-06-08,,東京,5,1600,カレリアンダンス,4,55.0,40.2,33.7,16.0,0.96,0,0
202505030201,2025-06-08,,東京,5,1600,リカード,5,55.0,37.3,33.7,13.0,-1.94,1,0
202505030201,2025-06-08,,東京,5,1600,スイートロータス,6,55.0,39.4,33.7,3.0,0.16,1,0
202505030201,2025-06-08,,東京,5,1600,ワナカ,6,55.0,40.9,33.7,11.0,1.66,0,0
202505030201,2025-06-08,,東京,5,1600,ジュールスレーヴ,7,52.0,38.4,33.7,15.0,-0.84,1,0
202505030212,2025-06-08,,東京,5,1600,サノノワンダー,7,55.0,35.5,38.8,11.0,-1.1,1,0
202505030212,2025-06-08,,東京,5,1600,ファイヴレター,8,58.0,37.7,38.8,7.0,1.1,1,0
202505030202,2025-06-08,,東京,5,2100,セラドピラール,1,55.0,38.7,38.4,11.0,-2.16,1,0
202505030202,2025-06-08,,東京,5,2100,ノースグロリア,2,54.0,39.5,38.4,4.0,-1.36,1,0
202505030202,2025-06-08,,東京,5,2100,イベンチュアリー,3,55.0,40.2,38.4,16.0,-0.66,0,0
202505030202,2025-06-08,,東京,5,2100,リバティフレイム,5,57.0,41.4,38.4,2.0,0.54,1,0
202505030202,2025-06-08,,東京,5,2100,パブリックスフィア,5,57.0,43.0,38.4,9.0,2.14,0,0
202505030202,2025-06-08,,東京,5,2100,テソリーノ,6,57.0,41.6,38.4,13.0,0.74,0,0
202505030202,2025-06-08,,東京,5,2100,ミスブランニュデイ,8,55.0,41.6,38.4,4.0,0.74,0,0
202509030211,2025-06-08,,阪神,9,1200,ジレトール,2,58.5,37.4,33.2,4.0,0.0,0,0
202509030203,2025-06-08,,阪神,9,1400,シャポー,1,57.0,39.7,38.2,16.0,0.57,1,0
202509030203,2025-06-08,,阪神,9,1400,サイモンバズユー,4,57.0,38.0,38.2,5.0,-1.13,0,0
202509030203,2025-06-08,,阪神,9,1400,テイエムバゴオウ,4,57.0,39.7,38.2,9.0,0.57,1,0
202509030203,2025-06-08,,阪神,9,1400,リメンバーヒム,5,56.0,37.5,38.2,3.0,-1.63,1,0
202509030203,2025-06-08,,阪神,9,1400,スノーサウンド,6,52.0,41.6,38.2,5.0,2.47,0,0
202509030203,2025-06-08,,阪神,9,1400,パールフロント,7,55.0,38.3,38.2,2.0,-0.83,1,0
202509030204,2025-06-08,,阪神,9,1800,ジーティーララバイ,1,55.0,41.7,36.3,9.0,-1.53,0,0
202509030204,2025-06-08,,阪神,9,1800,ナイスガイ,2,54.0,44.0,36.3,14.0,0.77,0,0
202509030202,2025-06-08,,阪神,9,1800,ダイメイハッピー,4,52.0,39.0,38.5,9.0,-0.65,1,0
202509030204,2025-06-08,,阪神,9,1800,タイセイバンクール,4,57.0,44.0,36.3,2.0,0.77,0,0
202509030208,2025-06-08,,阪神,9,1800,エイユーファイヤー,5,55.0,37.4,34.7,9.0,-1.64,0,0
202509030202,2025-06-08,,阪神,9,1800,トモエゴゼン,6,54.0,38.1,38.5,6.0,-1.55,0,0
202509030202,2025-06-08,,阪神,9,1800,ベネチアンクローム,6,55.0,40.5,38.5,6.0,0.85,0,0
202509030208,2025-06-08,,阪神,9,1800,ヤノマスティーロ,6,55.0,41.2,34.7,8.0,2.16,0,0
202509030208,2025-06-08,,阪神,9,1800,マルモリキング,7,58.0,38.5,34.7,9.0,-0.54,1,0
202509030208,2025-06-08,,阪神,9,1800,インディゴ,7,55.0,39.6,34.7,6.0,0.56,0,0
202509030202,2025-06-08,,阪神,9,1800,モズラッキー,8,52.0,41.0,38.5,14.0,1.35,0,0
202509030208,2025-06-08,,阪神,9,1800,レグロスヴァーグ,8,55.0,38.5,34.7,5.0,-0.54,1,0
202509030201,2025-06-08,,阪神,9,2970,ゴールデンスロープ,2,60.0,13.6,40.7,2.0,-0.12,0,0
202509030201,2025-06-08,,阪神,9,2970,メイショウカゲカツ,4,60.0,14.0,40.7,10.0,0.28,0,0
202509030201,2025-06-08,,阪神,9,2970,タマモエース,7,60.0,13.6,40.7,3.0,-0.12,1,0
202509030201,2025-06-08,,阪神,9,2970,ロードプレジール,8,60.0,13.7,40.7,7.0,-0.03,0,0
202505030106,2025-06-07,,東京,5,1300,タイセイルヴァン,1,57.0,39.1,35.6,4.0,-0.54,1,0
202505030106,2025-06-07,,東京,5,1300,キャンディリボン,3,52.0,41.1,35.6,10.0,1.46,0,0
202505030106,2025-06-07,,東京,5,1300,エーデルムート,4,55.0,40.0,35.6,8.0,0.36,0,0
202505030106,2025-06-07,,東京,5,1300,ブラヴォケラトプス,5,57.0,37.2,35.6,10.0,-2.44,1,0
202505030106,2025-06-07,,東京,5,1300,シプレーノート,5,54.0,40.8,35.6,5.0,1.16,1,0
202505030102,2025-06-07,,東京,5,1400,ジェイエルライナー,2,55.0,39.0,35.1,10.0,-0.53,1,0
202505030111,2025-06-07,,東京,5,1400,スクーバー,2,55.0,39.0,35.2,4.0,2.02,0,0
202505030111,2025-06-07,,東京,5,1400,ナッカーフェイス,3,54.0,36.3,35.2,8.0,-0.68,1,0
202505030111,2025-06-07,,東京,5,1400,メイショウオーギシ,3,54.0,37.3,35.2,13.0,0.32,0,0
202505030102,2025-06-07,,東京,5,1400,デルマエアロール,4,55.0,38.1,35.1,3.0,-1.43,1,0
202505030111,2025-06-07,,東京,5,1400,ハードワイヤード,4,57.0,36.2,35.2,12.0,-0.78,1,0
202505030111,2025-06-07,,東京,5,1400,ヒルノドゴール,5,56.0,36.9,35.2,4.0,-0.08,1,0
202505030102,2025-06-07,,東京,5,1400,インレット,7,55.0,41.5,35.1,3.0,1.97,0,0
202505030111,2025-06-07,,東京,5,1400,ホワイトガーベラ,7,55.0,36.2,35.2,15.0,-0.78,1,0
202505030103,2025-06-07,,東京,5,1600,マードラド,2,57.0,38.4,38.5,11.0,0.32,0,0
202505030108,2025-06-07,,東京,5,1600,ビップレーヌ,2,56.0,37.9,34.6,12.0,0.5,0,0
202505030103,2025-06-07,,東京,5,1600,ダブルドラゴン,3,57.0,40.2,38.5,1.0,2.12,1,0
202505030108,2025-06-07,,東京,5,1600,コンアフェット,3,53.0,37.3,34.6,2.0,-0.1,1,0
202505030108,2025-06-07,,東京,5,1600,バーニングフレーム,4,52.0,39.8,34.6,6.0,2.4,0,0
202505030103,2025-06-07,,東京,5,1600,コーシューパンジャ,6,57.0,36.0,38.5,15.0,-2.08,0,0
202505030103,2025-06-07,,東京,5,1600,サラニキケン,7,55.0,37.7,38.5,8.0,-0.38,1,0
202505030108,2025-06-07,,東京,5,1600,キョウエイフロイデ,7,56.0,35.2,34.6,15.0,-2.2,1,0
202505030108,2025-06-07,,東京,5,1600,ベルフィーヌ,7,53.0,37.5,34.6,9.0,0.1,1,0
202505030112,2025-06-07,,東京,5,1600,ガレストロ,7,58.0,39.7,34.4,3.0,0.0,1,0
202505030108,2025-06-07,,東京,5,1600,シルバーニース,8,56.0,36.7,34.6,12.0,-0.7,1,0
202505030101,2025-06-07,,東京,5,3000,スペクトログラム,1,60.0,14.0,41.5,5.0,0.07,0,0
202505030101,2025-06-07,,東京,5,3000,コンクエスト,4,60.0,13.9,41.5,1.0,-0.03,1,0
202505030101,2025-06-07,,東京,5,3000,ウィズユアドリーム,4,60.0,13.9,41.5,3.0,-0.03,0,0
202509030104,2025-06-07,,阪神,9,1200,ユアマイクラッシュ,2,57.0,39.2,39.2,12.0,-0.87,0,0
202509030104,2025-06-07,,阪神,9,1200,メイショウハント,4,53.0,40.5,39.2,7.0,0.43,0,0
202509030104,2025-06-07,,阪神,9,1200,ハイヌーンチェコ,6,55.0,40.5,39.2,10.0,0.43,1,0
202509030112,2025-06-07,,阪神,9,1400,サンマルノヴェル,2,55.0,37.6,34.5,8.0,-1.25,0,0
202509030112,2025-06-07,,阪神,9,1400,リアルクィーン,2,53.0,37.9,34.5,11.0,-0.95,1,0
202509030101,2025-06-07,,阪神,9,1400,アイムアクイーン,3,55.0,38.7,39.1,8.0,-0.2,1,0
202509030112,2025-06-07,,阪神,9,1400,テーオースミス,4,58.0,39.9,34.5,8.0,1.05,0,0
202509030112,2025-06-07,,阪神,9,1400,チアフルヴォイス,7,56.0,38.4,34.5,14.0,-0.45,1,0
202509030101,2025-06-07,,阪神,9,1400,ホルンフェルス,8,55.0,39.1,39.1,12.0,0.2,1,0
202509030112,2025-06-07,,阪神,9,1400,グリーズマン,8,58.0,38.8,34.5,1.0,-0.05,1,0
202509030112,2025-06-07,,阪神,9,1400,ワイルドブッター,8,54.0,40.5,34.5,3.0,1.65,1,0
202509030102,2025-06-07,,阪神,9,1800,ベラジオガルフ,2,57.0,39.5,37.8,4.0,-0.57,1,0
202509030102,2025-06-07,,阪神,9,1800,ケイコウギュウゴ,3,54.0,38.9,37.8,11.0,-1.17,0,0
202509030102,2025-06-07,,阪神,9,1800,メイショウキタダケ,4,57.0,40.2,37.8,14.0,0.13,1,0
202509030102,2025-06-07,,阪神,9,1800,カフジアッサム,4,57.0,41.8,37.8,12.0,1.73,1,0
202509030110,2025-06-07,,阪神,9,1800,タカサンフェイス,4,58.0,36.9,35.1,2.0,-0.8,0,0
202509030110,2025-06-07,,阪神,9,1800,メイショウマントル,5,58.0,37.5,35.1,8.0,-0.2,0,0
202509030102,2025-06-07,,阪神,9,1800,ココデイック,6,56.0,38.2,37.8,1.0,-1.87,1,0
202509030102,2025-06-07,,阪神,9,1800,マイネルメドリング,8,57.0,41.8,37.8,4.0,1.73,1,0
202509030108,2025-06-07,,阪神,9,1800,ハイウェイスター,8,56.0,38.6,38.7,2.0,0.0,0,0
202509030110,2025-06-07,,阪神,9,1800,タイセイウォリアー,8,58.0,38.7,35.1,5.0,1.0,0,0
202504010810,2025-05-25,,新潟,4,1200,ケープアグラス,1,56.0,37.3,32.9,15.0,-0.32,1,0
202504010807,2025-05-25,,新潟,4,1200,アルヘンティニータ,2,56.0,39.0,36.4,11.0,0.57,0,0
202504010802,2025-05-25,,新潟,4,1200,アテナパルテノス,4,55.0,39.1,37.9,11.0,-1.1,1,0
202504010810,2025-05-25,,新潟,4,1200,モンドプリューム,4,58.0,36.4,32.9,5.0,-1.22,1,0
202504010810,2025-05-25,,新潟,4,1200,スピードパンサー,5,58.0,38.2,32.9,3.0,0.58,1,0
202504010810,2025-05-25,,新潟,4,1200,グランオルカ,6,58.0,36.9,32.9,8.0,-0.72,1,0
202504010802,2025-05-25,,新潟,4,1200,ズットマツモト,7,55.0,41.0,37.9,12.0,0.8,1,0
202504010807,2025-05-25,,新潟,4,1200,ローズブルーム,7,56.0,37.6,36.4,11.0,-0.83,1,0
202504010810,2025-05-25,,新潟,4,1200,サイモンギフト,7,58.0,39.1,32.9,6.0,1.48,0,0
202504010802,2025-05-25,,新潟,4,1200,タマゴ,8,55.0,39.5,37.9,4.0,-0.7,1,0
202504010802,2025-05-25,,新潟,4,1200,ウィステリアベル,8,55.0,41.2,37.9,8.0,1.0,0,0
202504010807,2025-05-25,,新潟,4,1200,ベニシア,8,56.0,38.7,36.4,3.0,0.27,1,0
202504010810,2025-05-25,,新潟,4,1200,モリノセピア,8,58.0,37.8,32.9,1.0,0.18,1,0
202504010812,2025-05-25,,新潟,4,1800,メイショウクーガー,3,55.0,38.3,36.9,4.0,-0.43,1,0
202504010803,2025-05-25,,新潟,4,1800,マルカベント,4,57.0,40.7,37.0,8.0,1.03,1,0
202504010812,2025-05-25,,新潟,4,1800,カーマンライン,4,57.0,38.9,36.9,4.0,0.17,1,0
202504010812,2025-05-25,,新潟,4,1800,ドラミモン,5,58.0,37.6,36.9,14.0,-1.12,1,0
202504010803,2025-05-25,,新潟,4,1800,イージーゴーイング,6,54.0,39.7,37.0,14.0,0.03,1,0
202504010812,2025-05-25,,新潟,4,1800,ピエナクレスコ,7,54.0,40.1,36.9,2.0,1.38,1,0
202504010803,2025-05-25,,新潟,4,1800,キンセンオー,8,54.0,38.6,37.0,3.0,-1.07,0,0
202504010703,2025-05-24,,新潟,4,1200,ミッキーマカパ,2,54.0,37.2,35.9,4.0,-1.2,0,0
202504010703,2025-05-24,,新潟,4,1200,マテンロウバディ,2,55.0,39.2,35.9,7.0,0.8,1,0
202504010703,2025-05-24,,新潟,4,1200,リラキトス,4,57.0,38.2,35.9,8.0,-0.2,1,0
202504010703,2025-05-24,,新潟,4,1200,アンジュオスリール,4,52.0,38.3,35.9,15.0,-0.1,1,0
202504010712,2025-05-24,,新潟,4,1200,メイショウハッブル,4,58.0,36.3,34.6,6.0,-0.63,1,0
202504010703,2025-05-24,,新潟,4,1200,エテオクロス,5,54.0,37.5,35.9,5.0,-0.9,1,0
202504010703,2025-05-24,,新潟,4,1200,ワンダーブリング,5,57.0,38.9,35.9,13.0,0.5,1,0
202504010712,2025-05-24,,新潟,4,1200,ライトニングゼウス,5,58.0,37.0,34.6,6.0,0.07,1,0
202504010712,2025-05-24,,新潟,4,1200,イロハニホ,5,53.0,37.5,34.6,12.0,0.57,1,0
202504010703,2025-05-24,,新潟,4,1200,イタリックタイプ,7,57.0,39.8,35.9,12.0,1.4,0,0
202504010703,2025-05-24,,新潟,4,1200,ジョイナーテソーロ,8,55.0,38.1,35.9,2.0,-0.3,1,0
202504010708,2025-05-24,,新潟,4,1800,イエローサファイア,1,53.0,43.2,33.4,12.0,2.05,0,0
202504010702,2025-05-24,,新潟,4,1800,ラグナトーレ,2,51.0,38.3,40.1,11.0,-2.0,0,0
202504010706,2025-05-24,,新潟,4,1800,タナハシ,2,57.0,38.9,35.2,8.0,-1.17,1,0
202504010708,2025-05-24,,新潟,4,1800,トライデント,2,57.0,40.1,33.4,15.0,-1.05,0,0
202504010706,2025-05-24,,新潟,4,1800,ラブリイビジョン,3,54.0,39.9,35.2,15.0,-0.17,0,0
202504010702,2025-05-24,,新潟,4,1800,オプレントジュエル,4,55.0,40.9,40.1,1.0,0.6,1,0
202504010708,2025-05-24,,新潟,4,1800,サイモンポーリア,4,56.0,38.9,33.4,10.0,-2.25,1,0
202504010706,2025-05-24,,新潟,4,1800,ホウオウブライツ,5,56.0,41.4,35.2,3.0,1.33,1,0
202504010702,2025-05-24,,新潟,4,1800,アウスラフラッグ,6,55.0,41.7,40.1,2.0,1.4,1,0
202504010708,2025-05-24,,新潟,4,1800,カウネウス,8,53.0,42.4,33.4,9.0,1.25,0,0
202504010602,2025-05-18,,新潟,4,1200,サトノエバー,2,55.0,38.7,37.2,6.0,-0.36,1,0
202504010612,2025-05-18,,新潟,4,1200,ハジメテノチュウ,2,58.0,38.9,36.4,4.0,0.0,1,0
202504010612,2025-05-18,,新潟,4,1200,スモーキンビリー,2,58.0,40.0,36.4,9.0,1.1,1,0
202504010602,2025-05-18,,新潟,4,1200,モウフブキ,3,52.0,39.0,37.2,15.0,-0.06,0,0
202504010612,2025-05-18,,新潟,4,1200,トルズイーガー,3,56.0,36.9,36.4,15.0,-2.0,1,0
202504010612,2025-05-18,,新潟,4,1200,ピクラリーダ,5,53.0,40.3,36.4,1.0,1.4,0,0
202504010602,2025-05-18,,新潟,4,1200,ヤマニンレセディ,6,55.0,38.7,37.2,5.0,-0.36,1,0
202504010602,2025-05-18,,新潟,4,1200,ヴィオラダンサー,7,52.0,39.6,37.2,10.0,0.54,0,0
202504010612,2025-05-18,,新潟,4,1200,ララマルシュドロワ,7,58.0,38.4,36.4,9.0,-0.5,1,0
202504010602,2025-05-18,,新潟,4,1200,バイアーナ,8,52.0,39.3,37.2,8.0,0.24,1,0
202504010603,2025-05-18,,新潟,4,1800,モズラッキー,1,52.0,41.7,37.6,11.0,0.73,0,0
202504010603,2025-05-18,,新潟,4,1800,ジーティートゥルー,2,57.0,40.2,37.6,5.0,-0.77,0,0
202504010608,2025-05-18,,新潟,4,1800,プラムダンディ,3,58.0,39.1,35.5,2.0,-0.08,1,0
202504010603,2025-05-18,,新潟,4,1800,マイネルラカイユ,4,57.0,40.4,37.6,6.0,-0.58,1,0
202504010608,2025-05-18,,新潟,4,1800,マテンロウミラクル,4,55.0,39.2,35.5,10.0,0.02,1,0
202504010606,2025-05-18,,新潟,4,1800,グロワールスカイ,5,54.0,42.4,36.2,5.0,0.52,1,0
202504010608,2025-05-18,,新潟,4,1800,タケルゴールド,5,55.0,39.0,35.5,8.0,-0.18,1,0
202504010608,2025-05-18,,新潟,4,1800,ヴェラグエリエロ,5,55.0,39.3,35.5,12.0,0.12,1,0
202504010606,2025-05-18,,新潟,4,1800,ステイトゥルー,6,55.0,41.6,36.2,13.0,-0.27,0,0
202504010603,2025-05-18,,新潟,4,1800,シングンラオウ,7,57.0,41.6,37.6,12.0,0.62,0,0
202504010606,2025-05-18,,新潟,4,1800,レッドアーラ,7,54.0,42.9,36.2,14.0,1.02,0,0
202504010608,2025-05-18,,新潟,4,1800,ケイアイアンタレス,7,55.0,39.3,35.5,14.0,0.12,0,0
202504010606,2025-05-18,,新潟,4,1800,サルファー,8,57.0,40.6,36.2,2.0,-1.27,1,0
202505020801,2025-05-18,,東京,5,1400,エレレラナキラ,1,57.0,37.0,36.0,1.0,-0.07,1,0
202505020801,2025-05-18,,東京,5,1400,タイヨウノキセツ,3,57.0,36.7,36.0,8.0,-0.37,1,0
202505020801,2025-05-18,,東京,5,1400,ダノンメナージュ,8,57.0,37.5,36.0,14.0,0.43,1,0
202505020802,2025-05-18,,東京,5,1600,アヤチャンス,1,55.0,38.7,35.1,7.0,0.58,1,0
202505020802,2025-05-18,,東京,5,1600,ポリアンセモス,1,55.0,40.2,35.1,9.0,2.08,0,0
202505020806,2025-05-18,,東京,5,1600,ニシノヒナアラレ,3,55.0,37.5,35.6,8.0,0.13,1,0
202505020810,2025-05-18,,東京,5,1600,マンダリンボレロ,3,55.0,36.2,37.5,4.0,-0.37,1,0
202505020806,2025-05-18,,東京,5,1600,フィザルモニカ,4,55.0,36.7,35.6,12.0,-0.67,1,0
202505020810,2025-05-18,,東京,5,1600,ビヨンドザシーン,5,52.0,37.0,37.5,14.0,0.43,1,0
202505020802,2025-05-18,,東京,5,1600,ルージュメアート,6,55.0,37.2,35.1,11.0,-0.92,1,0
202505020806,2025-05-18,,東京,5,1600,ダカラフェスティヴ,6,55.0,35.9,35.6,15.0,-1.47,0,0
202505020802,2025-05-18,,東京,5,1600,グランセゾン,7,55.0,36.4,35.1,9.0,-1.72,1,0
202505020802,2025-05-18,,東京,5,1600,ジーティーカメリア,7,51.0,39.6,35.1,1.0,1.48,1,0
202505020806,2025-05-18,,東京,5,1600,マタミカンサン,7,55.0,38.5,35.6,8.0,1.13,0,0
202505020802,2025-05-18,,東京,5,1600,シウダーエヴィータ,8,55.0,36.6,35.1,4.0,-1.52,1,0
202505020806,2025-05-18,,東京,5,1600,ユーディキウム,8,55.0,38.0,35.6,2.0,0.63,1,0
202505020806,2025-05-18,,東京,5,1600,クインズショコラ,8,55.0,37.6,35.6,12.0,0.23,1,0
202505020810,2025-05-18,,東京,5,1600,グリーンライズ,8,52.0,36.5,37.5,14.0,-0.07,1,0
202505020803,2025-05-18,,東京,5,2100,タケルサバイバル,2,57.0,36.8,33.6,1.0,-1.38,0,0
202505020803,2025-05-18,,東京,5,2100,インサイト,3,57.0,40.9,33.6,14.0,2.72,0,0
202505020803,2025-05-18,,東京,5,2100,マシェリアムール,4,55.0,37.3,33.6,11.0,-0.88,1,0
202505020803,2025-05-18,,東京,5,2100,ヘルオブアライド,5,57.0,38.8,33.6,7.0,0.62,0,0
202505020803,2025-05-18,,東京,5,2100,サーフプラチナム,6,55.0,37.1,33.6,5.0,-1.08,1,0
202508020812,2025-05-18,,京都,8,1200,ビップシュプリーム,5,55.0,35.3,32.8,10.0,-0.12,1,0
202508020812,2025-05-18,,京都,8,1200,ディキシーガンナー,6,58.0,35.5,32.8,6.0,0.08,1,0
202508020812,2025-05-18,,京都,8,1200,メイショウヤーキス,6,58.0,35.4,32.8,10.0,-0.02,1,0
202508020812,2025-05-18,,京都,8,1200,サンダーバース,8,55.0,35.5,32.8,15.0,0.08,1,0
202508020801,2025-05-18,,京都,8,1400,ブライトイメル,1,57.0,37.3,35.1,10.0,-0.2,1,0
202508020801,2025-05-18,,京都,8,1400,レイデラティエラ,1,57.0,37.9,35.1,7.0,0.4,1,0
202508020811,2025-05-18,,京都,8,1400,サウンドアレグリア,1,53.0,37.4,36.0,7.0,0.9,1,0
202508020801,2025-05-18,,京都,8,1400,サントレッダー,3,54.0,37.0,35.1,3.0,-0.5,1,0
202508020801,2025-05-18,,京都,8,1400,ハギノヴェルドン,4,57.0,38.9,35.1,7.0,1.4,1,0
202508020801,2025-05-18,,京都,8,1400,リメンバーヒム,7,56.0,36.4,35.1,3.0,-1.1,1,0
202508020811,2025-05-18,,京都,8,1400,ハコダテブショウ,8,56.0,35.6,36.0,15.0,-0.9,1,0
202508020802,2025-05-18,,京都,8,1800,ロッツオブプランズ,2,55.0,38.8,35.3,8.0,-0.77,1,0
202508020805,2025-05-18,,京都,8,1800,スパイラルビジョン,4,57.0,36.9,37.1,8.0,-0.5,1,0
202508020802,2025-05-18,,京都,8,1800,ゴートゥーミジョカ,7,55.0,39.8,35.3,3.0,0.23,1,0
202508020805,2025-05-18,,京都,8,1800,ニシノミチアキ,7,57.0,37.9,37.1,13.0,0.5,0,0
202508020802,2025-05-18,,京都,8,1800,ララナチュール,8,55.0,40.1,35.3,12.0,0.53,0,0
202508020807,2025-05-18,,京都,8,1900,ポルトドール,5,57.0,36.8,37.4,1.0,0.0,1,0
202504010502,2025-05-17,,新潟,4,1200,テイエムダイスター,1,55.0,39.7,38.8,14.0,0.78,1,0
202504010502,2025-05-17,,新潟,4,1200,ボンジュールアスク,2,54.0,38.5,38.8,11.0,-0.42,1,0
202504010502,2025-05-17,,新潟,4,1200,デュアルタスク,3,57.0,39.4,38.8,7.0,0.48,1,0
202504010512,2025-05-17,,新潟,4,1200,セイゲン,5,58.0,36.9,36.0,13.0,0.0,1,0
202504010502,2025-05-17,,新潟,4,1200,インディゴアスール,6,54.0,38.1,38.8,3.0,-0.82,1,0
202504010501,2025-05-17,,新潟,4,1800,エスカラムサ,1,55.0,41.2,36.2,14.0,0.02,0,0
202504010510,2025-05-17,,新潟,4,1800,サパテアール,4,58.0,38.3,36.3,7.0,-0.03,0,0
202504010504,2025-05-17,,新潟,4,1800,ベネスピラ,5,57.0,38.5,34.4,8.0,0.0,1,0
202504010501,2025-05-17,,新潟,4,1800,クインズエクレア,6,55.0,39.8,36.2,3.0,-1.38,0,0
202504010501,2025-05-17,,新潟,4,1800,ディザーヴユー,7,55.0,40.4,36.2,6.0,-0.78,0,0
202504010510,2025-05-17,,新潟,4,1800,ラオラシオン,7,58.0,37.8,36.3,4.0,-0.53,0,0
202504010501,2025-05-17,,新潟,4,1800,アットザホップ,8,52.0,41.5,36.2,9.0,0.32,1,0
202504010501,2025-05-17,,新潟,4,1800,カワキタホクレア,8,53.0,43.0,36.2,8.0,1.82,1,0
202504010510,2025-05-17,,新潟,4,1800,ウインアルドーレ,8,58.0,38.9,36.3,6.0,0.57,1,0
202505020703,2025-05-17,,東京,5,1300,ブラヴォケラトプス,1,57.0,36.8,34.7,5.0,-1.5,1,0
202505020703,2025-05-17,,東京,5,1300,アイビースピネル,5,57.0,39.8,34.7,10.0,1.5,0,0
202505020701,2025-05-17,,東京,5,1400,ウーバーミッション,3,55.0,39.4,34.8,12.0,-0.1,1,0
202505020701,2025-05-17,,東京,5,1400,フレーズボンボン,4,55.0,39.7,34.8,2.0,0.2,1,0
202505020707,2025-05-17,,東京,5,1400,イノキ,4,57.0,37.3,34.7,6.0,0.13,1,0
202505020701,2025-05-17,,東京,5,1400,コットンフラワー,5,55.0,37.9,34.8,12.0,-1.6,0,0
202505020701,2025-05-17,,東京,5,1400,チャンキーバングル,6,55.0,42.1,34.8,5.0,2.6,1,0
202505020707,2025-05-17,,東京,5,1400,ホウオウゴールド,6,57.0,37.3,34.7,10.0,0.13,1,0
202505020701,2025-05-17,,東京,5,1400,アイスリーディング,7,55.0,37.0,34.8,14.0,-2.5,1,0
202505020707,2025-05-17,,東京,5,1400,レーティッシュ,7,57.0,36.9,34.7,2.0,-0.27,0,0
202505020701,2025-05-17,,東京,5,1400,ララセリーヌ,8,55.0,40.9,34.8,10.0,1.4,0,0
202505020710,2025-05-17,,東京,5,1400,ウォルラス,8,58.0,37.6,37.0,9.0,0.0,0,0
202505020708,2025-05-17,,東京,5,1600,レイズトワイライト,4,58.0,36.9,35.8,4.0,-0.33,1,0
202505020702,2025-05-17,,東京,5,1600,メモリードライブ,5,57.0,38.8,35.5,9.0,0.27,1,0
202505020702,2025-05-17,,東京,5,1600,イトウ,6,57.0,37.8,35.5,3.0,-0.73,1,0
202505020702,2025-05-17,,東京,5,1600,ウエスタンクリス,6,57.0,39.0,35.5,2.0,0.47,1,0
202505020708,2025-05-17,,東京,5,1600,ソニックライン,6,58.0,36.6,35.8,4.0,-0.62,0,0
202505020708,2025-05-17,,東京,5,1600,ジュウオウ,6,57.0,37.2,35.8,10.0,-0.02,1,0
202505020712,2025-05-17,,東京,5,1600,ルージュカエラ,7,56.0,39.4,38.8,9.0,0.0,0,0
202505020708,2025-05-17,,東京,5,1600,ファーレンジョー,8,58.0,38.2,35.8,2.0,0.98,0,0
202508020710,2025-05-17,,京都,8,1800,サイモンザナドゥ,1,58.0,36.2,35.6,3.0,-0.62,0,0
202508020712,2025-05-17,,京都,8,1800,ホルトバージ,1,58.0,36.9,34.9,6.0,-1.32,1,0
202508020712,2025-05-17,,京都,8,1800,バガリーロータス,4,53.0,39.3,34.9,10.0,1.08,0,0
202508020710,2025-05-17,,京都,8,1800,ハギノサステナブル,5,58.0,35.9,35.6,13.0,-0.92,1,0
202508020710,2025-05-17,,京都,8,1800,ハギノアルデバラン,5,58.0,37.2,35.6,7.0,0.38,1,0
202508020701,2025-05-17,,京都,8,1800,ヒシカリナン,6,57.0,37.2,36.4,2.0,-0.25,0,0
202508020710,2025-05-17,,京都,8,1800,フームスムート,6,58.0,36.7,35.6,13.0,-0.12,1,0
202508020712,2025-05-17,,京都,8,1800,チカミリオン,7,56.0,37.8,34.9,3.0,-0.42,1,0
202508020701,2025-05-17,,京都,8,1800,カーリンハート,8,52.0,37.7,36.4,7.0,0.25,1,0
202508020710,2025-05-17,,京都,8,1800,メイショウコガシラ,8,58.0,38.1,35.6,10.0,1.28,1,0
202508020712,2025-05-17,,京都,8,1800,ヴォルスター,8,57.0,38.9,34.9,6.0,0.68,0,0
202508020702,2025-05-17,,京都,8,1900,オリジナルファイン,2,54.0,38.2,35.6,8.0,-0.2,1,0
202508020702,2025-05-17,,京都,8,1900,ディスタービア,3,54.0,39.8,35.6,5.0,1.4,0,0
202508020702,2025-05-17,,京都,8,1900,アスクガンバーレ,4,57.0,37.7,35.6,5.0,-0.7,1,0
202508020702,2025-05-17,,京都,8,1900,ヤヌシサンダー,5,57.0,37.9,35.6,3.0,-0.5,0,0
202504010402,2025-05-11,,新潟,4,1200,メイショウテンテン,2,53.0,39.1,37.7,8.0,-0.1,1,0
202504010402,2025-05-11,,新潟,4,1200,エスシーボニー,7,52.0,40.0,37.7,6.0,0.8,1,0
202504010402,2025-05-11,,新潟,4,1200,テイエムダイタカ,8,57.0,38.5,37.7,8.0,-0.7,0,0
202504010403,2025-05-11,,新潟,4,1800,ウエスタンクリス,1,54.0,43.0,36.4,8.0,0.55,0,0
202504010401,2025-05-11,,新潟,4,1800,グランカッサ,2,52.0,39.3,37.9,2.0,-1.06,0,0
202504010403,2025-05-11,,新潟,4,1800,マルカベント,3,57.0,40.7,36.4,7.0,-1.75,1,0
202504010401,2025-05-11,,新潟,4,1800,インマイブラッド,4,55.0,39.9,37.9,8.0,-0.46,0,0
202504010403,2025-05-11,,新潟,4,1800,キタノチェンジ,4,54.0,41.1,36.4,1.0,-1.35,1,0
202504010403,2025-05-11,,新潟,4,1800,ケイツーコルーニ,4,51.0,44.7,36.4,13.0,2.25,0,0
202504010401,2025-05-11,,新潟,4,1800,ピコピンク,5,51.0,40.8,37.9,6.0,0.44,1,0
202504010410,2025-05-11,,新潟,4,1800,メイショウリリー,5,54.0,39.5,36.2,9.0,0.0,1,0
202504010403,2025-05-11,,新潟,4,1800,グレイグアン,6,56.0,41.5,36.4,4.0,-0.95,1,0
202504010403,2025-05-11,,新潟,4,1800,ポセイドンバローズ,6,57.0,43.7,36.4,13.0,1.25,0,0
202504010401,2025-05-11,,新潟,4,1800,ミコノオンガエシ,7,53.0,41.2,37.9,13.0,0.84,0,0
202504010401,2025-05-11,,新潟,4,1800,カセノクララ,8,55.0,40.6,37.9,12.0,0.24,1,0
202505020602,2025-05-11,,東京,5,1400,キョウエイスレーヴ,2,57.0,37.2,33.3,3.0,-0.48,1,0
202505020602,2025-05-11,,東京,5,1400,ミッキーマカパ,2,57.0,38.4,33.3,2.0,0.72,0,0
202505020602,2025-05-11,,東京,5,1400,ヤスケ,5,57.0,38.5,33.3,13.0,0.82,0,0
202505020602,2025-05-11,,東京,5,1400,カフェブーケット,7,57.0,36.6,33.3,11.0,-1.08,1,0
202505020608,2025-05-11,,東京,5,1600,トラジェクトワール,1,58.0,37.6,34.5,5.0,-0.1,1,0
202505020601,2025-05-11,,東京,5,1600,ガールネクストドア,3,55.0,38.1,35.1,7.0,-0.3,0,0
202505020612,2025-05-11,,東京,5,1600,ポワンキュルミナン,4,55.0,36.9,36.3,10.0,0.38,1,0
202505020608,2025-05-11,,東京,5,1600,ヒロピアーナ,5,58.0,37.8,34.5,11.0,0.1,0,0
202505020612,2025-05-11,,東京,5,1600,ナイトアクアリウム,5,57.0,35.7,36.3,10.0,-0.82,0,0
202505020612,2025-05-11,,東京,5,1600,ダノンザボルケーノ,5,56.0,35.6,36.3,13.0,-0.92,1,0
202505020601,2025-05-11,,東京,5,1600,マエストーソ,7,55.0,38.7,35.1,13.0,0.3,1,0
202505020612,2025-05-11,,東京,5,1600,プラーヴィ,7,55.0,37.8,36.3,7.0,1.28,0,0
202505020612,2025-05-11,,東京,5,1600,エイシンレジューム,8,55.0,36.6,36.3,10.0,0.08,1,0
202505020609,2025-05-11,,東京,5,2100,ピュアグルーヴ,1,56.0,37.1,30.6,5.0,-0.67,0,0
202505020605,2025-05-11,,東京,5,2100,シャルクハフト,3,56.0,36.9,32.5,5.0,-0.75,0,0
202505020605,2025-05-11,,東京,5,2100,シドニーホバート,3,57.0,37.8,32.5,1.0,0.15,1,0
202505020609,2025-05-11,,東京,5,2100,セレクティオ,3,58.0,37.0,30.6,11.0,-0.77,1,0
202505020609,2025-05-11,,東京,5,2100,シゲルカミカゼ,3,58.0,39.6,30.6,8.0,1.83,0,0
202505020605,2025-05-11,,東京,5,2100,ディペンダブル,5,55.0,38.5,32.5,14.0,0.85,0,0
202505020609,2025-05-11,,東京,5,2100,キャネル,5,58.0,36.9,30.6,14.0,-0.87,1,0
202505020609,2025-05-11,,東京,5,2100,タイセイアディクト,6,58.0,36.3,30.6,5.0,-1.47,1,0
202505020605,2025-05-11,,東京,5,2100,オタマジャクシ,8,57.0,37.4,32.5,7.0,-0.25,1,0
202505020609,2025-05-11,,東京,5,2100,フルングニル,8,58.0,38.6,30.6,1.0,0.83,1,0
202505020609,2025-05-11,,東京,5,2100,ラファールドール,8,58.0,38.9,30.6,3.0,1.13,1,0
202508020601,2025-05-11,,京都,8,1200,ブルゴーニュ,1,55.0,37.0,37.4,10.0,-1.0,0,0
202508020601,2025-05-11,,京都,8,1200,ヒロスズラン,3,55.0,37.5,37.4,10.0,-0.5,1,0
202508020601,2025-05-11,,京都,8,1200,マルシェ,5,55.0,36.8,37.4,14.0,-1.2,1,0
202508020601,2025-05-11,,京都,8,1200,ヨドノワールド,7,57.0,37.1,37.4,13.0,-0.9,1,0
202508020601,2025-05-11,,京都,8,1200,セレッソレイナ,8,55.0,37.9,37.4,15.0,-0.1,1,0
202508020601,2025-05-11,,京都,8,1200,シマエナガ,8,55.0,41.7,37.4,12.0,3.7,0,0
202508020612,2025-05-11,,京都,8,1400,インテンソ,3,58.0,38.5,34.4,6.0,1.05,0,0
202508020608,2025-05-11,,京都,8,1400,オンリーラヴ,4,56.0,39.1,34.6,8.0,1.3,0,0
202508020612,2025-05-11,,京都,8,1400,バックトゥザライト,4,58.0,36.4,34.4,8.0,-1.05,1,0
202508020608,2025-05-11,,京都,8,1400,エリカドリーム,5,56.0,37.3,34.6,7.0,-0.5,1,0
202508020608,2025-05-11,,京都,8,1400,ロンシャンクイーン,6,56.0,37.0,34.6,3.0,-0.8,1,0
202508020602,2025-05-11,,京都,8,1800,バトンロード,1,57.0,39.4,35.0,8.0,-1.93,0,0
202508020611,2025-05-11,,京都,8,1800,ゴールドバランサー,1,57.0,38.5,38.8,7.0,0.77,1,0
202508020602,2025-05-11,,京都,8,1800,ヴィエルネスサント,2,54.0,43.7,35.0,8.0,2.37,0,0
202508020602,2025-05-11,,京都,8,1800,サンライズロンドン,3,56.0,40.9,35.0,12.0,-0.43,1,0
202508020602,2025-05-11,,京都,8,1800,グロリオン,3,57.0,43.1,35.0,5.0,1.77,1,0
202508020611,2025-05-11,,京都,8,1800,ペプチドソレイユ,3,57.0,37.8,38.8,2.0,0.07,1,0
202508020606,2025-05-11,,京都,8,1800,フィングステン,4,55.0,40.1,39.3,7.0,1.15,0,0
202508020606,2025-05-11,,京都,8,1800,リュミナーズ,5,55.0,37.1,39.3,8.0,-1.85,0,0
202508020606,2025-05-11,,京都,8,1800,サンナイアガラ,6,54.0,38.9,39.3,2.0,-0.05,0,0
202508020611,2025-05-11,,京都,8,1800,ヒューゴ,6,57.0,37.6,38.8,7.0,-0.12,1,0
202508020602,2025-05-11,,京都,8,1800,タイキフィアリーベ,7,57.0,38.9,35.0,2.0,-2.43,0,0
202508020606,2025-05-11,,京都,8,1800,ミッドナイトゲイル,7,55.0,39.7,39.3,1.0,0.75,0,0
202508020611,2025-05-11,,京都,8,1800,タイセイドレフォン,7,58.0,37.0,38.8,5.0,-0.73,0,0
202508020602,2025-05-11,,京都,8,1800,パルジファル,8,57.0,40.7,35.0,13.0,-0.63,1,0
202508020602,2025-05-11,,京都,8,1800,ヴノ,8,57.0,42.6,35.0,3.0,1.27,1,0
202504010303,2025-05-10,,新潟,4,1200,ブリリアントフレア,1,52.0,38.6,39.0,15.0,0.25,0,0
202504010308,2025-05-10,,新潟,4,1200,アスクアメージモア,2,57.0,39.4,36.6,2.0,0.55,1,0
202504010312,2025-05-10,,新潟,4,1200,サラマックイーン,3,56.0,37.9,34.9,11.0,0.2,1,0
202504010303,2025-05-10,,新潟,4,1200,ジーナアクトレス,5,55.0,38.1,39.0,7.0,-0.25,0,0
202504010312,2025-05-10,,新潟,4,1200,ハヌル,6,56.0,37.5,34.9,3.0,-0.2,0,0
202504010308,2025-05-10,,新潟,4,1200,グリントリッター,7,55.0,38.3,36.6,6.0,-0.55,1,0
202504010302,2025-05-10,,新潟,4,1800,セブンスウェイ,1,57.0,39.6,34.4,7.0,0.23,1,0
202504010307,2025-05-10,,新潟,4,1800,パルメリータ,2,56.0,40.9,36.2,3.0,0.62,1,0
202504010302,2025-05-10,,新潟,4,1800,ノイエムジーク,4,57.0,40.6,34.4,15.0,1.23,1,0
202504010302,2025-05-10,,新潟,4,1800,メイショウアイル,5,57.0,38.9,34.4,7.0,-0.48,1,0
202504010307,2025-05-10,,新潟,4,1800,キョウエイフロイデ,5,53.0,39.0,36.2,11.0,-1.27,1,0
202504010307,2025-05-10,,新潟,4,1800,サイモンポーリア,6,56.0,39.8,36.2,8.0,-0.48,1,0
202504010302,2025-05-10,,新潟,4,1800,メイショウタイピン,7,57.0,38.4,34.4,7.0,-0.98,0,0
202504010307,2025-05-10,,新潟,4,1800,ミランカ,8,56.0,41.4,36.2,8.0,1.12,0,0
202505020507,2025-05-10,,東京,5,1300,レモンシフォン,1,56.0,35.4,33.4,7.0,-0.1,1,0
202505020501,2025-05-10,,東京,5,1300,ベルレオーネ,4,57.0,34.7,35.1,14.0,-0.65,1,0
202505020507,2025-05-10,,東京,5,1300,アルナイル,5,58.0,35.6,33.4,11.0,0.1,1,0
202505020501,2025-05-10,,東京,5,1300,ミスターヨッシャー,8,54.0,36.0,35.1,16.0,0.65,1,0
202505020512,2025-05-10,,東京,5,1400,フラーハ,1,56.0,36.2,33.7,1.0,0.0,1,0
202505020503,2025-05-10,,東京,5,1600,ダイタエリュシオン,5,57.0,35.7,36.5,11.0,-1.5,0,0
202505020503,2025-05-10,,東京,5,1600,ハッスルアニキ,6,57.0,37.2,36.5,7.0,0.0,1,0
202505020510,2025-05-10,,東京,5,1600,チュウワチーフ,7,57.0,35.7,36.9,3.0,0.15,1,0
202505020503,2025-05-10,,東京,5,1600,アンダーザブリッジ,8,57.0,37.0,36.5,4.0,-0.2,1,0
202505020503,2025-05-10,,東京,5,1600,ゴールドジェネラル,8,57.0,38.9,36.5,7.0,1.7,0,0
202505020510,2025-05-10,,東京,5,1600,ベルジュロネット,8,57.0,35.4,36.9,6.0,-0.15,1,0
202505020502,2025-05-10,,東京,5,2100,スーパーチャージ,3,57.0,38.0,35.2,12.0,0.1,1,0
202505020502,2025-05-10,,東京,5,2100,ステイアンビシャス,5,57.0,36.5,35.2,7.0,-1.4,0,0
202505020502,2025-05-10,,東京,5,2100,エリジブル,5,57.0,39.4,35.2,7.0,1.5,1,0
202505020502,2025-05-10,,東京,5,2100,ホウオウサンサール,8,57.0,37.7,35.2,12.0,-0.2,0,0
202508020501,2025-05-10,,京都,8,1400,クインズメレンゲ,1,55.0,37.1,34.3,6.0,-1.38,0,0
202508020501,2025-05-10,,京都,8,1400,エリカサンタモニカ,1,55.0,40.2,34.3,13.0,1.73,0,0
202508020501,2025-05-10,,京都,8,1400,ルクスデイジー,3,55.0,36.4,34.3,1.0,-2.08,1,0
202508020501,2025-05-10,,京都,8,1400,ハヤブサオヒメサマ,3,51.0,37.7,34.3,8.0,-0.77,1,0
202508020501,2025-05-10,,京都,8,1400,サッポロキタコ,4,55.0,37.9,34.3,3.0,-0.58,1,0
202508020501,2025-05-10,,京都,8,1400,オメガセレナーデ,4,55.0,38.2,34.3,15.0,-0.27,1,0
202508020501,2025-05-10,,京都,8,1400,アイブリンク,7,55.0,38.7,34.3,10.0,0.23,1,0
202508020501,2025-05-10,,京都,8,1400,クリフウォーク,7,55.0,41.6,34.3,12.0,3.12,0,0
202508020504,2025-05-10,,京都,8,1800,ワンハート,1,52.0,39.6,36.7,10.0,0.44,1,0
202508020512,2025-05-10,,京都,8,1800,ワイノナオミ,1,56.0,38.0,35.6,3.0,-0.43,1,0
202508020504,2025-05-10,,京都,8,1800,オーケーエンジェル,2,55.0,39.1,36.7,3.0,-0.06,0,0
202508020508,2025-05-10,,京都,8,1800,リアルペガサス,2,58.0,36.2,35.2,3.0,0.23,1,0
202508020508,2025-05-10,,京都,8,1800,シャハザマーン,3,58.0,35.9,35.2,2.0,-0.07,1,0
202508020504,2025-05-10,,京都,8,1800,ケングロリア,4,52.0,38.8,36.7,6.0,-0.36,1,0
202508020508,2025-05-10,,京都,8,1800,エリカヴェネチア,4,55.0,35.8,35.2,7.0,-0.17,1,0
202508020504,2025-05-10,,京都,8,1800,スカイビート,5,55.0,38.5,36.7,2.0,-0.66,0,0
202508020504,2025-05-10,,京都,8,1800,コリエドール,6,54.0,39.8,36.7,4.0,0.64,1,0
202508020512,2025-05-10,,京都,8,1800,ヴァクストゥーム,6,58.0,38.4,35.6,10.0,-0.03,0,0
202508020512,2025-05-10,,京都,8,1800,エアサンサーラ,8,58.0,38.9,35.6,3.0,0.47,0,0
202508020502,2025-05-10,,京都,8,1900,ベルエアフォース,2,57.0,39.0,35.6,12.0,-0.67,1,0
202508020502,2025-05-10,,京都,8,1900,ルセルマンダムール,3,56.0,38.8,35.6,6.0,-0.87,1,0
202508020502,2025-05-10,,京都,8,1900,カガセブンスター,4,56.0,39.4,35.6,1.0,-0.27,1,0
202508020502,2025-05-10,,京都,8,1900,ライジングショット,4,57.0,38.6,35.6,10.0,-1.07,1,0
202508020502,2025-05-10,,京都,8,1900,イイデテッシン,6,57.0,42.0,35.6,15.0,2.33,0,0
202508020502,2025-05-10,,京都,8,1900,ガンナール,7,53.0,40.2,35.6,16.0,0.53,0,0
202504010207,2025-05-04,,新潟,4,1200,ルミナスフラックス,3,55.0,37.3,34.6,13.0,-0.17,0,0
202504010211,2025-05-04,,新潟,4,1200,レッドゲイル,3,58.0,39.1,33.4,10.0,1.07,1,0
202504010207,2025-05-04,,新潟,4,1200,キングヴァージル,4,56.0,38.4,34.6,7.0,0.93,1,0
202504010211,2025-05-04,,新潟,4,1200,シークレットヴァウ,5,58.0,37.2,33.4,4.0,-0.83,1,0
202504010207,2025-05-04,,新潟,4,1200,ゲキザル,6,58.0,36.7,34.6,10.0,-0.77,0,0
202504010211,2025-05-04,,新潟,4,1200,シアージスト,6,60.0,37.8,33.4,2.0,-0.23,1,0
202504010203,2025-05-04,,新潟,4,1800,フランキーバローズ,2,54.0,39.6,37.3,4.0,-1.68,1,0
202504010206,2025-05-04,,新潟,4,1800,スノークローバー,2,55.0,42.3,37.8,12.0,0.1,0,0
202504010209,2025-05-04,,新潟,4,1800,マフィン,2,56.0,39.2,36.8,12.0,-1.73,0,0
202504010203,2025-05-04,,新潟,4,1800,ミッキーサンズ,3,54.0,43.5,37.3,7.0,2.22,0,0
202504010203,2025-05-04,,新潟,4,1800,ラストレガシー,4,57.0,39.8,37.3,2.0,-1.48,1,0
202504010203,2025-05-04,,新潟,4,1800,ニシノプロテア,4,57.0,39.8,37.3,10.0,-1.48,0,0
202504010203,2025-05-04,,新潟,4,1800,メイショウカスガイ,6,57.0,42.4,37.3,5.0,1.12,0,0
202504010209,2025-05-04,,新潟,4,1800,ファイントパーズ,6,56.0,41.3,36.8,2.0,0.37,0,0
202504010203,2025-05-04,,新潟,4,1800,ベネディクティオ,7,54.0,42.6,37.3,7.0,1.32,1,0
202504010206,2025-05-04,,新潟,4,1800,ジャスティンガルフ,7,58.0,42.1,37.8,7.0,-0.1,0,0
202504010209,2025-05-04,,新潟,4,1800,ネイリッカ,7,56.0,42.3,36.8,2.0,1.37,0,0
202505020412,2025-05-04,,東京,5,1300,エコロドゥネス,1,58.0,36.5,34.4,11.0,0.2,0,0
202505020412,2025-05-04,,東京,5,1300,モンドプリューム,2,58.0,36.1,34.4,3.0,-0.2,1,0
202505020412,2025-05-04,,東京,5,1300,クールソル,2,56.0,39.5,34.4,7.0,3.2,1,0
202505020412,2025-05-04,,東京,5,1300,フクノブルジュ,6,58.0,34.9,34.4,11.0,-1.4,1,0
202505020412,2025-05-04,,東京,5,1300,ケンキョ,7,58.0,34.5,34.4,16.0,-1.8,1,0
202505020406,2025-05-04,,東京,5,1400,ブリッツアロング,1,57.0,38.9,35.6,10.0,0.05,0,0
202505020402,2025-05-04,,東京,5,1400,ブライトビギニング,2,57.0,41.3,36.1,8.0,2.75,0,0
202505020402,2025-05-04,,東京,5,1400,リラキトス,3,57.0,37.2,36.1,1.0,-1.35,0,0
202505020402,2025-05-04,,東京,5,1400,サイモングリット,5,57.0,36.3,36.1,12.0,-2.25,1,0
202505020406,2025-05-04,,東京,5,1400,ジャスパーノベル,6,55.0,40.0,35.6,7.0,1.15,0,0
202505020406,2025-05-04,,東京,5,1400,サディーク,7,55.0,37.3,35.6,4.0,-1.55,1,0
202505020402,2025-05-04,,東京,5,1400,リネンドライブ,8,57.0,39.4,36.1,11.0,0.85,0,0
202505020406,2025-05-04,,東京,5,1400,プライベートアイズ,8,57.0,39.2,35.6,15.0,0.35,0,0
202505020401,2025-05-04,,東京,5,1600,ランメルスベルグ,3,55.0,37.7,36.1,4.0,-0.2,0,0
202505020403,2025-05-04,,東京,5,1600,ニシノイッキサス,3,57.0,39.0,36.6,13.0,1.32,1,0
202505020403,2025-05-04,,東京,5,1600,サトミノエンジェル,5,57.0,36.3,36.6,6.0,-1.38,0,0
202505020403,2025-05-04,,東京,5,1600,ラストヨンマル,5,54.0,37.1,36.6,14.0,-0.58,1,0
202505020401,2025-05-04,,東京,5,1600,ハイエストランク,6,55.0,37.7,36.1,9.0,-0.2,1,0
202505020401,2025-05-04,,東京,5,1600,スカーレットクロス,6,55.0,38.3,36.1,12.0,0.4,1,0
202505020403,2025-05-04,,東京,5,1600,キョウエイグッド,6,57.0,38.1,36.6,12.0,0.42,1,0
202505020403,2025-05-04,,東京,5,1600,ブレイクバウンズ,7,57.0,37.3,36.6,3.0,-0.38,1,0
202505020403,2025-05-04,,東京,5,1600,ベルフォン,7,55.0,38.3,36.6,8.0,0.62,0,0
202505020410,2025-05-04,,東京,5,2100,アッシュルバニパル,5,56.0,37.3,30.0,9.0,0.1,1,0
202505020410,2025-05-04,,東京,5,2100,トウセツ,5,55.0,37.1,30.0,14.0,-0.1,1,0
202505020407,2025-05-04,,東京,5,2100,ポップスター,8,58.0,36.3,36.9,10.0,0.0,1,0
202505020410,2025-05-04,,東京,5,2100,レヴォントゥレット,8,56.0,37.2,30.0,2.0,0.0,0,0
202508020401,2025-05-04,,京都,8,1200,ヴィオレンツァ,2,57.0,36.7,37.9,8.0,0.0,1,0
202508020412,2025-05-04,,京都,8,1200,ダルダヌス,5,55.0,36.2,30.8,14.0,0.0,1,0
202508020401,2025-05-04,,京都,8,1200,エナドライブ,6,55.0,36.7,37.9,11.0,0.0,1,0
202508020405,2025-05-04,,京都,8,1400,スリーピース,1,57.0,39.6,33.8,3.0,1.0,0,0
202508020405,2025-05-04,,京都,8,1400,タイセイディアマン,2,57.0,37.3,33.8,7.0,-1.3,1,0
202508020405,2025-05-04,,京都,8,1400,サンライズアレス,6,54.0,39.9,33.8,15.0,1.3,0,0
202508020405,2025-05-04,,京都,8,1400,ストップヤーニング,7,57.0,37.4,33.8,8.0,-1.2,1,0
202508020405,2025-05-04,,京都,8,1400,グランキングオー,8,57.0,37.0,33.8,8.0,-1.6,1,0
202508020405,2025-05-04,,京都,8,1400,ヒデノブルースカイ,8,57.0,40.4,33.8,3.0,1.8,0,0
202508020402,2025-05-04,,京都,8,1800,エルクレスタワー,2,57.0,38.5,36.4,6.0,-1.0,1,0
202508020402,2025-05-04,,京都,8,1800,ヤヌシサンダー,3,57.0,39.1,36.4,10.0,-0.4,0,0
202508020402,2025-05-04,,京都,8,1800,マサムネ,8,57.0,40.9,36.4,13.0,1.4,1,0
202508020409,2025-05-04,,京都,8,1900,フォーワンセルフ,2,58.0,39.6,37.5,8.0,1.53,0,0
202508020409,2025-05-04,,京都,8,1900,ゼットレジーナ,7,56.0,38.4,37.5,8.0,0.33,0,0
202508020409,2025-05-04,,京都,8,1900,アラレタバシル,8,58.0,36.9,37.5,4.0,-1.17,1,0
202508020409,2025-05-04,,京都,8,1900,パーサヴィアランス,8,58.0,37.4,37.5,4.0,-0.67,1,0
202504010103,2025-05-03,,新潟,4,1200,クラウンセヘル,4,57.0,37.2,36.1,10.0,-0.37,0,0
202504010103,2025-05-03,,新潟,4,1200,フューチャステップ,4,55.0,37.8,36.1,12.0,0.23,1,0
202504010103,2025-05-03,,新潟,4,1200,ゴールドエンペラー,5,54.0,37.7,36.1,15.0,0.13,0,0
202504010111,2025-05-03,,新潟,4,1800,メイショウホマレ,1,56.0,37.3,38.8,2.0,-0.24,1,0
202504010102,2025-05-03,,新潟,4,1800,ゼットヒーロ,2,55.0,41.1,39.3,10.0,0.43,0,0
202504010109,2025-05-03,,新潟,4,1800,ミライヘノカギ,2,57.0,37.7,38.1,3.0,-0.25,0,0
202504010111,2025-05-03,,新潟,4,1800,リバートゥルー,2,56.0,36.7,38.8,11.0,-0.84,1,0
202504010102,2025-05-03,,新潟,4,1800,リュウゼツラン,3,51.0,39.2,39.3,10.0,-1.47,0,0
202504010107,2025-05-03,,新潟,4,1800,ブルーリヴァーサル,4,58.0,39.1,36.3,11.0,0.4,0,0
202504010111,2025-05-03,,新潟,4,1800,レシプロシティ,4,56.0,37.7,38.8,1.0,0.16,1,0
202504010111,2025-05-03,,新潟,4,1800,マーブルマウンテン,5,56.0,37.8,38.8,3.0,0.26,1,0
202504010111,2025-05-03,,新潟,4,1800,メイショウオーロラ,6,56.0,38.2,38.8,14.0,0.66,0,0
202504010102,2025-05-03,,新潟,4,1800,クインズモナカ,7,53.0,41.7,39.3,13.0,1.03,1,0
202504010107,2025-05-03,,新潟,4,1800,メイショウクーガー,8,58.0,37.7,36.3,2.0,-1.0,1,0
202504010107,2025-05-03,,新潟,4,1800,ショーケン,8,58.0,39.3,36.3,1.0,0.6,1,0
202504010109,2025-05-03,,新潟,4,1800,キャストロププ,8,57.0,38.2,38.1,10.0,0.25,1,0
202505020301,2025-05-03,,東京,5,1400,ティアップマッハ,1,55.0,36.7,37.3,7.0,0.66,1,0
202505020301,2025-05-03,,東京,5,1400,エイトビートレター,2,54.0,36.3,37.3,15.0,0.26,1,0
202505020301,2025-05-03,,東京,5,1400,ラブリールチア,5,55.0,35.7,37.3,5.0,-0.34,1,0
202505020307,2025-05-03,,東京,5,1400,リュクスレオン,5,58.0,37.8,36.4,15.0,0.1,0,0
202505020307,2025-05-03,,東京,5,1400,サリーピルエット,5,57.0,37.6,36.4,16.0,-0.1,1,0
202505020301,2025-05-03,,東京,5,1400,チッピンガム,6,55.0,36.5,37.3,13.0,0.46,1,0
202505020301,2025-05-03,,東京,5,1400,オアシスブリーズ,6,55.0,35.0,37.3,16.0,-1.04,0,0
202505020302,2025-05-03,,東京,5,1600,カフェロワドール,2,57.0,36.7,34.8,2.0,-0.63,0,0
202505020312,2025-05-03,,東京,5,1600,テイエムシニスター,2,58.0,37.2,35.5,1.0,0.33,1,0
202505020312,2025-05-03,,東京,5,1600,ファイヴレター,3,58.0,37.7,35.5,11.0,0.83,0,0
202505020312,2025-05-03,,東京,5,1600,マスグラバイト,5,58.0,35.9,35.5,8.0,-0.98,1,0
202505020302,2025-05-03,,東京,5,1600,テルケンレンスター,6,57.0,37.8,34.8,3.0,0.47,1,0
202505020302,2025-05-03,,東京,5,1600,セレブウマザンマイ,6,55.0,37.5,34.8,9.0,0.17,1,0
202505020312,2025-05-03,,東京,5,1600,ピエフォール,6,58.0,36.7,35.5,11.0,-0.17,1,0
202505020303,2025-05-03,,東京,5,2100,セイスイミリオン,1,57.0,37.6,34.1,12.0,-0.97,1,0
202505020303,2025-05-03,,東京,5,2100,ノロシ,3,57.0,41.8,34.1,14.0,3.23,0,0
202505020303,2025-05-03,,東京,5,2100,ヤマニンエボルブ,4,57.0,37.4,34.1,11.0,-1.17,1,0
202505020309,2025-05-03,,東京,5,2100,ワンパット,4,58.0,36.9,32.1,6.0,0.4,1,0
202505020303,2025-05-03,,東京,5,2100,ミラクルボーン,6,57.0,37.9,34.1,13.0,-0.67,1,0
202505020303,2025-05-03,,東京,5,2100,ボンズドゥッカ,7,57.0,37.7,34.1,4.0,-0.87,1,0
202505020303,2025-05-03,,東京,5,2100,フラワーデュエット,7,55.0,39.0,34.1,9.0,0.43,1,0
202505020309,2025-05-03,,東京,5,2100,ビップスコーピオン,7,58.0,36.1,32.1,8.0,-0.4,1,0
202508020312,2025-05-03,,京都,8,1200,ゼンノツキヨミ,2,56.0,36.1,34.8,14.0,-1.25,1,0
202508020308,2025-05-03,,京都,8,1200,パワポケビー,4,56.0,39.1,34.9,5.0,0.0,0,0
202508020312,2025-05-03,,京都,8,1200,プレヴィスト,8,55.0,38.6,34.8,2.0,1.25,0,0
202508020302,2025-05-03,,京都,8,1400,アーリドラータ,1,57.0,38.1,36.9,1.0,0.6,1,0
202508020302,2025-05-03,,京都,8,1400,タガノテツ,4,57.0,36.0,36.9,11.0,-1.5,1,0
202508020302,2025-05-03,,京都,8,1400,オプティクス,5,57.0,38.4,36.9,5.0,0.9,0,0
202508020301,2025-05-03,,京都,8,1800,アサガクル,1,55.0,40.3,37.1,12.0,-0.8,0,0
202508020301,2025-05-03,,京都,8,1800,コンプリート,4,55.0,40.3,37.1,14.0,-0.8,1,0
202508020301,2025-05-03,,京都,8,1800,テットドール,5,55.0,43.7,37.1,13.0,2.6,0,0
202508020301,2025-05-03,,京都,8,1800,ゴートゥーミジョカ,6,55.0,39.8,37.1,8.0,-1.3,0,0
202508020301,2025-05-03,,京都,8,1800,タイセイアズーロ,6,55.0,43.6,37.1,9.0,2.5,0,0
202508020301,2025-05-03,,京都,8,1800,バッドガール,7,55.0,38.2,37.1,2.0,-2.9,1,0
202508020301,2025-05-03,,京都,8,1800,アニュレス,8,52.0,41.8,37.1,1.0,0.7,1,0
202508020304,2025-05-03,,京都,8,1900,タイセイアルジャン,1,57.0,40.7,35.1,13.0,-0.08,0,0
202508020311,2025-05-03,,京都,8,1900,サイモンシュバリエ,2,57.0,39.2,36.4,6.0,1.24,1,0
202508020304,2025-05-03,,京都,8,1900,カンプウ,3,57.0,40.6,35.1,3.0,-0.18,1,0
202508020304,2025-05-03,,京都,8,1900,ハイアップグレード,4,57.0,38.3,35.1,1.0,-2.48,0,0
202508020311,2025-05-03,,京都,8,1900,ヒルノハンブルク,6,57.0,37.4,36.4,1.0,-0.56,1,0
202508020304,2025-05-03,,京都,8,1900,オセアフランケル,7,57.0,43.5,35.1,11.0,2.72,1,0
202508020311,2025-05-03,,京都,8,1900,ベリタバグス,7,57.0,36.8,36.4,8.0,-1.16,1,0
202508020311,2025-05-03,,京都,8,1900,ヴィリアリート,8,55.0,38.3,36.4,2.0,0.34,0,0
202508020311,2025-05-03,,京都,8,1900,チュウジョウ,8,57.0,38.1,36.4,12.0,0.14,1,0
202503010601,2025-04-27,,福島,3,1150,ゴールドシャーク,2,55.0,37.8,31.7,3.0,-0.27,1,0
202503010612,2025-04-27,,福島,3,1150,マーゴットファブ,2,55.0,38.3,30.2,2.0,0.4,1,0
202503010601,2025-04-27,,福島,3,1150,ベルトネ,4,55.0,39.0,31.7,4.0,0.93,1,0
202503010612,2025-04-27,,福島,3,1150,アップフルーク,6,55.0,38.5,30.2,3.0,0.6,1,0
202503010601,2025-04-27,,福島,3,1150,メイショウドライブ,7,55.0,37.4,31.7,6.0,-0.67,0,0
202503010612,2025-04-27,,福島,3,1150,スノーホルンロード,8,55.0,36.9,30.2,5.0,-1.0,0,0
202503010606,2025-04-27,,福島,3,1700,ブレットフライ,2,57.0,37.5,34.1,10.0,-2.23,1,0
202503010610,2025-04-27,,福島,3,1700,ミレニアムヒロイン,2,56.0,42.6,35.0,14.0,0.7,0,0
202503010603,2025-04-27,,福島,3,1700,ベラジオボヤージュ,3,50.0,44.1,34.2,11.0,3.33,0,0
202503010606,2025-04-27,,福島,3,1700,ウェルキン,4,53.0,41.1,34.1,14.0,1.37,0,0
202503010610,2025-04-27,,福島,3,1700,アレナパラシオ,4,58.0,42.0,35.0,12.0,0.1,0,0
202503010603,2025-04-27,,福島,3,1700,ポジティビティ,5,57.0,38.9,34.2,7.0,-1.87,1,0
202503010606,2025-04-27,,福島,3,1700,ドレミファニー,5,56.0,41.1,34.1,1.0,1.37,1,0
202503010610,2025-04-27,,福島,3,1700,ブレイゼスト,5,58.0,41.1,35.0,3.0,-0.8,1,0
202503010606,2025-04-27,,福島,3,1700,ヴェラグエリエロ,6,55.0,39.4,34.1,12.0,-0.33,1,0
202503010606,2025-04-27,,福島,3,1700,オブシディアン,7,58.0,38.7,34.1,11.0,-1.03,1,0
202503010606,2025-04-27,,福島,3,1700,カシノインディード,7,55.0,40.6,34.1,13.0,0.87,0,0
202503010603,2025-04-27,,福島,3,1700,ビリーヴアンドラン,8,57.0,39.3,34.2,14.0,-1.47,1,0
202505020203,2025-04-27,,東京,5,1300,カネトシブライト,2,57.0,39.5,37.3,12.0,1.02,0,0
202505020203,2025-04-27,,東京,5,1300,ピースシャイニー,3,57.0,39.8,37.3,7.0,1.32,0,0
202505020203,2025-04-27,,東京,5,1300,アーチーテソーロ,4,57.0,38.4,37.3,15.0,-0.08,0,0
202505020203,2025-04-27,,東京,5,1300,エンジョイドライブ,8,57.0,36.2,37.3,11.0,-2.27,0,0
202505020201,2025-04-27,,東京,5,1400,ガールネクストドア,1,55.0,37.8,35.3,13.0,-1.3,1,0
202505020201,2025-04-27,,東京,5,1400,アヤチャンス,1,55.0,38.7,35.3,15.0,-0.4,1,0
202505020201,2025-04-27,,東京,5,1400,テルケンユミカグラ,3,53.0,39.9,35.3,9.0,0.8,1,0
202505020212,2025-04-27,,東京,5,1400,ホウオウプレミア,3,58.0,34.7,38.8,15.0,-1.47,1,0
202505020201,2025-04-27,,東京,5,1400,ココアミュレット,6,55.0,40.5,35.3,3.0,1.4,1,0
202505020201,2025-04-27,,東京,5,1400,ネバーランドリーム,7,55.0,38.6,35.3,13.0,-0.5,1,0
202505020212,2025-04-27,,東京,5,1400,トウカイファクター,7,58.0,36.6,38.8,9.0,0.43,0,0
202505020212,2025-04-27,,東京,5,1400,ホウオウフロイト,8,58.0,37.2,38.8,14.0,1.03,0,0
202505020202,2025-04-27,,東京,5,1600,キロノヴァ,2,57.0,39.1,38.5,12.0,0.27,1,0
202505020207,2025-04-27,,東京,5,1600,ホワイトクロウ,2,58.0,36.3,40.2,12.0,-0.67,1,0
202505020202,2025-04-27,,東京,5,1600,アバレリュウ,3,57.0,36.7,38.5,15.0,-2.13,1,0
202505020202,2025-04-27,,東京,5,1600,リアライズオネスト,3,57.0,38.9,38.5,11.0,0.07,1,0
202505020210,2025-04-27,,東京,5,1600,ユティタム,3,57.5,37.1,36.0,1.0,0.0,1,0
202505020207,2025-04-27,,東京,5,1600,カルフ,4,58.0,37.5,40.2,4.0,0.53,1,0
202505020207,2025-04-27,,東京,5,1600,インテルメディオ,4,58.0,37.1,40.2,9.0,0.13,1,0
202505020202,2025-04-27,,東京,5,1600,サクラコーラル,5,57.0,38.5,38.5,8.0,-0.33,1,0
202505020202,2025-04-27,,東京,5,1600,マーゴットフェスタ,7,57.0,39.5,38.5,2.0,0.67,1,0
202505020202,2025-04-27,,東京,5,1600,ウエスタンクリス,8,57.0,40.3,38.5,12.0,1.47,0,0
202508020201,2025-04-27,,京都,8,1200,エルピーゾ,1,52.0,37.2,39.7,10.0,-0.63,1,0
202508020201,2025-04-27,,京都,8,1200,ドクターサクラ,2,55.0,37.9,39.7,8.0,0.07,1,0
202508020201,2025-04-27,,京都,8,1200,マルモジーニー,4,55.0,38.4,39.7,14.0,0.57,0,0
202508020206,2025-04-27,,京都,8,1400,サンライズアレス,6,57.0,39.8,35.4,10.0,0.35,0,0
202508020206,2025-04-27,,京都,8,1400,ピーチマカロン,8,54.0,39.1,35.4,7.0,-0.35,0,0
202508020202,2025-04-27,,京都,8,1800,ヴァリオーサ,2,52.0,39.1,38.3,2.0,0.0,0,0
202508020208,2025-04-27,,京都,8,1800,タイセイマンボ,4,57.0,40.7,35.6,2.0,0.0,0,0
202508020212,2025-04-27,,京都,8,1800,マサハヤウォルズ,4,58.0,38.0,37.2,6.0,-0.63,1,0
202508020212,2025-04-27,,京都,8,1800,エアサンサーラ,7,58.0,40.2,37.2,7.0,1.57,0,0
202508020212,2025-04-27,,京都,8,1800,リアド,8,58.0,37.7,37.2,3.0,-0.93,1,0
202508020204,2025-04-27,,京都,8,2910,トップスティール,5,60.0,14.1,41.5,10.0,0.12,0,0
202508020204,2025-04-27,,京都,8,2910,ゲインサポート,6,59.0,13.9,41.5,3.0,-0.07,1,0
202508020204,2025-04-27,,京都,8,2910,アニージョ,6,60.0,14.0,41.5,5.0,0.03,0,0
202508020204,2025-04-27,,京都,8,2910,スズカハービン,8,60.0,13.9,41.5,7.0,-0.07,1,0
202503010508,2025-04-26,,福島,3,1150,マオノボルケーノ,2,54.0,37.1,32.1,15.0,-0.2,1,0
202503010502,2025-04-26,,福島,3,1150,アスコットアイ,6,55.0,37.8,30.8,3.0,0.0,0,0
202503010508,2025-04-26,,福島,3,1150,サザンレイク,8,53.0,37.5,32.1,4.0,0.2,1,0
202503010512,2025-04-26,,福島,3,1700,オリエンタルキング,1,56.0,39.0,37.1,8.0,0.0,1,0
202503010506,2025-04-26,,福島,3,1700,チョウリニア,3,52.0,39.4,34.5,9.0,-1.46,0,0
202503010506,2025-04-26,,福島,3,1700,ファイアーワークス,3,57.0,40.5,34.5,6.0,-0.36,1,0
202503010501,2025-04-26,,福島,3,1700,キタノマーシャル,4,55.0,40.4,35.5,10.0,0.53,1,0
202503010506,2025-04-26,,福島,3,1700,ミラクルミッキー,4,57.0,43.4,34.5,9.0,2.54,0,0
202503010501,2025-04-26,,福島,3,1700,エピックサイクル,6,52.0,39.2,35.5,15.0,-0.67,1,0
202503010506,2025-04-26,,福島,3,1700,ブラザービート,7,57.0,39.0,34.5,6.0,-1.86,1,0
202503010506,2025-04-26,,福島,3,1700,ヘイケ,7,53.0,42.0,34.5,2.0,1.14,1,0
202503010501,2025-04-26,,福島,3,1700,カスバートテソーロ,8,55.0,40.0,35.5,5.0,0.13,0,0
202505020102,2025-04-26,,東京,5,1400,クラウンハート,2,57.0,37.3,39.9,13.0,0.35,1,0
202505020107,2025-04-26,,東京,5,1400,ブルーデイジー,3,56.0,38.6,38.3,13.0,-0.1,0,0
202505020107,2025-04-26,,東京,5,1400,ヨドノルミナス,5,56.0,38.8,38.3,4.0,0.1,0,0
202505020102,2025-04-26,,東京,5,1400,ミスティマウンテン,6,57.0,36.6,39.9,4.0,-0.35,1,0
202505020110,2025-04-26,,東京,5,1400,ストレングス,6,58.0,35.8,35.4,2.0,0.5,1,0
202505020110,2025-04-26,,東京,5,1400,ヴァンドーム,6,58.0,34.8,35.4,13.0,-0.5,1,0
202505020106,2025-04-26,,東京,5,1600,ゴールドダイアー,3,57.0,37.1,37.7,7.0,-0.43,0,0
202505020101,2025-04-26,,東京,5,1600,ジェンダアネモス,4,55.0,39.1,34.8,1.0,-0.17,1,0
202505020106,2025-04-26,,東京,5,1600,エンプレスフレーム,4,55.0,37.6,37.7,3.0,0.07,1,0
202505020101,2025-04-26,,東京,5,1600,ピンキースウェア,5,54.0,39.3,34.8,6.0,0.03,1,0
202505020101,2025-04-26,,東京,5,1600,ミスブランニュデイ,6,55.0,39.4,34.8,10.0,0.13,1,0
202505020106,2025-04-26,,東京,5,1600,エルオレンス,7,57.0,37.9,37.7,16.0,0.37,0,0
202505020103,2025-04-26,,東京,5,2100,アルデツヨシ,5,57.0,39.4,40.6,1.0,-0.88,1,0
202505020103,2025-04-26,,東京,5,2100,トルーティクス,5,57.0,40.3,40.6,16.0,0.02,0,0
202505020103,2025-04-26,,東京,5,2100,プレイザットソング,7,57.0,39.7,40.6,14.0,-0.57,0,0
202505020103,2025-04-26,,東京,5,2100,アルカナエ,8,57.0,41.7,40.6,11.0,1.43,0,0
202508020111,2025-04-26,,京都,8,1200,タイセイブリリオ,1,57.0,36.2,32.3,6.0,0.6,1,0
202508020111,2025-04-26,,京都,8,1200,スマートフォルス,8,57.0,35.0,32.3,12.0,-0.6,1,0
202508020101,2025-04-26,,京都,8,1400,メイショウボナンザ,1,52.0,40.5,33.5,10.0,0.45,0,0
202508020101,2025-04-26,,京都,8,1400,カルドウェル,2,55.0,39.6,33.5,1.0,-0.45,0,0
202508020102,2025-04-26,,京都,8,1800,サントモナルカ,1,57.0,38.6,40.2,10.0,-1.82,1,0
202508020102,2025-04-26,,京都,8,1800,ヨリナスウィート,1,55.0,42.9,40.2,1.0,2.48,1,0
202508020102,2025-04-26,,京都,8,1800,モズノセイギ,4,57.0,41.4,40.2,6.0,0.98,1,0
202508020107,2025-04-26,,京都,8,1800,プロスペクトパーク,4,56.0,39.2,37.2,3.0,-0.26,1,0
202508020102,2025-04-26,,京都,8,1800,ナムラロビン,6,54.0,39.8,40.2,15.0,-0.62,0,0
202508020107,2025-04-26,,京都,8,1800,ベイラム,6,57.0,38.5,37.2,8.0,-0.96,1,0
202508020107,2025-04-26,,京都,8,1800,ソングコレクター,7,54.0,42.7,37.2,4.0,3.24,0,0
202508020102,2025-04-26,,京都,8,1800,ルセルマンダムール,8,57.0,39.4,40.2,14.0,-1.02,1,0
202508020107,2025-04-26,,京都,8,1800,エコロスパーダ,8,54.0,36.8,37.2,11.0,-2.66,1,0
202508020107,2025-04-26,,京都,8,1800,グレイスフルマーチ,8,57.0,40.1,37.2,6.0,0.64,0,0
202508020110,2025-04-26,,京都,8,1900,ギャンブルルーム,1,58.0,39.8,34.2,1.0,1.02,0,0
202508020110,2025-04-26,,京都,8,1900,サウンドウォリアー,2,58.0,40.7,34.2,2.0,1.93,0,0
202508020110,2025-04-26,,京都,8,1900,シゲルバクハツ,3,58.0,37.7,34.2,12.0,-1.07,0,0
202508020110,2025-04-26,,京都,8,1900,メイショウミカワ,7,58.0,36.9,34.2,6.0,-1.88,0,0
202508020104,2025-04-26,,京都,8,3170,プラチナムレイアー,1,60.0,13.8,40.8,5.0,-0.02,0,0
202508020104,2025-04-26,,京都,8,3170,ナイトスピアー,5,60.0,13.7,40.8,4.0,-0.12,0,0
202508020104,2025-04-26,,京都,8,3170,マケルナマサムネ,6,60.0,13.8,40.8,6.0,-0.02,0,0
202508020104,2025-04-26,,京都,8,3170,ウインチェレステ,7,60.0,13.9,40.8,7.0,0.08,1,0
202508020104,2025-04-26,,京都,8,3170,トラファルガー,7,60.0,13.9,40.8,9.0,0.08,0,0
202503010401,2025-04-20,,福島,3,1150,レイアポポ,1,55.0,39.0,31.2,1.0,1.11,1,0
202503010401,2025-04-20,,福島,3,1150,ユアマイクラッシュ,1,57.0,38.1,31.2,8.0,0.21,1,0
202503010401,2025-04-20,,福島,3,1150,アイドルフェスタ,3,51.0,36.5,31.2,13.0,-1.39,1,0
202503010401,2025-04-20,,福島,3,1150,コロラマ,3,54.0,36.8,31.2,14.0,-1.09,0,0
202503010401,2025-04-20,,福島,3,1150,エスカラムサ,6,55.0,37.7,31.2,11.0,-0.19,1,0
202503010401,2025-04-20,,福島,3,1150,アブラカタブラ,6,57.0,38.6,31.2,16.0,0.71,0,0
202503010401,2025-04-20,,福島,3,1150,ベルトネ,8,55.0,38.5,31.2,2.0,0.61,0,0
202503010406,2025-04-20,,福島,3,1700,ナルサー,1,54.0,41.5,36.1,2.0,-1.22,1,0
202503010402,2025-04-20,,福島,3,1700,メイショウナナコ,2,55.0,40.4,35.6,13.0,-0.9,1,0
202503010408,2025-04-20,,福島,3,1700,ブルーリヴァーサル,2,58.0,38.8,34.7,14.0,-0.53,1,0
202503010412,2025-04-20,,福島,3,1700,レイワサンサン,2,58.0,38.2,40.2,2.0,-0.88,0,0
202503010412,2025-04-20,,福島,3,1700,ウイントールキン,3,55.0,39.5,40.2,8.0,0.42,1,0
202503010402,2025-04-20,,福島,3,1700,ルージュサンセール,4,55.0,40.6,35.6,15.0,-0.7,0,0
202503010406,2025-04-20,,福島,3,1700,ミッキーサークル,4,55.0,44.1,36.1,9.0,1.38,1,0
202503010408,2025-04-20,,福島,3,1700,ヤマカツレオン,4,55.0,39.3,34.7,8.0,-0.03,1,0
202503010412,2025-04-20,,福島,3,1700,ダオラダオラ,4,55.0,40.2,40.2,15.0,1.12,1,0
202503010406,2025-04-20,,福島,3,1700,ミスターボビー,5,57.0,42.1,36.1,6.0,-0.62,0,0
202503010412,2025-04-20,,福島,3,1700,ウインバリオス,5,58.0,38.8,40.2,8.0,-0.28,1,0
202503010402,2025-04-20,,福島,3,1700,アークエタニティ,6,52.0,44.8,35.6,12.0,3.5,1,0
202503010408,2025-04-20,,福島,3,1700,ベイビールビオ,6,55.0,38.2,34.7,9.0,-1.12,1,0
202503010402,2025-04-20,,福島,3,1700,ボンショワ,7,55.0,40.4,35.6,6.0,-0.9,1,0
202503010402,2025-04-20,,福島,3,1700,ガイラルディア,7,55.0,40.3,35.6,11.0,-1.0,1,0
202503010406,2025-04-20,,福島,3,1700,モンツァフレイバー,7,55.0,41.9,36.1,14.0,-0.82,0,0
202503010406,2025-04-20,,福島,3,1700,ロードジェネシス,7,57.0,44.0,36.1,9.0,1.28,0,0
202503010402,2025-04-20,,福島,3,1700,サンルーナ,8,52.0,41.3,35.6,9.0,0.0,1,0
202503010408,2025-04-20,,福島,3,1700,アカツキロットリー,8,58.0,41.0,34.7,14.0,1.67,0,0
202503010412,2025-04-20,,福島,3,1700,アメリカンチーフ,8,56.0,38.7,40.2,2.0,-0.38,1,0
202506030802,2025-04-20,,中山,6,1200,サラサラヘアー,1,55.0,38.8,38.3,14.0,-0.33,1,0
202506030810,2025-04-20,,中山,6,1200,ハコダテブショウ,1,58.0,37.7,33.9,14.0,0.93,0,0
202506030810,2025-04-20,,中山,6,1200,ペプチドヤマト,2,57.0,35.6,33.9,7.0,-1.17,1,0
202506030810,2025-04-20,,中山,6,1200,シアージスト,2,58.0,37.0,33.9,2.0,0.23,1,0
202506030807,2025-04-20,,中山,6,1200,ゴールデンシーカー,3,58.0,38.1,36.1,8.0,0.55,1,0
202506030802,2025-04-20,,中山,6,1200,ジェントルショット,6,57.0,38.1,38.3,11.0,-1.02,1,0
202506030802,2025-04-20,,中山,6,1200,ナックトライアンフ,7,54.0,39.1,38.3,5.0,-0.02,1,0
202506030807,2025-04-20,,中山,6,1200,ショウナンハクウン,7,58.0,37.0,36.1,3.0,-0.55,1,0
202506030802,2025-04-20,,中山,6,1200,ブルドッグワイルド,8,57.0,40.5,38.3,3.0,1.38,1,0
202506030801,2025-04-20,,中山,6,1800,ラルガメンテ,1,55.0,38.8,38.4,6.0,-0.65,0,0
202506030806,2025-04-20,,中山,6,1800,ヒフミバンダム,1,57.0,40.0,37.6,13.0,1.67,0,0
202506030803,2025-04-20,,中山,6,1800,ロードオブドリーム,2,57.0,41.3,38.0,7.0,-0.2,0,0
202506030806,2025-04-20,,中山,6,1800,ソルナシエンテ,2,57.0,38.4,37.6,8.0,0.07,1,0
202506030806,2025-04-20,,中山,6,1800,ニシノブレイゼスト,3,57.0,38.3,37.6,11.0,-0.03,1,0
202506030808,2025-04-20,,中山,6,1800,フラッシング,3,58.0,40.5,37.2,9.0,0.8,0,0
202506030801,2025-04-20,,中山,6,1800,フロウオブタイム,4,55.0,39.8,38.4,3.0,0.35,1,0
202506030806,2025-04-20,,中山,6,1800,ロッシニアーナ,4,57.0,38.3,37.6,4.0,-0.03,1,0
202506030806,2025-04-20,,中山,6,1800,ロードシュヴァリエ,4,57.0,38.6,37.6,13.0,0.27,1,0
202506030803,2025-04-20,,中山,6,1800,ブレイクバウンズ,5,57.0,41.7,38.0,2.0,0.2,0,0
202506030806,2025-04-20,,中山,6,1800,サムシャイン,5,57.0,36.6,37.6,4.0,-1.73,1,0
202506030801,2025-04-20,,中山,6,1800,ニシノフローレス,6,55.0,39.4,38.4,10.0,-0.05,1,0
202506030803,2025-04-20,,中山,6,1800,ガルガファルム,6,57.0,41.5,38.0,9.0,0.0,1,0
202506030808,2025-04-20,,中山,6,1800,プルナチャンドラ,7,58.0,38.5,37.2,4.0,-1.2,1,0
202506030801,2025-04-20,,中山,6,1800,インマイハート,8,55.0,39.8,38.4,11.0,0.35,1,0
202506030806,2025-04-20,,中山,6,1800,アールプロスト,8,57.0,37.6,37.6,9.0,-0.73,0,0
202506030806,2025-04-20,,中山,6,1800,ハルノアラシ,8,57.0,38.8,37.6,2.0,0.47,1,0
202506030808,2025-04-20,,中山,6,1800,レオスパーク,8,58.0,40.1,37.2,2.0,0.4,1,0
202509020806,2025-04-20,,阪神,9,1200,テルユアワールド,4,55.0,37.7,38.1,11.0,-0.85,1,0
202509020806,2025-04-20,,阪神,9,1200,エコロレオナ,8,55.0,39.4,38.1,3.0,0.85,1,0
202509020801,2025-04-20,,阪神,9,1400,ナムラモモ,1,55.0,42.5,37.6,6.0,1.62,0,0
202509020801,2025-04-20,,阪神,9,1400,ワンウェイトゥヘル,2,57.0,40.8,37.6,1.0,-0.08,1,0
202509020810,2025-04-20,,阪神,9,1400,フェルヴェンテ,4,57.0,37.3,36.8,4.0,-0.63,1,0
202509020801,2025-04-20,,阪神,9,1400,ヒマラヤベロス,5,57.0,41.0,37.6,16.0,0.12,0,0
202509020810,2025-04-20,,阪神,9,1400,レアンダー,6,55.0,39.8,36.8,1.0,1.87,1,0
202509020810,2025-04-20,,阪神,9,1400,ギーロカスタル,7,54.0,36.7,36.8,13.0,-1.23,1,0
202509020801,2025-04-20,,阪神,9,1400,タイセイビートル,8,57.0,39.2,37.6,12.0,-1.67,1,0
202509020803,2025-04-20,,阪神,9,1800,ラッシュグリーン,1,57.0,39.8,38.4,15.0,-0.7,0,0
202509020803,2025-04-20,,阪神,9,1800,オセアフランケル,1,57.0,42.4,38.4,11.0,1.9,1,0
202509020808,2025-04-20,,阪神,9,1800,ダノンケイツー,1,58.0,39.8,37.1,12.0,-1.35,1,0
202509020812,2025-04-20,,阪神,9,1800,タクシンイメル,1,56.0,44.7,34.4,9.0,2.5,0,0
202509020812,2025-04-20,,阪神,9,1800,ミッキーマカロン,2,56.0,41.4,34.4,15.0,-0.8,0,0
202509020803,2025-04-20,,阪神,9,1800,ディオスパーダ,3,54.0,38.8,38.4,9.0,-1.7,1,0
202509020812,2025-04-20,,阪神,9,1800,ミヤジレガリア,5,56.0,42.2,34.4,1.0,0.0,1,0
202509020808,2025-04-20,,阪神,9,1800,ポルトドール,6,57.0,39.8,37.1,5.0,-1.35,1,0
202509020808,2025-04-20,,阪神,9,1800,レインメーカー,7,58.0,44.8,37.1,8.0,3.65,0,0
202509020803,2025-04-20,,阪神,9,1800,ストラーダレアーレ,8,57.0,40.0,38.4,4.0,-0.5,1,0
202509020803,2025-04-20,,阪神,9,1800,ジョーテルプジ,8,52.0,41.5,38.4,12.0,1.0,0,0
202509020808,2025-04-20,,阪神,9,1800,オーシンハーフ,8,58.0,40.2,37.1,2.0,-0.95,0,0
202509020812,2025-04-20,,阪神,9,1800,テーオールビー,8,56.0,40.5,34.4,5.0,-1.7,1,0
202509020804,2025-04-20,,阪神,9,2970,デスティネ,3,57.0,14.1,41.4,11.0,0.03,0,0
202509020804,2025-04-20,,阪神,9,2970,アルカンサス,5,60.0,13.9,41.4,5.0,-0.17,0,0
202509020804,2025-04-20,,阪神,9,2970,ストラクチャー,8,59.0,14.2,41.4,12.0,0.13,0,0
202503010301,2025-04-19,,福島,3,1150,ハクサンエクレール,1,52.0,39.1,31.3,12.0,0.67,1,0
202503010308,2025-04-19,,福島,3,1150,ドヴォルザーク,1,55.0,37.3,35.9,14.0,-0.56,1,0
202503010301,2025-04-19,,福島,3,1150,クリアクォーツ,3,57.0,37.8,31.3,15.0,-0.63,1,0
202503010308,2025-04-19,,福島,3,1150,ミュージアムピース,3,58.0,38.9,35.9,4.0,1.04,1,0
202503010308,2025-04-19,,福島,3,1150,アイファーリーベン,4,56.0,38.2,35.9,16.0,0.34,0,0
202503010308,2025-04-19,,福島,3,1150,メイショウハッブル,5,58.0,38.0,35.9,4.0,0.14,1,0
202503010308,2025-04-19,,福島,3,1150,コウユーママニニテ,6,56.0,36.9,35.9,13.0,-0.96,1,0
202503010301,2025-04-19,,福島,3,1150,パッションディーバ,8,55.0,38.4,31.3,7.0,-0.03,1,0
202503010304,2025-04-19,,福島,3,1700,メイワファースト,1,57.0,41.0,35.5,15.0,0.6,0,0
202503010307,2025-04-19,,福島,3,1700,カーリングホリデー,1,53.0,39.7,36.3,13.0,-0.22,1,0
202503010311,2025-04-19,,福島,3,1700,レゾンドゥスリール,2,55.0,40.7,39.1,12.0,0.87,0,0
202503010307,2025-04-19,,福島,3,1700,ケープウィッカム,3,56.0,39.0,36.3,2.0,-0.92,1,0
202503010304,2025-04-19,,福島,3,1700,ピラニアキッス,4,52.0,39.8,35.5,11.0,-0.6,0,0
202503010307,2025-04-19,,福島,3,1700,サイモンポーリア,4,56.0,42.3,36.3,5.0,2.38,0,0
202503010311,2025-04-19,,福島,3,1700,コパノエビータ,5,52.0,38.2,39.1,4.0,-1.63,1,0
202503010307,2025-04-19,,福島,3,1700,グランバイオレット,7,53.0,39.8,36.3,10.0,-0.12,1,0
202503010311,2025-04-19,,福島,3,1700,パスカリ,7,53.0,40.6,39.1,4.0,0.77,0,0
202503010307,2025-04-19,,福島,3,1700,ノーブルアクト,8,53.0,38.8,36.3,9.0,-1.12,1,0
202506030701,2025-04-19,,中山,6,1200,アカイツキ,1,55.0,38.7,36.5,11.0,0.78,0,0
202506030703,2025-04-19,,中山,6,1200,リケアエスプレッソ,1,57.0,38.0,38.8,15.0,0.37,0,0
202506030703,2025-04-19,,中山,6,1200,クールマーキュリー,2,57.0,37.4,38.8,16.0,-0.23,0,0
202506030701,2025-04-19,,中山,6,1200,ピコグリーン,5,55.0,37.6,36.5,4.0,-0.32,0,0
202506030701,2025-04-19,,中山,6,1200,シンガソング,6,55.0,38.0,36.5,5.0,0.08,1,0
202506030703,2025-04-19,,中山,6,1200,エスシーレベッカ,7,55.0,37.5,38.8,3.0,-0.13,1,0
202506030701,2025-04-19,,中山,6,1200,エウテルペ,8,55.0,37.4,36.5,11.0,-0.52,1,0
202506030712,2025-04-19,,中山,6,1200,テセラリアン,8,56.0,37.3,37.3,3.0,0.0,1,0
202506030710,2025-04-19,,中山,6,1800,エスティメート,2,58.0,38.7,33.4,8.0,-1.12,1,0
202506030702,2025-04-19,,中山,6,1800,セブンスウェイ,3,57.0,38.8,35.6,3.0,-1.36,0,0
202506030704,2025-04-19,,中山,6,1800,タガノアニマシオン,3,57.0,40.4,37.2,10.0,0.13,0,0
202506030708,2025-04-19,,中山,6,1800,ダノンフューチャー,3,58.0,42.9,39.7,7.0,1.4,1,0
202506030710,2025-04-19,,中山,6,1800,コトホドサヨウニ,3,58.0,41.2,33.4,14.0,1.38,0,0
202506030704,2025-04-19,,中山,6,1800,メイショウコウベ,4,57.0,39.3,37.2,2.0,-0.97,1,0
202506030702,2025-04-19,,中山,6,1800,リネンフラッシュ,5,57.0,41.8,35.6,7.0,1.64,0,0
202506030702,2025-04-19,,中山,6,1800,スコーピオンイメル,6,57.0,38.9,35.6,1.0,-1.26,0,0
202506030708,2025-04-19,,中山,6,1800,ネオシルバー,6,58.0,40.1,39.7,5.0,-1.4,1,0
202506030710,2025-04-19,,中山,6,1800,クロースコンバット,6,58.0,40.3,33.4,8.0,0.47,1,0
202506030702,2025-04-19,,中山,6,1800,ブラーブデシジョン,7,57.0,40.3,35.6,5.0,0.14,0,0
202506030702,2025-04-19,,中山,6,1800,キャバリエクエスト,7,55.0,41.0,35.6,8.0,0.84,0,0
202506030704,2025-04-19,,中山,6,1800,ハッスルアニキ,7,55.0,41.1,37.2,7.0,0.83,1,0
202506030710,2025-04-19,,中山,6,1800,レッドラパルマ,8,58.0,39.1,33.4,2.0,-0.73,0,0
202509020702,2025-04-19,,阪神,9,1200,メイショウアオコチ,4,57.0,39.3,40.4,10.0,0.5,0,0
202509020702,2025-04-19,,阪神,9,1200,アースノイド,5,56.0,39.1,40.4,2.0,0.3,1,0
202509020702,2025-04-19,,阪神,9,1200,マイティーパワー,7,57.0,38.0,40.4,16.0,-0.8,1,0
202509020709,2025-04-19,,阪神,9,1400,コーティアスマナー,1,56.0,38.1,34.6,8.0,-0.22,1,0
202509020709,2025-04-19,,阪神,9,1400,タイガースパーク,4,58.0,36.4,34.6,13.0,-1.92,1,0
202509020709,2025-04-19,,阪神,9,1400,フィリップ,5,58.0,37.7,34.6,5.0,-0.62,1,0
202509020709,2025-04-19,,阪神,9,1400,ジョニール,5,56.0,37.9,34.6,2.0,-0.42,1,0
202509020712,2025-04-19,,阪神,9,1400,ウォーターリーダー,5,58.0,37.5,34.7,11.0,-0.6,1,0
202509020709,2025-04-19,,阪神,9,1400,リュクスウォリアー,6,58.0,39.4,34.6,15.0,1.08,1,0
202509020712,2025-04-19,,阪神,9,1400,ニホンピロカラット,7,58.0,38.7,34.7,2.0,0.6,1,0
202509020709,2025-04-19,,阪神,9,1400,スピリットワールド,8,58.0,40.4,34.6,2.0,2.08,0,0
202509020711,2025-04-19,,阪神,9,1800,サンデーファンデー,1,59.0,39.4,33.7,1.0,-0.15,1,0
202509020701,2025-04-19,,阪神,9,1800,デザフィアドール,2,55.0,41.9,37.9,1.0,2.1,0,0
202509020701,2025-04-19,,阪神,9,1800,サダルメリク,3,55.0,38.9,37.9,4.0,-0.9,1,0
202509020701,2025-04-19,,阪神,9,1800,ネトル,4,55.0,38.6,37.9,11.0,-1.2,1,0
202509020701,2025-04-19,,阪神,9,1800,メイショウハマギク,5,54.0,39.8,37.9,2.0,0.0,1,0
202509020711,2025-04-19,,阪神,9,1800,マーブルロック,5,57.0,39.7,33.7,2.0,0.15,1,0
202509020706,2025-04-19,,阪神,9,1800,ディアマイハニー,6,55.0,41.8,35.1,8.0,0.4,1,0
202509020706,2025-04-19,,阪神,9,1800,タマモカンパネラ,8,55.0,41.0,35.1,2.0,-0.4,1,0
202509020703,2025-04-19,,阪神,9,2000,タイセイアルジャン,2,56.0,40.8,30.1,15.0,0.73,1,0
202509020703,2025-04-19,,阪神,9,2000,ヤノマスティーロ,3,56.0,40.9,30.1,8.0,0.83,1,0
202509020703,2025-04-19,,阪神,9,2000,メイショウキタダケ,5,57.0,40.4,30.1,12.0,0.33,0,0
202509020703,2025-04-19,,阪神,9,2000,ブレスドナイル,6,55.0,40.1,30.1,1.0,0.03,1,0
202509020703,2025-04-19,,阪神,9,2000,クロノスバレット,7,57.0,39.5,30.1,2.0,-0.57,1,0
202509020703,2025-04-19,,阪神,9,2000,ファルコンバローズ,8,57.0,38.7,30.1,5.0,-1.37,1,0
202503010208,2025-04-13,,福島,3,1150,サイモンオリーブ,1,56.0,39.5,30.0,7.0,1.58,1,0
202503010208,2025-04-13,,福島,3,1150,グッドヴァイブス,2,58.0,37.3,30.0,5.0,-0.62,1,0
202503010210,2025-04-13,,福島,3,1150,グランフォーブル,3,58.0,40.6,32.9,2.0,0.53,0,0
202503010208,2025-04-13,,福島,3,1150,ミッキースピナッチ,4,57.0,37.6,30.0,7.0,-0.32,1,0
202503010208,2025-04-13,,福島,3,1150,ユニヴェールアン,5,56.0,37.6,30.0,15.0,-0.32,1,0
202503010208,2025-04-13,,福島,3,1150,カフジヴィオレッタ,7,56.0,37.6,30.0,12.0,-0.32,1,0
202503010210,2025-04-13,,福島,3,1150,ヨーカイディスコ,7,56.0,40.8,32.9,9.0,0.73,0,0
202503010210,2025-04-13,,福島,3,1150,スマートアイ,8,56.0,38.8,32.9,5.0,-1.27,1,0
202503010212,2025-04-13,,福島,3,1700,トモジャシャトー,2,54.0,38.4,38.4,14.0,-1.23,1,0
202503010204,2025-04-13,,福島,3,1700,モズノセイギ,4,57.0,39.6,33.8,7.0,-1.05,0,0
202503010212,2025-04-13,,福島,3,1700,オリエンタルキング,4,58.0,39.6,38.4,4.0,-0.03,1,0
202503010201,2025-04-13,,福島,3,1700,ナムラペルル,5,55.0,40.0,36.9,1.0,-0.7,0,0
202503010212,2025-04-13,,福島,3,1700,テイエムデンセツ,5,58.0,40.9,38.4,1.0,1.27,1,0
202503010201,2025-04-13,,福島,3,1700,アオイアイ,6,55.0,41.5,36.9,15.0,0.8,0,0
202503010204,2025-04-13,,福島,3,1700,アメリカンクール,6,57.0,41.7,33.8,10.0,1.05,0,0
202503010201,2025-04-13,,福島,3,1700,リュウゼツラン,7,55.0,40.6,36.9,7.0,-0.1,0,0
202506030608,2025-04-13,,中山,6,1200,キアニーナ,1,55.0,39.2,33.9,15.0,0.4,0,0
202506030612,2025-04-13,,中山,6,1200,カルネヴァーレ,1,56.0,36.5,32.6,13.0,-2.0,1,0
202506030603,2025-04-13,,中山,6,1200,ビップモアナ,2,55.0,39.1,38.0,11.0,0.5,1,0
202506030608,2025-04-13,,中山,6,1200,キープサインオン,2,57.0,38.8,33.9,8.0,0.0,1,0
202506030601,2025-04-13,,中山,6,1200,コオリナラグーン,3,55.0,37.7,36.7,3.0,-0.8,1,0
202506030612,2025-04-13,,中山,6,1200,ゲッティン,3,56.0,41.1,32.6,2.0,2.6,0,0
202506030612,2025-04-13,,中山,6,1200,ブルーデイジー,5,56.0,37.9,32.6,16.0,-0.6,1,0
202506030601,2025-04-13,,中山,6,1200,ルルファーレ,6,55.0,40.3,36.7,13.0,1.8,0,0
202506030601,2025-04-13,,中山,6,1200,アルマリカシバ,7,55.0,37.5,36.7,7.0,-1.0,1,0
202506030603,2025-04-13,,中山,6,1200,ガトリンテソーロ,7,57.0,38.1,38.0,7.0,-0.5,1,0
202506030608,2025-04-13,,中山,6,1200,ナリノエンブレム,8,55.0,38.4,33.9,2.0,-0.4,1,0
202506030602,2025-04-13,,中山,6,1800,ブルンツヴィーク,1,57.0,40.0,34.6,14.0,-0.9,1,0
202506030607,2025-04-13,,中山,6,1800,シマサンブラック,3,57.0,38.0,38.6,5.0,-0.45,1,0
202506030607,2025-04-13,,中山,6,1800,ランニングホット,4,52.0,38.9,38.6,9.0,0.45,0,0
202506030602,2025-04-13,,中山,6,1800,アスコットロマン,7,57.0,41.8,34.6,8.0,0.9,0,0
202506030609,2025-04-13,,中山,6,2400,パーサヴィアランス,1,58.0,39.8,38.6,6.0,0.33,0,0
202506030609,2025-04-13,,中山,6,2400,クールブロン,6,58.0,38.6,38.6,10.0,-0.87,1,0
202506030609,2025-04-13,,中山,6,2400,アーマルコライト,6,58.0,41.0,38.6,2.0,1.53,1,0
202506030609,2025-04-13,,中山,6,2400,ロードブレイズ,7,58.0,38.5,38.6,3.0,-0.97,1,0
202506030604,2025-04-13,,中山,6,2880,リオンエトワール,1,60.0,13.7,40.9,7.0,-0.07,0,0
202506030604,2025-04-13,,中山,6,2880,ヒルズカーン,2,60.0,13.5,40.9,2.0,-0.27,0,0
202506030604,2025-04-13,,中山,6,2880,コスモエスメラルダ,4,57.0,13.8,40.9,10.0,0.03,1,0
202506030604,2025-04-13,,中山,6,2880,コスモゴレアドール,6,57.0,13.6,40.9,4.0,-0.17,0,0
202506030604,2025-04-13,,中山,6,2880,マグナレガリア,8,59.0,13.7,40.9,5.0,-0.07,0,0
202506030604,2025-04-13,,中山,6,2880,ジッピーレーサー,8,60.0,14.3,40.9,12.0,0.53,0,0
202509020603,2025-04-13,,阪神,9,1200,モズアカトンボ,1,55.0,37.7,42.4,4.0,-0.35,1,0
202509020603,2025-04-13,,阪神,9,1200,エマダイヤモンド,1,55.0,38.4,42.4,14.0,0.35,0,0
202509020601,2025-04-13,,阪神,9,1400,ミスクモカゼ,1,55.0,40.6,37.6,16.0,1.43,0,0
202509020605,2025-04-13,,阪神,9,1400,メイショウハチロー,2,57.0,37.3,40.0,10.0,-1.6,1,0
202509020601,2025-04-13,,阪神,9,1400,ハイゼンスレイ,3,55.0,37.5,37.6,11.0,-1.67,0,0
202509020605,2025-04-13,,阪神,9,1400,ダイシンリンク,3,57.0,37.8,40.0,10.0,-1.1,1,0
202509020601,2025-04-13,,阪神,9,1400,フィヤール,4,54.0,39.6,37.6,9.0,0.43,0,0
202509020601,2025-04-13,,阪神,9,1400,ステアハート,5,55.0,38.0,37.6,3.0,-1.17,0,0
202509020601,2025-04-13,,阪神,9,1400,エイユービューティ,5,52.0,38.9,37.6,15.0,-0.27,1,0
202509020605,2025-04-13,,阪神,9,1400,ラフォン,5,57.0,40.6,40.0,4.0,1.7,1,0
202509020601,2025-04-13,,阪神,9,1400,ケンブリッジラブ,6,55.0,40.4,37.6,13.0,1.23,0,0
202509020605,2025-04-13,,阪神,9,1400,レイザリオ,7,57.0,39.9,40.0,10.0,1.0,1,0
202509020602,2025-04-13,,阪神,9,1800,チャチャピンク,1,57.0,39.5,37.5,5.0,0.06,1,0
202509020612,2025-04-13,,阪神,9,1800,ライジングラパス,2,56.0,39.6,37.6,14.0,1.3,0,0
202509020602,2025-04-13,,阪神,9,1800,ハイクオリティ,3,57.0,38.2,37.5,13.0,-1.24,1,0
202509020606,2025-04-13,,阪神,9,1800,ドンアポロン,4,58.0,39.7,36.8,2.0,0.0,0,0
202509020608,2025-04-13,,阪神,9,1800,ポルポラジール,5,58.0,39.8,36.2,3.0,-0.12,1,0
202509020608,2025-04-13,,阪神,9,1800,テイエムシニスター,5,58.0,39.9,36.2,5.0,-0.02,1,0
202509020606,2025-04-13,,阪神,9,1800,テンカオーライ,6,58.0,39.7,36.8,6.0,0.0,1,0
202509020608,2025-04-13,,阪神,9,1800,シンリミテス,6,58.0,38.0,36.2,11.0,-1.92,1,0
202509020608,2025-04-13,,阪神,9,1800,ラヴオントップ,6,56.0,42.0,36.2,1.0,2.08,0,0
202509020612,2025-04-13,,阪神,9,1800,アルムラトゥール,6,58.0,38.9,37.6,10.0,0.6,0,0
202509020602,2025-04-13,,阪神,9,1800,ジーティーファラオ,7,57.0,39.4,37.5,1.0,-0.04,1,0
202509020602,2025-04-13,,阪神,9,1800,アゼム,7,57.0,40.8,37.5,11.0,1.36,0,0
202509020602,2025-04-13,,阪神,9,1800,ミラクルボーン,8,54.0,39.3,37.5,15.0,-0.14,0,0
202509020612,2025-04-13,,阪神,9,1800,キュールエフウジン,8,58.0,36.4,37.6,16.0,-1.9,0,0
202503010110,2025-04-12,,福島,3,1150,ジェネラーレ,1,58.0,38.1,40.5,1.0,0.4,1,0
202503010104,2025-04-12,,福島,3,1150,ヤンキーパンチ,4,57.0,38.6,34.8,9.0,1.08,1,0
202503010104,2025-04-12,,福島,3,1150,クリノエドガー,5,57.0,37.9,34.8,11.0,0.38,1,0
202503010110,2025-04-12,,福島,3,1150,ホークレア,5,56.0,37.3,40.5,16.0,-0.4,1,0
202503010104,2025-04-12,,福島,3,1150,デュアルタスク,6,57.0,37.7,34.8,2.0,0.18,1,0
202503010104,2025-04-12,,福島,3,1150,マダムイグレイン,7,55.0,35.9,34.8,14.0,-1.62,1,0
202503010107,2025-04-12,,福島,3,1700,イエローサファイア,1,56.0,42.5,37.4,13.0,1.02,0,0
202503010101,2025-04-12,,福島,3,1700,エイシンヤタガラス,2,57.0,39.2,34.4,4.0,-0.63,0,0
202503010101,2025-04-12,,福島,3,1700,アルテボーイ,4,57.0,39.0,34.4,2.0,-0.83,1,0
202503010107,2025-04-12,,福島,3,1700,ロフティーイデアル,4,56.0,39.3,37.4,3.0,-2.18,1,0
202503010111,2025-04-12,,福島,3,1700,サンライズアリオン,5,55.0,38.5,33.7,1.0,0.0,1,0
202503010107,2025-04-12,,福島,3,1700,カントゥータ,6,56.0,43.6,37.4,14.0,2.12,0,0
202503010101,2025-04-12,,福島,3,1700,コンストラクション,8,54.0,41.3,34.4,14.0,1.47,0,0
202503010107,2025-04-12,,福島,3,1700,タガノエクレール,8,56.0,40.5,37.4,10.0,-0.98,0,0
202506030502,2025-04-12,,中山,6,1200,カイトリヒト,1,57.0,38.2,36.2,6.0,0.42,1,0
202506030502,2025-04-12,,中山,6,1200,アースカムイ,1,57.0,37.9,36.2,9.0,0.12,1,0
202506030502,2025-04-12,,中山,6,1200,ロッカバイベイビー,3,52.0,37.3,36.2,11.0,-0.48,1,0
202506030502,2025-04-12,,中山,6,1200,ナックオリオン,5,57.0,37.9,36.2,3.0,0.12,1,0
202506030502,2025-04-12,,中山,6,1200,タブロー,6,55.0,37.6,36.2,2.0,-0.18,1,0
202506030501,2025-04-12,,中山,6,1800,デルマアポロニア,2,55.0,38.9,36.2,1.0,-1.9,1,0
202506030501,2025-04-12,,中山,6,1800,アルデムラータ,4,55.0,41.5,36.2,8.0,0.7,0,0
202506030501,2025-04-12,,中山,6,1800,ワンショートデイ,5,55.0,42.9,36.2,12.0,2.1,0,0
202506030503,2025-04-12,,中山,6,1800,テルケンレンスター,5,57.0,39.7,37.6,2.0,0.7,0,0
202506030506,2025-04-12,,中山,6,1800,オンクラウドナイン,6,57.0,39.6,37.9,5.0,-0.7,1,0
202506030501,2025-04-12,,中山,6,1800,ロミヒ,7,55.0,39.9,36.2,2.0,-0.9,0,0
202506030506,2025-04-12,,中山,6,1800,タイセイアダマス,7,57.0,41.0,37.9,9.0,0.7,1,0
202506030503,2025-04-12,,中山,6,1800,プロフェータ,8,57.0,38.3,37.6,4.0,-0.7,1,0
202506030508,2025-04-12,,中山,6,2400,シーリュウシー,2,58.0,40.1,39.6,8.0,0.3,1,0
202506030508,2025-04-12,,中山,6,2400,ロードインフェルノ,3,58.0,38.4,39.6,12.0,-1.4,0,0
202506030508,2025-04-12,,中山,6,2400,スカパラダイス,5,58.0,40.8,39.6,8.0,1.0,0,0
202506030508,2025-04-12,,中山,6,2400,タキ,7,55.0,39.9,39.6,13.0,0.1,1,0
202506030504,2025-04-12,,中山,6,3200,タイセイスラッガー,1,60.0,14.0,38.8,13.0,0.35,0,0
202506030504,2025-04-12,,中山,6,3200,テンメジャーガール,2,58.0,13.7,38.8,9.0,0.05,1,0
202506030504,2025-04-12,,中山,6,3200,コンテナワールド,4,57.0,13.4,38.8,1.0,-0.25,1,0
202506030504,2025-04-12,,中山,6,3200,タイキフロリゼル,4,62.0,13.6,38.8,5.0,-0.05,0,0
202506030504,2025-04-12,,中山,6,3200,フォージドブリック,5,59.0,13.6,38.8,4.0,-0.05,0,0
202506030504,2025-04-12,,中山,6,3200,エターナリー,6,60.0,13.7,38.8,6.0,0.05,0,0
202506030504,2025-04-12,,中山,6,3200,シャンドゥレール,6,60.0,13.7,38.8,8.0,0.05,1,0
202506030504,2025-04-12,,中山,6,3200,エンデュミオン,7,59.0,13.5,38.8,3.0,-0.15,0,0
202509020508,2025-04-12,,阪神,9,1200,イロハニホ,1,56.0,37.3,39.3,16.0,-0.45,1,0
202509020508,2025-04-12,,阪神,9,1200,ザングウィル,4,57.0,38.2,39.3,13.0,0.45,1,0
202509020512,2025-04-12,,阪神,9,1200,タイセイフェスタ,5,58.0,37.2,35.5,14.0,0.0,1,0
202509020502,2025-04-12,,阪神,9,1400,ニュースフラッシュ,3,57.0,37.8,34.4,11.0,-0.86,1,0
202509020502,2025-04-12,,阪神,9,1400,ディアウス,5,57.0,37.4,34.4,9.0,-1.26,1,0
202509020502,2025-04-12,,阪神,9,1400,ラファル,6,57.0,38.4,34.4,2.0,-0.26,1,0
202509020502,2025-04-12,,阪神,9,1400,フロンティエール,7,57.0,39.8,34.4,1.0,1.14,1,0
202509020502,2025-04-12,,阪神,9,1400,アイファージェット,7,54.0,39.9,34.4,14.0,1.24,0,0
202509020501,2025-04-12,,阪神,9,1800,レディオンステージ,1,55.0,43.8,37.0,2.0,2.55,0,0
202509020505,2025-04-12,,阪神,9,1800,タガノマカシヤ,1,57.0,38.8,38.0,2.0,-0.75,1,0
202509020501,2025-04-12,,阪神,9,1800,ヴォルクメア,2,52.0,41.3,37.0,6.0,0.05,1,0
202509020501,2025-04-12,,阪神,9,1800,エイシンナザレ,2,55.0,42.2,37.0,1.0,0.95,1,0
202509020503,2025-04-12,,阪神,9,1800,サントモナルカ,3,57.0,38.4,40.1,4.0,-1.12,0,0
202509020507,2025-04-12,,阪神,9,1800,キャロルビアンカ,3,56.0,39.6,39.0,9.0,0.65,0,0
202509020501,2025-04-12,,阪神,9,1800,ベレーザフィン,4,55.0,39.8,37.0,12.0,-1.45,1,0
202509020503,2025-04-12,,阪神,9,1800,テーオーシュタイン,6,57.0,38.6,40.1,4.0,-0.92,1,0
202509020503,2025-04-12,,阪神,9,1800,ダンツファントム,6,57.0,39.9,40.1,12.0,0.38,1,0
202509020503,2025-04-12,,阪神,9,1800,ドウジギリ,7,57.0,39.1,40.1,3.0,-0.42,1,0
202509020505,2025-04-12,,阪神,9,1800,ポッドフォルク,7,57.0,40.3,38.0,3.0,0.75,1,0
202509020507,2025-04-12,,阪神,9,1800,ルージュクライト,7,56.0,38.3,39.0,8.0,-0.65,1,0
202509020501,2025-04-12,,阪神,9,1800,ペイシャキセキ,8,55.0,39.8,37.0,9.0,-1.45,1,0
202509020501,2025-04-12,,阪神,9,1800,カフジキームン,8,55.0,40.6,37.0,14.0,-0.65,1,0
202509020503,2025-04-12,,阪神,9,1800,オーシンエイチ,8,54.0,39.6,40.1,7.0,0.08,1,0
202509020503,2025-04-12,,阪神,9,1800,ポセイドンバローズ,8,57.0,41.5,40.1,12.0,1.98,0,0
202506030412,2025-04-06,,中山,6,1200,メモリーグラス,2,58.0,36.5,35.7,2.0,0.0,1,0
202506030402,2025-04-06,,中山,6,1200,ミズイロ,3,55.0,38.6,39.0,10.0,0.4,0,0
202506030412,2025-04-06,,中山,6,1200,エコロドゥネス,3,58.0,36.2,35.7,4.0,-0.3,1,0
202506030402,2025-04-06,,中山,6,1200,グリーンエリクサー,4,57.0,37.8,39.0,1.0,-0.4,1,0
202506030412,2025-04-06,,中山,6,1200,フィールザワールド,5,58.0,36.8,35.7,10.0,0.3,1,0
202506030406,2025-04-06,,中山,6,1800,ニシノケンタマン,1,57.0,39.0,36.2,5.0,-1.48,1,0
202506030401,2025-04-06,,中山,6,1800,ノースグロリア,2,54.0,42.0,38.0,1.0,-0.9,0,0
202506030406,2025-04-06,,中山,6,1800,フィーチャリング,2,57.0,41.4,36.2,14.0,0.92,0,0
202506030406,2025-04-06,,中山,6,1800,ビッキーファースト,3,57.0,40.0,36.2,11.0,-0.48,1,0
202506030403,2025-04-06,,中山,6,1800,ハーレムシャフル,4,57.0,39.6,37.9,9.0,0.23,1,0
202506030403,2025-04-06,,中山,6,1800,グランスターオー,5,54.0,39.6,37.9,9.0,0.23,1,0
202506030406,2025-04-06,,中山,6,1800,ミライヘノカギ,5,57.0,39.5,36.2,4.0,-0.98,1,0
202506030406,2025-04-06,,中山,6,1800,カージオイド,5,57.0,39.1,36.2,11.0,-1.38,0,0
202506030410,2025-04-06,,中山,6,1800,フラッパールック,5,56.0,41.2,32.2,2.0,1.8,0,0
202506030403,2025-04-06,,中山,6,1800,ナイトダンサー,6,54.0,38.9,37.9,5.0,-0.48,0,0
202506030403,2025-04-06,,中山,6,1800,ホウヨウムーン,6,55.0,39.4,37.9,12.0,0.02,1,0
202506030406,2025-04-06,,中山,6,1800,ダイチラポール,6,57.0,43.9,36.2,13.0,3.42,0,0
202506030410,2025-04-06,,中山,6,1800,リバートゥルー,6,56.0,37.6,32.2,11.0,-1.8,0,0
202506030401,2025-04-06,,中山,6,1800,リネンフラッシュ,8,57.0,43.8,38.0,9.0,0.9,0,0
202506030404,2025-04-06,,中山,6,2880,リーゼントジャンボ,4,60.0,14.0,41.4,11.0,0.03,0,0
202506030404,2025-04-06,,中山,6,2880,アルマーザアミール,6,59.0,14.0,41.4,9.0,0.03,0,0
202506030404,2025-04-06,,中山,6,2880,アルマドラード,7,60.0,13.9,41.4,7.0,-0.07,1,0
202509020412,2025-04-06,,阪神,9,1200,ベンダバリラビア,1,58.0,38.7,34.6,5.0,0.43,1,0
202509020412,2025-04-06,,阪神,9,1200,ラブコメディ,3,56.0,37.8,34.6,10.0,-0.47,1,0
202509020401,2025-04-06,,阪神,9,1200,パッションディーバ,4,55.0,37.3,41.4,8.0,-2.5,1,0
202509020401,2025-04-06,,阪神,9,1200,テイエムダイスター,5,55.0,40.3,41.4,8.0,0.5,1,0
202509020401,2025-04-06,,阪神,9,1200,ヨリナスウィート,6,55.0,39.9,41.4,6.0,0.1,0,0
202509020401,2025-04-06,,阪神,9,1200,フェアーメロディ,6,55.0,38.4,41.4,16.0,-1.4,0,0
202509020412,2025-04-06,,阪神,9,1200,ユキマル,6,58.0,38.3,34.6,2.0,0.03,0,0
202509020401,2025-04-06,,阪神,9,1200,レディココア,7,55.0,43.1,41.4,5.0,3.3,0,0
202509020403,2025-04-06,,阪神,9,1400,モズフラッシュ,1,55.0,37.3,37.1,15.0,-1.52,1,0
202509020409,2025-04-06,,阪神,9,1400,ハグ,1,57.0,39.2,33.6,14.0,0.1,1,0
202509020409,2025-04-06,,阪神,9,1400,タイセイカレント,3,57.0,39.8,33.6,7.0,0.7,0,0
202509020403,2025-04-06,,阪神,9,1400,モズケイスター,4,56.0,37.8,37.1,4.0,-1.02,1,0
202509020409,2025-04-06,,阪神,9,1400,ハクサンアイリス,5,57.0,38.3,33.6,7.0,-0.8,1,0
202509020403,2025-04-06,,阪神,9,1400,ファントムブラッド,6,57.0,38.4,37.1,13.0,-0.42,1,0
202509020403,2025-04-06,,阪神,9,1400,ドットゲット,7,56.0,41.4,37.1,12.0,2.58,0,0
202509020403,2025-04-06,,阪神,9,1400,ブルロッソ,8,55.0,39.2,37.1,14.0,0.38,0,0
202509020402,2025-04-06,,阪神,9,1800,テーオーニルソン,1,55.0,41.1,36.5,14.0,0.76,0,0
202509020407,2025-04-06,,阪神,9,1800,ヴォルスター,1,56.0,40.0,36.5,1.0,0.02,1,0
202509020402,2025-04-06,,阪神,9,1800,シャドーストライク,2,57.0,38.8,36.5,3.0,-1.54,1,0
202509020407,2025-04-06,,阪神,9,1800,ワンダフルトゥデイ,2,58.0,40.0,36.5,5.0,0.02,1,0
202509020402,2025-04-06,,阪神,9,1800,ジーティーララバイ,3,52.0,41.3,36.5,11.0,0.96,1,0
202509020405,2025-04-06,,阪神,9,1800,メイショウマクジキ,4,54.0,41.9,36.5,11.0,1.57,0,0
202509020407,2025-04-06,,阪神,9,1800,テーオードラッカー,4,58.0,39.8,36.5,7.0,-0.18,1,0
202509020405,2025-04-06,,阪神,9,1800,カペルブリュッケ,5,56.0,38.9,36.5,7.0,-1.43,0,0
202509020402,2025-04-06,,阪神,9,1800,ビッグビート,6,57.0,41.1,36.5,7.0,0.76,0,0
202509020402,2025-04-06,,阪神,9,1800,カラーズリング,7,52.0,39.4,36.5,8.0,-0.94,0,0
202509020405,2025-04-06,,阪神,9,1800,ロードヴォイジャー,7,57.0,40.2,36.5,2.0,-0.13,1,0
202509020407,2025-04-06,,阪神,9,1800,ダノンターキッシュ,7,57.0,40.1,36.5,7.0,0.12,1,0
202506030306,2025-04-05,,中山,6,1200,ブルームソング,1,55.0,39.2,34.7,13.0,0.85,1,0
202506030302,2025-04-05,,中山,6,1200,イデアニポーテ,2,57.0,38.2,35.0,7.0,0.3,1,0
202506030302,2025-04-05,,中山,6,1200,ヒタムキ,3,54.0,37.6,35.0,4.0,-0.3,1,0
202506030306,2025-04-05,,中山,6,1200,グロリアスアスペン,3,55.0,39.5,34.7,5.0,1.15,0,0
202506030312,2025-04-05,,中山,6,1200,ケイトポムドゥパン,4,56.0,38.2,32.7,11.0,0.87,0,0
202506030312,2025-04-05,,中山,6,1200,ライトニングゼウス,5,58.0,36.9,32.7,1.0,-0.43,1,0
202506030312,2025-04-05,,中山,6,1200,アルニラム,5,58.0,36.9,32.7,6.0,-0.43,1,0
202506030306,2025-04-05,,中山,6,1200,アイファーリーオー,6,54.0,37.3,34.7,16.0,-1.05,1,0
202506030306,2025-04-05,,中山,6,1200,ゴールドシャーク,8,55.0,37.4,34.7,7.0,-0.95,1,0
202506030307,2025-04-05,,中山,6,1800,スカパラダイス,1,58.0,39.8,34.9,6.0,0.25,0,0
202506030310,2025-04-05,,中山,6,1800,ロイヤルダンス,1,58.0,40.6,38.6,9.0,-0.15,0,0
202506030303,2025-04-05,,中山,6,1800,ブラザービート,2,57.0,39.9,36.9,3.0,-0.31,1,0
202506030307,2025-04-05,,中山,6,1800,マルコタージュ,2,56.0,39.3,34.9,10.0,-0.25,1,0
202506030301,2025-04-05,,中山,6,1800,タマモミンミ,3,55.0,43.5,36.3,13.0,1.95,0,0
202506030310,2025-04-05,,中山,6,1800,アラレタバシル,3,58.0,37.9,38.6,13.0,-2.85,1,0
202506030310,2025-04-05,,中山,6,1800,シンヨモギネス,3,58.0,42.9,38.6,12.0,2.15,0,0
202506030301,2025-04-05,,中山,6,1800,シャンドネージュ,4,55.0,42.4,36.3,12.0,0.85,0,0
202506030303,2025-04-05,,中山,6,1800,ダブルドラゴン,4,57.0,41.3,36.9,10.0,1.09,0,0
202506030301,2025-04-05,,中山,6,1800,スナドケイ,5,55.0,40.1,36.3,11.0,-1.45,1,0
202506030303,2025-04-05,,中山,6,1800,ルクスエクレール,5,57.0,38.7,36.9,6.0,-1.51,1,0
202506030310,2025-04-05,,中山,6,1800,ベラジオボッキーニ,5,58.0,41.6,38.6,13.0,0.85,0,0
202506030301,2025-04-05,,中山,6,1800,クインズエクレア,6,55.0,40.4,36.3,3.0,-1.15,1,0
202506030303,2025-04-05,,中山,6,1800,レジェンダイズ,6,57.0,40.3,36.9,8.0,0.09,0,0
202506030303,2025-04-05,,中山,6,1800,コッチャン,6,57.0,40.4,36.9,10.0,0.19,0,0
202506030301,2025-04-05,,中山,6,1800,サツキレジーナ,7,55.0,41.4,36.3,9.0,-0.15,1,0
202506030303,2025-04-05,,中山,6,1800,カワキタホクレア,7,55.0,39.9,36.9,7.0,-0.31,0,0
202506030303,2025-04-05,,中山,6,1800,ブラックレッド,7,57.0,41.0,36.9,5.0,0.79,1,0
202506030301,2025-04-05,,中山,6,1800,スーパーキティ,8,55.0,41.5,36.3,4.0,-0.05,1,0
202506030304,2025-04-05,,中山,6,2880,アンカリング,2,57.0,14.6,39.0,14.0,0.33,0,0
202506030304,2025-04-05,,中山,6,2880,ゴールデンルーキー,6,59.0,13.8,39.0,7.0,-0.47,0,0
202506030304,2025-04-05,,中山,6,2880,ロードジャスティス,6,60.0,14.4,39.0,10.0,0.13,0,0
202509020302,2025-04-05,,阪神,9,1200,ブライトイメル,2,56.0,37.4,40.3,14.0,-1.08,1,0
202509020302,2025-04-05,,阪神,9,1200,ダブルシルバー,3,57.0,38.2,40.3,8.0,-0.28,1,0
202509020302,2025-04-05,,阪神,9,1200,ゴッドトレジャー,3,57.0,39.0,40.3,7.0,0.52,1,0
202509020302,2025-04-05,,阪神,9,1200,メロディーロード,5,55.0,38.6,40.3,15.0,0.12,0,0
202509020302,2025-04-05,,阪神,9,1200,ララアヴリル,8,54.0,39.2,40.3,3.0,0.72,0,0
202509020310,2025-04-05,,阪神,9,1400,アーバンイェーガー,5,53.0,37.6,34.2,15.0,-1.37,1,0
202509020312,2025-04-05,,阪神,9,1400,ベルダイナフェロー,5,56.0,37.2,33.2,5.0,0.0,1,0
202509020307,2025-04-05,,阪神,9,1400,ブライティアブエナ,7,53.0,40.0,34.0,5.0,0.0,1,0
202509020310,2025-04-05,,阪神,9,1400,アドバンスファラオ,8,57.0,39.2,34.2,12.0,0.23,0,0
202509020310,2025-04-05,,阪神,9,1400,リジル,8,53.0,40.1,34.2,9.0,1.13,1,0
202509020311,2025-04-05,,阪神,9,1600,モンタルチーノ,1,57.0,35.3,34.4,7.0,0.0,0,0
202509020301,2025-04-05,,阪神,9,1800,ハヤブサナンデヒメ,2,52.0,39.7,38.2,16.0,0.0,0,0
202509020301,2025-04-05,,阪神,9,1800,ドマーネ,3,55.0,38.7,38.2,11.0,-1.0,1,0
202509020306,2025-04-05,,阪神,9,1800,ゴルデールスカー,3,58.0,37.9,38.2,2.0,0.0,0,0
202509020301,2025-04-05,,阪神,9,1800,グラブビクトリー,4,55.0,39.9,38.2,3.0,0.2,1,0
202509020303,2025-04-05,,阪神,9,1800,ダイハッシュウ,4,57.0,40.0,39.9,7.0,0.0,1,0
202509020303,2025-04-05,,阪神,9,1800,ハクアイマウンテン,4,57.0,40.0,39.9,15.0,0.0,0,0
202509020301,2025-04-05,,阪神,9,1800,チョウリニア,6,52.0,39.5,38.2,11.0,-0.2,1,0
202509020301,2025-04-05,,阪神,9,1800,エスタトゥイル,7,54.0,41.9,38.2,11.0,2.2,0,0
202509020301,2025-04-05,,阪神,9,1800,スフレ,8,52.0,38.5,38.2,7.0,-1.2,1,0
202506030206,2025-03-30,,中山,6,1200,トニケンサンバ,2,57.0,36.9,33.3,8.0,-0.8,1,0
202506030202,2025-03-30,,中山,6,1200,コウユーウィズユー,4,55.0,42.1,38.1,1.0,1.5,0,0
202506030206,2025-03-30,,中山,6,1200,タッカージーティー,7,55.0,38.5,33.3,2.0,0.8,1,0
202506030202,2025-03-30,,中山,6,1200,サスケエトワール,8,54.0,39.1,38.1,15.0,-1.5,0,0
202506030201,2025-03-30,,中山,6,1800,アウフヴィント,1,55.0,40.2,35.8,1.0,-0.5,0,0
202506030203,2025-03-30,,中山,6,1800,ファストパスキー,1,56.0,43.7,37.6,7.0,1.94,1,0
202506030204,2025-03-30,,中山,6,1800,ダウントゥアース,2,57.0,39.3,37.5,14.0,-0.15,1,0
202506030201,2025-03-30,,中山,6,1800,ミルキーハニー,3,52.0,40.4,35.8,10.0,-0.3,1,0
202506030203,2025-03-30,,中山,6,1800,フロムザワールド,3,54.0,42.0,37.6,10.0,0.24,0,0
202506030207,2025-03-30,,中山,6,1800,ウヌボレヤサン,3,58.0,44.0,42.4,1.0,2.27,1,0
202506030207,2025-03-30,,中山,6,1800,チャコワールド,3,58.0,42.5,42.4,16.0,0.77,0,0
202506030211,2025-03-30,,中山,6,1800,ブレイクフォース,3,57.5,37.7,37.0,11.0,-1.4,1,0
202506030203,2025-03-30,,中山,6,1800,マンボルンバ,4,57.0,40.7,37.6,1.0,-1.06,0,0
202506030207,2025-03-30,,中山,6,1800,マッスルバック,4,58.0,38.6,42.4,11.0,-3.12,0,0
202506030211,2025-03-30,,中山,6,1800,ストライク,5,55.0,39.6,37.0,9.0,0.5,1,0
202506030204,2025-03-30,,中山,6,1800,トキノカンピオーネ,6,57.0,39.3,37.5,1.0,-0.15,0,0
202506030207,2025-03-30,,中山,6,1800,メンドロントット,6,58.0,41.8,42.4,14.0,0.07,0,0
202506030211,2025-03-30,,中山,6,1800,コパノニコルソン,6,55.0,39.2,37.0,15.0,0.1,1,0
202506030201,2025-03-30,,中山,6,1800,フィルトラージュ,7,55.0,41.5,35.8,14.0,0.8,0,0
202506030203,2025-03-30,,中山,6,1800,モンサンプレシャス,7,57.0,42.0,37.6,12.0,0.24,0,0
202506030204,2025-03-30,,中山,6,1800,サーフギャラクシー,7,57.0,39.0,37.5,9.0,-0.45,1,0
202506030211,2025-03-30,,中山,6,1800,ピュアキアン,7,55.0,39.9,37.0,3.0,0.8,1,0
202506030203,2025-03-30,,中山,6,1800,マードラド,8,57.0,40.4,37.6,11.0,-1.36,0,0
202506030204,2025-03-30,,中山,6,1800,ブラーブデシジョン,8,57.0,40.2,37.5,6.0,0.75,0,0
202507020602,2025-03-30,,中京,7,1200,セイカエイレーネー,5,55.0,38.4,40.0,14.0,-1.05,0,0
202507020602,2025-03-30,,中京,7,1200,アラウズ,6,57.0,40.5,40.0,15.0,1.05,0,0
202507020612,2025-03-30,,中京,7,1400,フミサウンド,2,58.0,38.1,35.3,4.0,0.5,1,0
202507020612,2025-03-30,,中京,7,1400,ルージュスタニング,6,56.0,37.1,35.3,3.0,-0.5,1,0
202507020609,2025-03-30,,中京,7,1400,ブルーリヴァーサル,7,58.0,38.6,38.5,13.0,0.0,0,0
202507020607,2025-03-30,,中京,7,1800,サイモンポーリア,2,56.0,40.6,37.9,2.0,0.2,0,0
202507020601,2025-03-30,,中京,7,1800,コロニス,3,55.0,40.3,36.3,10.0,0.75,0,0
202507020603,2025-03-30,,中京,7,1800,ワウワウワウ,3,57.0,38.7,38.2,9.0,-1.06,0,0
202507020603,2025-03-30,,中京,7,1800,プティミニョン,4,53.0,42.9,38.2,13.0,3.14,0,0
202507020607,2025-03-30,,中京,7,1800,グランコネクシオン,4,56.0,40.2,37.9,8.0,-0.2,1,0
202507020601,2025-03-30,,中京,7,1800,ネトル,6,53.0,38.8,36.3,6.0,-0.75,1,0
202507020603,2025-03-30,,中京,7,1800,ジーティーハッピー,7,54.0,38.9,38.2,9.0,-0.86,1,0
202507020603,2025-03-30,,中京,7,1800,クラウンセヘル,7,57.0,40.1,38.2,4.0,0.34,0,0
202507020603,2025-03-30,,中京,7,1800,マスターライセンス,8,57.0,38.2,38.2,3.0,-1.56,0,0
202507020610,2025-03-30,,中京,7,1900,フジマサインパクト,3,54.0,38.4,40.0,14.0,-0.3,1,0
202507020610,2025-03-30,,中京,7,1900,ベンテイガ,6,53.0,39.0,40.0,16.0,0.3,0,0
202509020212,2025-03-30,,阪神,9,1200,エコロネオ,1,58.0,37.7,36.1,13.0,0.73,0,0
202509020206,2025-03-30,,阪神,9,1200,サウンドモリアーナ,2,55.0,40.6,36.4,1.0,1.25,0,0
202509020212,2025-03-30,,阪神,9,1200,オコタンペ,3,58.0,36.3,36.1,5.0,-0.67,1,0
202509020212,2025-03-30,,阪神,9,1200,イミュータブル,3,58.0,36.9,36.1,5.0,-0.07,1,0
202509020206,2025-03-30,,阪神,9,1200,シークザドリーム,4,57.0,37.7,36.4,3.0,-1.65,0,0
202509020206,2025-03-30,,阪神,9,1200,ミッドナイトゲイル,7,55.0,40.8,36.4,10.0,1.45,0,0
202509020206,2025-03-30,,阪神,9,1200,キアヌ,8,57.0,38.3,36.4,12.0,-1.05,0,0
202509020202,2025-03-30,,阪神,9,1400,ディルブランド,2,57.0,38.8,34.6,16.0,-0.53,0,0
202509020202,2025-03-30,,阪神,9,1400,ドラマツルギー,3,52.0,38.1,34.6,15.0,-1.23,1,0
202509020202,2025-03-30,,阪神,9,1400,スカイアクセル,8,55.0,41.1,34.6,3.0,1.77,0,0
202509020208,2025-03-30,,阪神,9,1800,タケノシンセイ,2,55.0,38.9,38.4,4.0,-0.48,1,0
202509020203,2025-03-30,,阪神,9,1800,アイヅワカマツ,3,57.0,41.0,36.7,9.0,0.65,1,0
202509020208,2025-03-30,,阪神,9,1800,カレンマウラー,3,58.0,40.6,38.4,4.0,1.23,1,0
202509020208,2025-03-30,,阪神,9,1800,メイショウオオコ,4,58.0,38.2,38.4,7.0,-1.17,1,0
202509020201,2025-03-30,,阪神,9,1800,アレーティア,5,55.0,39.7,38.1,1.0,-0.58,0,0
202509020203,2025-03-30,,阪神,9,1800,ハルカサクソラ,5,55.0,40.9,36.7,8.0,0.55,0,0
202509020201,2025-03-30,,阪神,9,1800,クイーンラブ,6,53.0,40.8,38.1,10.0,0.52,0,0
202509020203,2025-03-30,,阪神,9,1800,ヴィータレヴィス,6,57.0,39.7,36.7,1.0,-0.65,1,0
202509020201,2025-03-30,,阪神,9,1800,タマモジャスミン,7,55.0,40.2,38.1,3.0,-0.08,0,0
202509020208,2025-03-30,,阪神,9,1800,ムーンスカイ,7,58.0,39.8,38.4,4.0,0.42,0,0
202509020201,2025-03-30,,阪神,9,1800,ネオクイーン,8,54.0,40.4,38.1,6.0,0.12,1,0
202509020203,2025-03-30,,阪神,9,1800,アスクコモンタレヴ,8,54.0,39.8,36.7,5.0,-0.55,0,0
202509020204,2025-03-30,,阪神,9,2970,タイセイジャスパー,5,60.0,14.1,41.7,6.0,-0.05,1,0
202509020204,2025-03-30,,阪神,9,2970,リードアクトレス,5,57.0,14.2,41.7,11.0,0.05,1,0
202509020204,2025-03-30,,阪神,9,2970,アメリカンピース,7,60.0,14.0,41.7,4.0,-0.15,0,0
202509020204,2025-03-30,,阪神,9,2970,メイショウオキビ,8,60.0,14.3,41.7,12.0,0.15,0,0
202506030103,2025-03-29,,中山,6,1200,ガンハンマー,1,57.0,37.8,37.9,5.0,-0.77,1,0
202506030101,2025-03-29,,中山,6,1200,ヒルビリーエレジー,4,55.0,40.1,35.4,1.0,1.15,1,0
202506030103,2025-03-29,,中山,6,1200,クラウンキュー,4,57.0,39.6,37.9,8.0,1.03,0,0
202506030101,2025-03-29,,中山,6,1200,ドナカルナバル,7,55.0,37.8,35.4,5.0,-1.15,1,0
202506030103,2025-03-29,,中山,6,1200,アイアムイチバン,7,57.0,38.3,37.9,10.0,-0.27,1,0
202506030102,2025-03-29,,中山,6,1800,アッサジャン,1,55.0,42.7,39.7,1.0,1.56,1,0
202506030107,2025-03-29,,中山,6,1800,ヴィーゲイツ,3,56.0,40.7,39.2,10.0,0.15,0,0
202506030110,2025-03-29,,中山,6,1800,オタマジャクシ,3,57.0,38.7,37.1,6.0,1.05,1,0
202506030112,2025-03-29,,中山,6,1800,デルマタモン,3,58.0,38.9,37.9,8.0,0.8,1,0
202506030102,2025-03-29,,中山,6,1800,カレラエンブレマ,5,57.0,39.6,39.7,2.0,-1.54,0,0
202506030102,2025-03-29,,中山,6,1800,フィールザゴールド,6,57.0,42.2,39.7,6.0,1.06,0,0
202506030107,2025-03-29,,中山,6,1800,キタノチェロキー,6,56.0,40.4,39.2,6.0,-0.15,0,0
202506030102,2025-03-29,,中山,6,1800,スマートクオーレ,7,57.0,39.3,39.7,10.0,-1.84,1,0
202506030102,2025-03-29,,中山,6,1800,レッドレントラー,7,57.0,41.9,39.7,11.0,0.76,1,0
202506030110,2025-03-29,,中山,6,1800,メイショウズイウン,7,57.0,36.6,37.1,10.0,-1.05,0,0
202506030112,2025-03-29,,中山,6,1800,クラウンシエンタ,7,58.0,37.3,37.9,8.0,-0.8,0,0
202507020512,2025-03-29,,中京,7,1200,ランスオブセヘル,5,53.0,38.1,37.3,2.0,-0.73,1,0
202507020512,2025-03-29,,中京,7,1200,アップフルーク,7,55.0,38.8,37.3,4.0,-0.03,1,0
202507020512,2025-03-29,,中京,7,1200,ジャーニーメモリー,8,58.0,39.6,37.3,13.0,0.77,1,0
202507020501,2025-03-29,,中京,7,1400,エイミームーン,1,55.0,36.6,36.1,3.0,-1.45,1,0
202507020501,2025-03-29,,中京,7,1400,ハイゼンスレイ,1,55.0,37.5,36.1,7.0,-0.55,0,0
202507020503,2025-03-29,,中京,7,1400,ニシノヒルブライト,1,53.0,38.2,34.5,8.0,-0.9,1,0
202507020501,2025-03-29,,中京,7,1400,メイショウミスイチ,2,55.0,39.9,36.1,11.0,1.85,0,0
202507020501,2025-03-29,,中京,7,1400,フェデルミエール,3,55.0,37.5,36.1,3.0,-0.55,0,0
202507020503,2025-03-29,,中京,7,1400,ハクサンリバーブ,4,54.0,38.9,34.5,10.0,-0.2,0,0
202507020501,2025-03-29,,中京,7,1400,イスラパシフィカ,6,55.0,37.6,36.1,15.0,-0.45,1,0
202507020501,2025-03-29,,中京,7,1400,マリリンアスク,7,55.0,39.2,36.1,6.0,1.15,1,0
202507020503,2025-03-29,,中京,7,1400,スマートテンペスト,8,57.0,39.0,34.5,2.0,-0.1,0,0
202507020503,2025-03-29,,中京,7,1400,バチェラーパーティ,8,57.0,40.3,34.5,16.0,1.2,0,0
202507020507,2025-03-29,,中京,7,1800,カビーリア,2,58.0,38.2,39.1,5.0,-2.14,1,0
202507020504,2025-03-29,,中京,7,1800,キングピラート,3,57.0,43.3,38.3,7.0,2.6,0,0
202507020509,2025-03-29,,中京,7,1800,サパテアール,3,58.0,39.5,36.4,6.0,-0.77,1,0
202507020507,2025-03-29,,中京,7,1800,アスキステソーロ,4,58.0,42.0,39.1,13.0,1.66,0,0
202507020504,2025-03-29,,中京,7,1800,サラサハウナイス,5,54.0,40.5,38.3,4.0,-0.2,1,0
202507020504,2025-03-29,,中京,7,1800,ブライトノヴァ,5,57.0,42.5,38.3,2.0,1.8,0,0
202507020507,2025-03-29,,中京,7,1800,クルル,5,55.0,41.8,39.1,7.0,1.46,0,0
202507020509,2025-03-29,,中京,7,1800,オーバーザドリーム,5,58.0,39.8,36.4,8.0,-0.47,1,0
202507020504,2025-03-29,,中京,7,1800,デルマアリエル,6,54.0,39.1,38.3,4.0,-1.6,0,0
202507020507,2025-03-29,,中京,7,1800,トーレ,6,58.0,40.3,39.1,2.0,-0.04,1,0
202507020509,2025-03-29,,中京,7,1800,ボックスオフィス,6,58.0,41.5,36.4,8.0,1.23,0,0
202507020507,2025-03-29,,中京,7,1800,ストロングブラック,7,58.0,39.4,39.1,7.0,-0.94,1,0
202507020504,2025-03-29,,中京,7,1800,ポジティビティ,8,57.0,38.8,38.3,11.0,-1.9,0,0
202507020504,2025-03-29,,中京,7,1800,タイキフィアリーベ,8,56.0,40.0,38.3,13.0,-0.7,0,0
202507020502,2025-03-29,,中京,7,1900,ロードシックザール,3,57.0,40.1,35.6,13.0,0.24,0,0
202507020502,2025-03-29,,中京,7,1900,タイセイアルジャン,6,54.0,39.9,35.6,10.0,0.04,0,0
202507020502,2025-03-29,,中京,7,1900,ガスパール,6,57.0,41.5,35.6,11.0,1.64,0,0
202507020502,2025-03-29,,中京,7,1900,サンライズフーガ,7,54.0,40.1,35.6,11.0,0.24,0,0
202507020502,2025-03-29,,中京,7,1900,ディースプレマシー,8,57.0,37.7,35.6,8.0,-2.16,0,0
202509020103,2025-03-29,,阪神,9,1200,ドゥドゥ,1,57.0,37.8,39.0,12.0,-1.16,1,0
202509020107,2025-03-29,,阪神,9,1200,クインズシャウラ,1,53.0,39.4,39.4,1.0,0.8,1,0
202509020107,2025-03-29,,阪神,9,1200,マックスセレナーデ,2,56.0,37.8,39.4,8.0,-0.8,1,0
202509020103,2025-03-29,,阪神,9,1200,タイキフェニックス,3,54.0,38.7,39.0,14.0,-0.26,1,0
202509020107,2025-03-29,,阪神,9,1200,クインズエルサ,3,56.0,38.6,39.4,13.0,0.0,1,0
202509020103,2025-03-29,,阪神,9,1200,クリノボタンチャン,4,55.0,40.2,39.0,7.0,1.24,1,0
202509020103,2025-03-29,,阪神,9,1200,メイショウサトノヒ,6,57.0,38.3,39.0,3.0,-0.66,1,0
202509020103,2025-03-29,,阪神,9,1200,ハギビス,8,52.0,39.8,39.0,7.0,0.84,1,0
202509020101,2025-03-29,,阪神,9,1400,ラベンサラ,2,52.0,39.6,35.0,16.0,-0.23,1,0
202509020101,2025-03-29,,阪神,9,1400,プラウドメアリー,3,53.0,38.8,35.0,7.0,-1.03,1,0
202509020101,2025-03-29,,阪神,9,1400,デリツィオーサ,7,55.0,41.1,35.0,12.0,1.27,0,0
202509020102,2025-03-29,,阪神,9,1800,タールベルク,3,57.0,41.5,38.4,5.0,-0.43,0,0
202509020102,2025-03-29,,阪神,9,1800,プライムクオリティ,6,56.0,42.0,38.4,5.0,0.07,1,0
202509020102,2025-03-29,,阪神,9,1800,パープルヘイズ,7,52.0,42.3,38.4,9.0,0.37,0,0
202509020104,2025-03-29,,阪神,9,2000,メリトーリアス,1,57.0,39.1,32.1,7.0,-1.48,1,0
202509020104,2025-03-29,,阪神,9,2000,トルストイ,3,57.0,41.3,32.1,5.0,0.72,1,0
202509020104,2025-03-29,,阪神,9,2000,キングベル,4,57.0,41.5,32.1,11.0,0.92,0,0
202509020104,2025-03-29,,阪神,9,2000,ミラクルボーン,6,55.0,40.2,32.1,11.0,-0.38,1,0
202509020112,2025-03-29,,阪神,9,2000,サンライズウェーヴ,6,58.0,37.8,36.8,7.0,0.0,1,0
202509020104,2025-03-29,,阪神,9,2000,トロワヴァレー,7,57.0,40.8,32.1,2.0,0.22,1,0
202506020802,2025-03-23,,中山,6,1200,スマートアシェル,1,57.0,39.5,37.2,9.0,0.12,1,0
202506020802,2025-03-23,,中山,6,1200,キーベスト,2,54.0,39.2,37.2,7.0,-0.18,1,0
202506020808,2025-03-23,,中山,6,1200,ジャスパーソレイユ,2,57.0,38.3,34.3,5.0,0.07,0,0
202506020808,2025-03-23,,中山,6,1200,エコロヴァイス,2,57.0,38.6,34.3,6.0,0.38,1,0
202506020811,2025-03-23,,中山,6,1200,マスクオールウィン,2,54.0,37.2,30.4,14.0,0.0,1,0
202506020802,2025-03-23,,中山,6,1200,タッカーバリアント,3,57.0,37.8,37.2,5.0,-1.58,1,0
202506020802,2025-03-23,,中山,6,1200,タッチザシーリング,5,55.0,41.0,37.2,7.0,1.62,1,0
202506020808,2025-03-23,,中山,6,1200,ハクサンアイリス,6,57.0,37.5,34.3,2.0,-0.73,1,0
202506020802,2025-03-23,,中山,6,1200,ミンナデガンバル,7,54.0,38.0,37.2,16.0,-1.38,1,0
202506020802,2025-03-23,,中山,6,1200,ニシノカクテル,7,52.0,40.8,37.2,13.0,1.42,1,0
202506020808,2025-03-23,,中山,6,1200,ミツカネリブラ,7,57.0,38.5,34.3,12.0,0.27,1,0
202506020801,2025-03-23,,中山,6,1800,アイガー,1,55.0,40.9,38.1,9.0,0.54,1,0
202506020803,2025-03-23,,中山,6,1800,ヒロノビックバン,1,57.0,42.9,38.4,12.0,1.76,1,0
202506020812,2025-03-23,,中山,6,1800,アルタビスタ,1,56.0,42.3,37.9,6.0,1.14,0,0
202506020803,2025-03-23,,中山,6,1800,オンクラウドナイン,2,57.0,39.3,38.4,5.0,-1.84,0,0
202506020801,2025-03-23,,中山,6,1800,グラスビジョン,3,57.0,39.1,38.1,5.0,-1.26,0,0
202506020803,2025-03-23,,中山,6,1800,カズナリ,3,54.0,39.9,38.4,6.0,-1.24,0,0
202506020801,2025-03-23,,中山,6,1800,カイトヴィント,4,57.0,39.7,38.1,11.0,-0.66,0,0
202506020803,2025-03-23,,中山,6,1800,ロジジェンス,4,57.0,41.1,38.4,14.0,-0.04,0,0
202506020803,2025-03-23,,中山,6,1800,カゼニナッテル,4,55.0,44.7,38.4,9.0,3.56,1,0
202506020812,2025-03-23,,中山,6,1800,アパイシュナール,4,56.0,41.0,37.9,8.0,-0.16,1,0
202506020812,2025-03-23,,中山,6,1800,サツキノジョウ,5,56.0,39.0,37.9,9.0,-2.16,1,0
202506020803,2025-03-23,,中山,6,1800,ゲンパチルーナ,6,54.0,38.9,38.4,1.0,-2.24,0,0
202506020803,2025-03-23,,中山,6,1800,サンマルストロング,6,57.0,41.2,38.4,11.0,0.06,0,0
202506020801,2025-03-23,,中山,6,1800,ミスターロスカボス,7,54.0,39.9,38.1,15.0,-0.46,0,0
202506020812,2025-03-23,,中山,6,1800,ナックダンス,7,53.0,42.9,37.9,2.0,1.74,1,0
202506020801,2025-03-23,,中山,6,1800,ミヤグリフォン,8,55.0,42.2,38.1,16.0,1.84,0,0
202506020812,2025-03-23,,中山,6,1800,カフェアローロ,8,56.0,40.6,37.9,2.0,-0.56,1,0
202506020804,2025-03-23,,中山,6,2880,ポリトナリティー,2,57.0,13.9,40.1,7.0,0.05,1,0
202506020804,2025-03-23,,中山,6,2880,コスモゴレアドール,3,57.0,13.8,40.1,11.0,-0.05,0,0
202506020804,2025-03-23,,中山,6,2880,イチリュウオー,4,57.0,13.9,40.1,10.0,0.05,1,0
202506020804,2025-03-23,,中山,6,2880,マルベリーシチー,7,60.0,13.8,40.1,3.0,-0.05,1,0
202507020401,2025-03-23,,中京,7,1200,エーデルムート,1,55.0,39.1,39.7,2.0,0.79,1,0
202507020401,2025-03-23,,中京,7,1200,ヴェロニカペルシカ,1,55.0,38.0,39.7,11.0,-0.31,1,0
202507020401,2025-03-23,,中京,7,1200,イチトゼロノアイダ,2,55.0,38.4,39.7,1.0,0.09,1,0
202507020401,2025-03-23,,中京,7,1200,ペンテリコン,2,55.0,38.2,39.7,6.0,-0.11,1,0
202507020401,2025-03-23,,中京,7,1200,サラサラヘアー,4,53.0,36.8,39.7,15.0,-1.51,1,0
202507020401,2025-03-23,,中京,7,1200,リリードリーマー,6,52.0,37.1,39.7,9.0,-1.21,1,0
202507020401,2025-03-23,,中京,7,1200,エイミーショコラ,7,55.0,40.4,39.7,5.0,2.09,1,0
202507020401,2025-03-23,,中京,7,1200,カーラ,8,55.0,38.5,39.7,14.0,0.19,1,0
202507020403,2025-03-23,,中京,7,1400,カワキタホクレア,1,55.0,41.0,33.1,6.0,1.76,0,0
202507020406,2025-03-23,,中京,7,1400,ジュタドール,1,53.0,40.9,38.4,3.0,2.08,0,0
202507020403,2025-03-23,,中京,7,1400,ルクスコスモス,2,55.0,38.4,33.1,2.0,-0.84,1,0
202507020403,2025-03-23,,中京,7,1400,コパノハワード,2,57.0,37.7,33.1,13.0,-1.54,1,0
202507020403,2025-03-23,,中京,7,1400,サラティーノ,3,57.0,38.4,33.1,12.0,-0.84,1,0
202507020403,2025-03-23,,中京,7,1400,アラック,3,57.0,39.5,33.1,13.0,0.26,0,0
202507020406,2025-03-23,,中京,7,1400,エコロカレン,3,56.0,36.6,38.4,16.0,-2.22,1,0
202507020406,2025-03-23,,中京,7,1400,レアリゼアンレーヴ,3,56.0,38.3,38.4,6.0,-0.52,1,0
202507020406,2025-03-23,,中京,7,1400,シウン,5,56.0,39.0,38.4,7.0,0.18,1,0
202507020403,2025-03-23,,中京,7,1400,ケイアイブイスリー,6,57.0,39.0,33.1,2.0,-0.24,1,0
202507020406,2025-03-23,,中京,7,1400,ベレニーチェ,6,56.0,39.3,38.4,3.0,0.48,1,0
202507020403,2025-03-23,,中京,7,1400,チュウワロンドン,7,55.0,40.7,33.1,15.0,1.46,0,0
202507020402,2025-03-23,,中京,7,1800,ダイハッシュウ,1,57.0,41.5,37.1,2.0,0.67,0,0
202507020402,2025-03-23,,中京,7,1800,インターアーバン,2,57.0,40.1,37.1,1.0,-0.73,0,0
202507020402,2025-03-23,,中京,7,1800,パープルヘイズ,3,55.0,43.2,37.1,9.0,2.37,1,0
202507020402,2025-03-23,,中京,7,1800,オンザバサラ,5,57.0,39.6,37.1,9.0,-1.23,1,0
202507020402,2025-03-23,,中京,7,1800,タイキフィアリーベ,6,54.0,39.6,37.1,13.0,-1.23,1,0
202507020402,2025-03-23,,中京,7,1800,ナックエルドラド,6,57.0,41.7,37.1,9.0,0.87,0,0
202507020402,2025-03-23,,中京,7,1800,シウダーエヴィータ,7,55.0,40.1,37.1,2.0,-0.73,1,0
202507020410,2025-03-23,,中京,7,1900,プルナチャンドラ,1,56.0,38.5,37.6,13.0,-0.7,1,0
202507020410,2025-03-23,,中京,7,1900,アンバードール,5,56.0,37.6,37.6,12.0,-1.6,1,0
202507020410,2025-03-23,,中京,7,1900,アルファヒディ,8,57.0,41.5,37.6,4.0,2.3,0,0
202509010802,2025-03-23,,阪神,9,1200,イフウドウドウ,1,57.0,38.2,41.3,4.0,-1.3,1,0
202509010802,2025-03-23,,阪神,9,1200,バフェ,4,57.0,39.7,41.3,2.0,0.2,1,0
202509010802,2025-03-23,,阪神,9,1200,ティルナノーグ,8,57.0,40.6,41.3,9.0,1.1,1,0
202509010812,2025-03-23,,阪神,9,1400,ジャスパーバローズ,1,58.0,38.4,34.2,4.0,-0.1,1,0
202509010810,2025-03-23,,阪神,9,1400,フェルヴェンテ,3,58.0,36.9,36.2,4.0,-0.3,1,0
202509010810,2025-03-23,,阪神,9,1400,エイシンレジューム,3,58.0,36.5,36.2,9.0,-0.7,1,0
202509010810,2025-03-23,,阪神,9,1400,ペプチドタイガー,4,58.0,36.5,36.2,6.0,-0.7,1,0
202509010810,2025-03-23,,阪神,9,1400,ナッカーフェイス,4,58.0,37.1,36.2,6.0,-0.1,1,0
202509010812,2025-03-23,,阪神,9,1400,トモジャケーヤ,4,58.0,38.6,34.2,14.0,0.1,0,0
202509010810,2025-03-23,,阪神,9,1400,メイショウヒューマ,6,58.0,39.0,36.2,3.0,1.8,1,0
202509010803,2025-03-23,,阪神,9,1800,マークオブゾロ,1,57.0,40.9,39.1,2.0,1.9,1,0
202509010808,2025-03-23,,阪神,9,1800,モズミツボシ,1,58.0,40.1,34.8,4.0,0.9,1,0
202509010801,2025-03-23,,阪神,9,1800,アルディスティーノ,2,55.0,44.0,37.0,3.0,2.55,1,0
202509010806,2025-03-23,,阪神,9,1800,スマートシーカー,2,57.0,41.5,38.2,6.0,1.09,0,0
202509010801,2025-03-23,,阪神,9,1800,ハギノコラソン,4,55.0,39.7,37.0,3.0,-1.75,0,0
202509010806,2025-03-23,,阪神,9,1800,クリノラピダス,4,57.0,40.8,38.2,15.0,0.39,0,0
202509010808,2025-03-23,,阪神,9,1800,トモジャザーン,4,58.0,38.4,34.8,3.0,-0.8,0,0
202509010803,2025-03-23,,阪神,9,1800,ビービーバザーク,5,57.0,37.8,39.1,2.0,-1.2,1,0
202509010801,2025-03-23,,阪神,9,1800,アンデルマット,6,55.0,41.5,37.0,6.0,0.05,1,0
202509010806,2025-03-23,,阪神,9,1800,メリークリスマス,6,57.0,39.3,38.2,10.0,-1.11,1,0
202509010806,2025-03-23,,阪神,9,1800,サンダーロード,6,57.0,40.6,38.2,3.0,0.19,1,0
202509010808,2025-03-23,,阪神,9,1800,ヤマカツレオン,6,55.0,39.1,34.8,10.0,-0.1,1,0
202509010803,2025-03-23,,阪神,9,1800,カンプウ,7,57.0,38.9,39.1,6.0,-0.1,0,0
202509010806,2025-03-23,,阪神,9,1800,ヤマニンブークリエ,7,57.0,38.3,38.2,11.0,-2.11,0,0
202509010801,2025-03-23,,阪神,9,1800,ナムラクレープ,8,55.0,40.6,37.0,6.0,-0.85,0,0
202509010803,2025-03-23,,阪神,9,1800,クロノスバレット,8,57.0,37.8,39.1,4.0,-1.2,1,0
202509010803,2025-03-23,,阪神,9,1800,ダシータピット,8,54.0,39.6,39.1,10.0,0.6,1,0
202509010806,2025-03-23,,阪神,9,1800,タケルハーロック,8,57.0,40.5,38.2,8.0,0.09,1,0
202509010806,2025-03-23,,阪神,9,1800,エコロスヴァル,8,57.0,41.9,38.2,16.0,1.49,0,0
202506020701,2025-03-22,,中山,6,1200,チッピンガム,1,55.0,36.5,37.2,16.0,-1.09,1,0
202506020706,2025-03-22,,中山,6,1200,クイーンアポーン,1,56.0,37.3,36.6,11.0,-1.08,1,0
202506020706,2025-03-22,,中山,6,1200,カフェベラノッテ,2,58.0,38.1,36.6,5.0,-0.27,1,0
202506020703,2025-03-22,,中山,6,1200,ダイヤモンドピラー,3,54.0,40.8,38.9,2.0,0.84,1,0
202506020701,2025-03-22,,中山,6,1200,ラヴィーズドリーム,4,52.0,38.0,37.2,10.0,0.41,1,0
202506020703,2025-03-22,,中山,6,1200,エテオクロス,4,57.0,39.7,38.9,2.0,-0.26,0,0
202506020712,2025-03-22,,中山,6,1200,ブライトルピナス,4,56.0,36.8,34.6,16.0,0.2,1,0
202506020701,2025-03-22,,中山,6,1200,ハクシンマルペンサ,5,51.0,37.9,37.2,14.0,0.31,1,0
202506020703,2025-03-22,,中山,6,1200,チャンピオンリボン,5,55.0,39.2,38.9,14.0,-0.76,1,0
202506020703,2025-03-22,,中山,6,1200,ノイシュロス,5,57.0,41.9,38.9,12.0,1.94,0,0
202506020706,2025-03-22,,中山,6,1200,ハジメテノチュウ,5,58.0,39.7,36.6,5.0,1.33,0,0
202506020701,2025-03-22,,中山,6,1200,タブロー,6,55.0,38.0,37.2,2.0,0.41,0,0
202506020701,2025-03-22,,中山,6,1200,アサクサグレース,7,55.0,36.7,37.2,4.0,-0.89,0,0
202506020701,2025-03-22,,中山,6,1200,シスター,7,55.0,37.5,37.2,10.0,-0.09,1,0
202506020712,2025-03-22,,中山,6,1200,トロピカルヒーロー,7,55.0,36.4,34.6,15.0,-0.2,1,0
202506020701,2025-03-22,,中山,6,1200,レトロブーム,8,52.0,38.5,37.2,3.0,0.91,1,0
202506020703,2025-03-22,,中山,6,1200,グルナルーフス,8,57.0,38.2,38.9,4.0,-1.76,1,0
202506020706,2025-03-22,,中山,6,1200,マーゴットファブ,8,58.0,38.4,36.6,8.0,0.02,1,0
202506020702,2025-03-22,,中山,6,1800,アステルリヴェール,2,57.0,41.8,36.2,10.0,-0.97,0,0
202506020702,2025-03-22,,中山,6,1800,バイオマックス,3,54.0,43.5,36.2,7.0,0.73,1,0
202506020707,2025-03-22,,中山,6,1800,ロジウムエポック,4,58.0,41.6,36.4,12.0,1.75,1,0
202506020710,2025-03-22,,中山,6,1800,ロジアデレード,4,58.0,38.2,36.2,4.0,-0.5,1,0
202506020702,2025-03-22,,中山,6,1800,タキノボリ,5,57.0,40.2,36.2,6.0,-2.57,0,0
202506020702,2025-03-22,,中山,6,1800,スパーブケン,5,57.0,44.8,36.2,12.0,2.03,0,0
202506020707,2025-03-22,,中山,6,1800,キョウエイフロイデ,5,56.0,38.9,36.4,16.0,-0.95,1,0
202506020707,2025-03-22,,中山,6,1800,オブシディアン,5,55.0,41.0,36.4,14.0,1.15,0,0
202506020710,2025-03-22,,中山,6,1800,エスティメート,5,58.0,39.5,36.2,8.0,0.8,1,0
202506020710,2025-03-22,,中山,6,1800,クロニクル,6,58.0,38.2,36.2,7.0,-0.5,1,0
202506020710,2025-03-22,,中山,6,1800,コブラ,6,58.0,38.9,36.2,8.0,0.2,1,0
202506020702,2025-03-22,,中山,6,1800,ミステンザン,7,55.0,43.2,36.2,10.0,0.43,1,0
202506020702,2025-03-22,,中山,6,1800,フォルスマジック,7,54.0,44.7,36.2,9.0,1.93,0,0
202506020707,2025-03-22,,中山,6,1800,ブレットフライ,7,57.0,38.6,36.4,7.0,-1.25,1,0
202506020707,2025-03-22,,中山,6,1800,マッスルバック,7,58.0,38.8,36.4,10.0,-1.05,1,0
202506020702,2025-03-22,,中山,6,1800,アスコットロマン,8,57.0,41.2,36.2,8.0,-1.57,0,0
202506020707,2025-03-22,,中山,6,1800,エコロブレード,8,58.0,40.2,36.4,2.0,0.35,1,0
202507020302,2025-03-22,,中京,7,1200,タイキオーベロン,1,57.0,38.5,39.3,13.0,0.02,1,0
202507020302,2025-03-22,,中京,7,1200,タイキフェニックス,2,57.0,37.8,39.3,15.0,-0.68,1,0
202507020302,2025-03-22,,中京,7,1200,ローレルゼロ,4,54.0,37.9,39.3,1.0,-0.58,0,0
202507020302,2025-03-22,,中京,7,1200,ユアヴィーナス,4,55.0,41.0,39.3,5.0,2.52,0,0
202507020302,2025-03-22,,中京,7,1200,ヴィオレンツァ,5,57.0,37.8,39.3,5.0,-0.68,1,0
202507020312,2025-03-22,,中京,7,1200,トモジャアルマンド,5,58.0,36.8,34.6,5.0,-1.3,1,0
202507020312,2025-03-22,,中京,7,1200,ゴレイジョウ,6,53.0,39.5,34.6,7.0,1.4,0,0
202507020312,2025-03-22,,中京,7,1200,ショコラブレッド,7,56.0,37.7,34.6,13.0,-0.4,1,0
202507020312,2025-03-22,,中京,7,1200,プラタルス,7,58.0,38.4,34.6,16.0,0.3,0,0
202507020302,2025-03-22,,中京,7,1200,ワナカ,8,52.0,37.9,39.3,8.0,-0.58,1,0
202507020304,2025-03-22,,中京,7,1400,ピッコロイカリーノ,1,55.0,39.1,34.6,11.0,-0.17,0,0
202507020304,2025-03-22,,中京,7,1400,バルミラクル,2,57.0,38.0,34.6,3.0,-1.27,1,0
202507020304,2025-03-22,,中京,7,1400,リュウノシャモニー,5,55.0,39.3,34.6,16.0,0.03,1,0
202507020304,2025-03-22,,中京,7,1400,デルマアポロニア,6,55.0,38.1,34.6,5.0,-1.17,1,0
202507020304,2025-03-22,,中京,7,1400,リュウジンオー,6,57.0,41.4,34.6,2.0,2.13,1,0
202507020304,2025-03-22,,中京,7,1400,トーセンペネロペ,7,55.0,38.8,34.6,7.0,-0.47,1,0
202507020304,2025-03-22,,中京,7,1400,ロベルタインパクト,7,55.0,40.2,34.6,14.0,0.93,1,0
202507020306,2025-03-22,,中京,7,1800,モズノセイギ,2,57.0,40.0,37.0,4.0,0.03,1,0
202507020301,2025-03-22,,中京,7,1800,メルローズ,4,55.0,39.3,36.4,4.0,-2.76,0,0
202507020301,2025-03-22,,中京,7,1800,ベルランザドール,5,55.0,41.4,36.4,9.0,-0.66,1,0
202507020301,2025-03-22,,中京,7,1800,ビガーサンライズ,6,52.0,40.7,36.4,11.0,-1.36,0,0
202507020301,2025-03-22,,中京,7,1800,ペイシャヴァルワン,6,55.0,43.5,36.4,6.0,1.44,0,0
202507020306,2025-03-22,,中京,7,1800,コスモシェルベット,6,57.0,40.5,37.0,2.0,0.53,1,0
202507020301,2025-03-22,,中京,7,1800,ストラニエーロ,7,55.0,43.7,36.4,10.0,1.64,0,0
202507020301,2025-03-22,,中京,7,1800,アルクドラ,7,52.0,45.3,36.4,11.0,3.24,0,0
202507020301,2025-03-22,,中京,7,1800,セラドピラール,8,55.0,40.5,36.4,2.0,-1.56,0,0
202507020306,2025-03-22,,中京,7,1800,エイシンアニーモ,8,55.0,39.4,37.0,7.0,-0.57,1,0
202507020308,2025-03-22,,中京,7,1900,フジフォンテ,2,58.0,38.1,34.1,12.0,0.08,1,0
202507020303,2025-03-22,,中京,7,1900,クレスコドルフィン,3,57.0,39.3,37.7,2.0,-1.2,1,0
202507020308,2025-03-22,,中京,7,1900,メイショウクーガー,3,58.0,37.1,34.1,6.0,-0.92,1,0
202507020308,2025-03-22,,中京,7,1900,ガルデルクラージュ,4,58.0,38.1,34.1,4.0,0.08,1,0
202507020308,2025-03-22,,中京,7,1900,アンドゥーラ,4,55.0,38.7,34.1,13.0,0.68,1,0
202507020303,2025-03-22,,中京,7,1900,ニシノプロテア,6,57.0,39.7,37.7,10.0,-0.8,1,0
202507020303,2025-03-22,,中京,7,1900,フロムザワールド,6,54.0,41.7,37.7,7.0,1.2,0,0
202507020303,2025-03-22,,中京,7,1900,グティ,7,57.0,40.2,37.7,1.0,-0.3,1,0
202507020308,2025-03-22,,中京,7,1900,タキ,7,58.0,38.1,34.1,13.0,0.08,0,0
202507020303,2025-03-22,,中京,7,1900,レヴィストーン,8,56.0,41.6,37.7,11.0,1.1,0,0
202509010707,2025-03-22,,阪神,9,1200,メイショウオオミネ,6,58.0,38.4,39.6,13.0,0.0,1,0
202509010703,2025-03-22,,阪神,9,1400,テルモピュライ,1,57.0,41.5,34.2,13.0,1.34,0,0
202509010701,2025-03-22,,阪神,9,1400,ハヤブサナンデヒメ,3,52.0,40.5,37.2,10.0,1.07,1,0
202509010703,2025-03-22,,阪神,9,1400,メイショウライズ,3,57.0,38.1,34.2,10.0,-2.06,0,0
202509010703,2025-03-22,,阪神,9,1400,テイエムドレミラン,3,57.0,44.1,34.2,2.0,3.94,0,0
202509010703,2025-03-22,,阪神,9,1400,ニューオーリンズ,4,57.0,40.3,34.2,9.0,0.14,1,0
202509010703,2025-03-22,,阪神,9,1400,テーオーノーベル,5,57.0,39.1,34.2,7.0,-1.06,1,0
202509010701,2025-03-22,,阪神,9,1400,ボヌールキャッツ,7,55.0,39.6,37.2,4.0,0.17,1,0
202509010703,2025-03-22,,阪神,9,1400,サヨノミッキー,7,57.0,39.6,34.2,7.0,-0.56,1,0
202509010701,2025-03-22,,阪神,9,1400,フクノフィアーノン,8,55.0,38.2,37.2,13.0,-1.23,1,0
202509010703,2025-03-22,,阪神,9,1400,ラファル,8,57.0,38.4,34.2,3.0,-1.76,0,0
202509010710,2025-03-22,,阪神,9,1800,ブリッツファング,1,58.0,38.7,35.5,13.0,-0.52,1,0
202509010712,2025-03-22,,阪神,9,1800,デルマオシダシ,1,56.0,41.3,32.9,9.0,1.0,0,0
202509010710,2025-03-22,,阪神,9,1800,サンマルレジェンド,2,58.0,40.9,35.5,11.0,1.67,0,0
202509010702,2025-03-22,,阪神,9,1800,サンライズアルズ,4,57.0,41.2,38.9,9.0,1.67,0,0
202509010710,2025-03-22,,阪神,9,1800,モンブランミノル,4,58.0,37.6,35.5,4.0,-1.62,1,0
202509010712,2025-03-22,,阪神,9,1800,ワンダースティング,7,58.0,39.3,32.9,1.0,-1.0,0,0
202509010702,2025-03-22,,阪神,9,1800,ドウジギリ,8,57.0,38.8,38.9,1.0,-0.73,1,0
202509010702,2025-03-22,,阪神,9,1800,オリジナルファイン,8,53.0,38.6,38.9,8.0,-0.93,0,0
202509010706,2025-03-22,,阪神,9,1800,リエータメンテ,8,54.0,40.0,35.1,9.0,0.0,0,0
202509010710,2025-03-22,,阪神,9,1800,サーマルソアリング,8,56.0,39.7,35.5,4.0,0.48,0,0
202509010704,2025-03-22,,阪神,9,2000,キングベル,5,57.0,39.3,33.8,7.0,0.0,0,0
202506020602,2025-03-16,,中山,6,1200,ガストフロント,2,57.0,37.5,37.4,10.0,-1.02,1,0
202506020602,2025-03-16,,中山,6,1200,ブリッジジェイアイ,2,55.0,39.3,37.4,13.0,0.77,0,0
202506020602,2025-03-16,,中山,6,1200,ミヤマイルス,3,52.0,40.0,37.4,1.0,1.48,1,0
202506020607,2025-03-16,,中山,6,1200,ラヴァグロウ,5,56.0,36.9,34.3,10.0,0.0,1,0
202506020612,2025-03-16,,中山,6,1200,メイショウキルギス,5,58.0,40.2,33.0,1.0,0.0,0,0
202506020602,2025-03-16,,中山,6,1200,リネンプリンセス,7,52.0,37.3,37.4,11.0,-1.23,1,0
202506020601,2025-03-16,,中山,6,1800,グランラティーナ,1,52.0,44.6,36.8,16.0,3.19,0,0
202506020604,2025-03-16,,中山,6,1800,フォアファン,1,57.0,40.4,40.5,6.0,-0.4,1,0
202506020603,2025-03-16,,中山,6,1800,トキノカンピオーネ,2,57.0,40.2,39.8,5.0,-0.75,0,0
202506020601,2025-03-16,,中山,6,1800,ウインポラリス,3,55.0,42.4,36.8,9.0,0.99,1,0
202506020603,2025-03-16,,中山,6,1800,オキョンピー,3,57.0,39.9,39.8,1.0,-1.05,1,0
202506020601,2025-03-16,,中山,6,1800,ルージュメアート,4,55.0,39.6,36.8,6.0,-1.81,0,0
202506020601,2025-03-16,,中山,6,1800,スナドケイ,4,52.0,40.9,36.8,12.0,-0.51,0,0
202506020603,2025-03-16,,中山,6,1800,ライブリブランコ,5,54.0,45.2,39.8,12.0,4.25,1,0
202506020601,2025-03-16,,中山,6,1800,メイブロッサム,6,55.0,40.6,36.8,14.0,-0.81,0,0
202506020603,2025-03-16,,中山,6,1800,セイスイミリオン,6,54.0,38.5,39.8,12.0,-2.45,1,0
202506020601,2025-03-16,,中山,6,1800,モーニングマジック,7,55.0,40.8,36.8,3.0,-0.61,1,0
202506020604,2025-03-16,,中山,6,1800,コパカツ,7,57.0,42.9,40.5,6.0,2.1,0,0
202506020601,2025-03-16,,中山,6,1800,ネクストダンサー,8,55.0,41.0,36.8,7.0,-0.41,1,0
202506020604,2025-03-16,,中山,6,1800,ルクスエクレール,8,57.0,39.1,40.5,11.0,-1.7,1,0
202506020608,2025-03-16,,中山,6,2400,タケルゴールド,1,57.0,43.4,36.4,4.0,2.7,0,0
202506020608,2025-03-16,,中山,6,2400,サトノリアン,3,57.0,39.7,36.4,12.0,-1.0,1,0
202506020608,2025-03-16,,中山,6,2400,シーリュウシー,6,57.0,40.4,36.4,8.0,-0.3,1,0
202506020608,2025-03-16,,中山,6,2400,セイウンガレオン,7,58.0,40.1,36.4,4.0,-0.6,0,0
202506020608,2025-03-16,,中山,6,2400,トゥザヒロイン,8,56.0,39.9,36.4,11.0,-0.8,1,0
202507020201,2025-03-16,,中京,7,1400,オメガセレナーデ,1,55.0,38.0,38.0,8.0,0.3,1,0
202507020212,2025-03-16,,中京,7,1400,ニシノジーク,1,58.0,37.0,33.9,8.0,0.23,1,0
202507020201,2025-03-16,,中京,7,1400,ウィッティングハム,2,55.0,37.6,38.0,16.0,-0.1,0,0
202507020203,2025-03-16,,中京,7,1400,ペイドラロワール,2,57.0,36.8,36.4,2.0,-1.82,0,0
202507020201,2025-03-16,,中京,7,1400,エリカマユーリ,3,55.0,36.6,38.0,3.0,-1.1,1,0
202507020201,2025-03-16,,中京,7,1400,スルーザナイト,4,55.0,37.6,38.0,6.0,-0.1,0,0
202507020212,2025-03-16,,中京,7,1400,トルーマンテソーロ,4,58.0,36.7,33.9,2.0,-0.07,1,0
202507020203,2025-03-16,,中京,7,1400,オニムシャ,5,54.0,38.6,36.4,7.0,-0.02,1,0
202507020201,2025-03-16,,中京,7,1400,ナッシングベター,6,55.0,38.4,38.0,4.0,0.7,1,0
202507020201,2025-03-16,,中京,7,1400,ピースオーシャン,6,55.0,38.1,38.0,11.0,0.4,1,0
202507020201,2025-03-16,,中京,7,1400,ステイラッキー,7,54.0,37.6,38.0,11.0,-0.1,1,0
202507020203,2025-03-16,,中京,7,1400,メイショウタイピン,7,57.0,38.4,36.4,4.0,-0.22,0,0
202507020210,2025-03-16,,中京,7,1400,アパッシメント,7,57.0,36.3,34.5,11.0,-1.4,1,0
202507020212,2025-03-16,,中京,7,1400,ブライテストドーン,7,58.0,36.6,33.9,14.0,-0.17,1,0
202507020203,2025-03-16,,中京,7,1400,ノーランサンライズ,8,55.0,40.1,36.4,9.0,1.48,0,0
202507020203,2025-03-16,,中京,7,1400,テーオーバークラ,8,57.0,39.2,36.4,14.0,0.58,1,0
202507020210,2025-03-16,,中京,7,1400,アレスグート,8,57.0,39.1,34.5,1.0,1.4,0,0
202507020208,2025-03-16,,中京,7,1800,コハナ,3,55.0,38.2,39.3,12.0,0.58,0,0
202507020206,2025-03-16,,中京,7,1800,グランコネクシオン,4,56.0,36.1,38.1,10.0,-1.02,0,0
202507020206,2025-03-16,,中京,7,1800,キャロルビアンカ,5,56.0,38.7,38.1,7.0,1.58,0,0
202507020208,2025-03-16,,中京,7,1800,エーデル,5,56.0,36.8,39.3,7.0,-0.83,1,0
202507020208,2025-03-16,,中京,7,1800,ジーティーオウジャ,6,58.0,37.0,39.3,8.0,-0.62,1,0
202507020206,2025-03-16,,中京,7,1800,ジーティースピカ,7,53.0,37.4,38.1,9.0,0.27,1,0
202507020208,2025-03-16,,中京,7,1800,ショーケン,7,58.0,38.5,39.3,14.0,0.88,0,0
202507020206,2025-03-16,,中京,7,1800,ベルイストワール,8,56.0,36.3,38.1,5.0,-0.83,1,0
202507020202,2025-03-16,,中京,7,1900,セラヴィーナス,3,54.0,40.6,33.3,8.0,1.73,1,0
202507020202,2025-03-16,,中京,7,1900,メイショウキタダケ,4,57.0,38.0,33.3,7.0,-0.87,0,0
202507020202,2025-03-16,,中京,7,1900,エマージェンス,6,57.0,38.0,33.3,1.0,-0.87,0,0
202509010601,2025-03-16,,阪神,9,1200,エルサトアナ,1,54.0,37.9,41.8,2.0,-1.16,0,0
202509010601,2025-03-16,,阪神,9,1200,ラッキーカムカム,2,55.0,39.2,41.8,2.0,0.14,1,0
202509010601,2025-03-16,,阪神,9,1200,サフランクイン,2,51.0,39.8,41.8,14.0,0.74,1,0
202509010601,2025-03-16,,阪神,9,1200,レディエンス,5,55.0,39.1,41.8,6.0,0.04,0,0
202509010601,2025-03-16,,阪神,9,1200,ロワン,8,55.0,39.3,41.8,13.0,0.24,0,0
202509010603,2025-03-16,,阪神,9,1400,ハルカサクソラ,2,55.0,40.5,34.3,12.0,0.48,1,0
202509010603,2025-03-16,,阪神,9,1400,サイモンバズユー,3,57.0,37.9,34.3,12.0,-2.12,0,0
202509010612,2025-03-16,,阪神,9,1400,アナスタシス,3,56.0,39.5,40.6,6.0,-0.05,1,0
202509010612,2025-03-16,,阪神,9,1400,エンプレスペイ,6,56.0,39.6,40.6,3.0,0.05,0,0
202509010603,2025-03-16,,阪神,9,1400,メイショウユウモウ,7,57.0,42.8,34.3,3.0,2.77,0,0
202509010603,2025-03-16,,阪神,9,1400,マットーネロッソ,8,54.0,38.9,34.3,10.0,-1.12,0,0
202509010608,2025-03-16,,阪神,9,1800,バトンインディ,1,58.0,40.4,39.2,6.0,-1.67,1,0
202509010602,2025-03-16,,阪神,9,1800,ゲンタツ,2,57.0,41.1,38.0,10.0,-0.08,0,0
202509010608,2025-03-16,,阪神,9,1800,ペイシャコパ,2,56.0,42.5,39.2,7.0,0.43,1,0
202509010602,2025-03-16,,阪神,9,1800,ポッドエルマー,3,57.0,44.4,38.0,5.0,3.22,0,0
202509010608,2025-03-16,,阪神,9,1800,レオキー,3,56.0,43.3,39.2,12.0,1.23,0,0
202509010602,2025-03-16,,阪神,9,1800,テーオーシュタルク,7,57.0,41.2,38.0,7.0,0.02,0,0
202509010602,2025-03-16,,阪神,9,1800,ニホンピロミラーク,7,57.0,39.6,38.0,11.0,-1.58,1,0
202509010602,2025-03-16,,阪神,9,1800,グレイルクエスト,8,57.0,39.6,38.0,2.0,-1.58,0,0
202509010610,2025-03-16,,阪神,9,2000,ラップスター,3,55.0,37.4,37.5,5.0,0.1,1,0
202509010610,2025-03-16,,阪神,9,2000,ニューバラード,4,55.0,37.2,37.5,1.0,-0.1,1,0
202509010610,2025-03-16,,阪神,9,2000,ホークフィールド,7,56.0,37.3,37.5,2.0,-0.0,1,0
202509010604,2025-03-16,,阪神,9,2970,リオンエトワール,7,60.0,14.1,42.3,3.0,-0.2,1,0
202509010604,2025-03-16,,阪神,9,2970,ハヤブサジェット,8,60.0,14.5,42.3,6.0,0.2,0,0
202506020503,2025-03-15,,中山,6,1200,ファリア,2,57.0,37.8,37.3,7.0,-0.4,1,0
202506020508,2025-03-15,,中山,6,1200,エコロヴァルム,3,58.0,37.6,36.9,9.0,-0.37,1,0
202506020501,2025-03-15,,中山,6,1200,ステラマテュティナ,4,55.0,38.2,37.8,4.0,-0.5,0,0
202506020503,2025-03-15,,中山,6,1200,フレイム,4,57.0,37.2,37.3,7.0,-1.0,1,0
202506020503,2025-03-15,,中山,6,1200,アルマヴィーナス,4,55.0,39.6,37.3,10.0,1.4,1,0
202506020508,2025-03-15,,中山,6,1200,ハローマイラブリー,6,53.0,38.2,36.9,2.0,0.23,1,0
202506020501,2025-03-15,,中山,6,1200,ミニョンマルーン,7,52.0,39.2,37.8,1.0,0.5,1,0
202506020508,2025-03-15,,中山,6,1200,スマートオリーブ,7,55.0,38.1,36.9,1.0,0.13,1,0
202506020502,2025-03-15,,中山,6,1800,レッドレントラー,1,54.0,42.8,34.3,13.0,1.66,0,0
202506020504,2025-03-15,,中山,6,1800,ポリアンセモス,1,55.0,41.6,39.0,7.0,-0.52,0,0
202506020507,2025-03-15,,中山,6,1800,タマモカンパネラ,1,55.0,39.4,39.9,13.0,0.08,0,0
202506020502,2025-03-15,,中山,6,1800,シリウスライト,2,57.0,40.3,34.3,11.0,-0.84,0,0
202506020502,2025-03-15,,中山,6,1800,マイウェイ,2,53.0,41.7,34.3,16.0,0.56,0,0
202506020502,2025-03-15,,中山,6,1800,キングズトゥルー,3,57.0,40.8,34.3,13.0,-0.34,1,0
202506020507,2025-03-15,,中山,6,1800,ルグランヴァン,3,57.0,37.9,39.9,4.0,-1.42,1,0
202506020507,2025-03-15,,中山,6,1800,オメガドライヴ,3,57.0,39.7,39.9,13.0,0.38,1,0
202506020504,2025-03-15,,中山,6,1800,ライズトゥザトップ,4,55.0,41.3,39.0,1.0,-0.83,1,0
202506020507,2025-03-15,,中山,6,1800,パーソナルアフェア,4,55.0,41.1,39.9,16.0,1.78,0,0
202506020504,2025-03-15,,中山,6,1800,ミスパナギア,5,55.0,43.0,39.0,13.0,0.88,0,0
202506020507,2025-03-15,,中山,6,1800,シャイニーシップ,5,57.0,37.9,39.9,4.0,-1.42,1,0
202506020502,2025-03-15,,中山,6,1800,ガイ,7,57.0,40.1,34.3,7.0,-1.04,0,0
202506020504,2025-03-15,,中山,6,1800,ファランジリング,7,55.0,42.6,39.0,10.0,0.48,1,0
202506020507,2025-03-15,,中山,6,1800,ホウオウゴールド,8,57.0,39.9,39.9,1.0,0.58,1,0
202506020509,2025-03-15,,中山,6,2400,コスモジンバック,5,55.0,39.4,34.9,1.0,-1.4,1,0
202506020509,2025-03-15,,中山,6,2400,バレンタインガール,6,52.0,41.4,34.9,12.0,0.6,0,0
202506020509,2025-03-15,,中山,6,2400,グランオース,7,54.0,41.9,34.9,14.0,1.1,0,0
202506020509,2025-03-15,,中山,6,2400,ロードブレイズ,8,55.0,40.5,34.9,2.0,-0.3,0,0
202507020102,2025-03-15,,中京,7,1200,ノーブルオーク,2,53.0,37.9,39.6,15.0,0.0,0,0
202507020109,2025-03-15,,中京,7,1200,パレフォーコン,3,58.0,37.2,37.3,5.0,0.0,1,0
202507020107,2025-03-15,,中京,7,1400,ラジエル,4,53.0,37.0,37.4,9.0,-1.43,1,0
202507020107,2025-03-15,,中京,7,1400,カフェノワール,5,56.0,38.3,37.4,1.0,-0.13,1,0
202507020111,2025-03-15,,中京,7,1400,ローズバルサム,5,56.0,36.8,35.8,11.0,0.6,1,0
202507020107,2025-03-15,,中京,7,1400,ローゼンモンターク,7,56.0,40.0,37.4,9.0,1.57,0,0
202507020111,2025-03-15,,中京,7,1400,ロレンツォ,7,58.0,35.6,35.8,13.0,-0.6,1,0
202507020101,2025-03-15,,中京,7,1800,コスモサンビタリア,1,55.0,38.7,37.5,7.0,-1.12,1,0
202507020101,2025-03-15,,中京,7,1800,ウエスタンタマヤ,2,52.0,40.5,37.5,4.0,0.68,1,0
202507020101,2025-03-15,,中京,7,1800,ローズゴジャール,3,55.0,39.6,37.5,7.0,-0.22,0,0
202507020106,2025-03-15,,中京,7,1800,マタミカンサン,3,52.0,39.2,38.2,10.0,-0.1,0,0
202507020104,2025-03-15,,中京,7,1800,メアリーバローズ,4,52.0,40.5,42.5,6.0,0.78,1,0
202507020106,2025-03-15,,中京,7,1800,ドゥラリス,4,55.0,38.5,38.2,3.0,-0.8,1,0
202507020101,2025-03-15,,中京,7,1800,デザフィアドール,5,52.0,39.2,37.5,1.0,-0.62,1,0
202507020104,2025-03-15,,中京,7,1800,サトノフォーミュラ,5,53.0,41.2,42.5,3.0,1.48,0,0
202507020104,2025-03-15,,中京,7,1800,マイネルメドリング,6,57.0,38.5,42.5,11.0,-1.22,1,0
202507020104,2025-03-15,,中京,7,1800,ディープカインズ,6,56.0,38.5,42.5,13.0,-1.22,1,0
202507020106,2025-03-15,,中京,7,1800,ソロモン,6,57.0,40.2,38.2,10.0,0.9,0,0
202507020101,2025-03-15,,中京,7,1800,エリタージュソング,7,55.0,41.1,37.5,13.0,1.28,0,0
202507020104,2025-03-15,,中京,7,1800,スギノペガサス,7,53.0,39.8,42.5,15.0,0.08,0,0
202507020104,2025-03-15,,中京,7,1800,タマモハヤブサ,8,54.0,39.8,42.5,14.0,0.08,1,0
202509010502,2025-03-15,,阪神,9,1200,アンピュルシオン,2,55.0,38.2,39.2,1.0,0.04,0,0
202509010502,2025-03-15,,阪神,9,1200,タイムイズマネー,4,57.0,38.7,39.2,4.0,0.54,1,0
202509010502,2025-03-15,,阪神,9,1200,ヴィヴァシャス,5,55.0,37.7,39.2,6.0,-0.46,1,0
202509010502,2025-03-15,,阪神,9,1200,キュードス,6,57.0,36.8,39.2,10.0,-1.36,1,0
202509010502,2025-03-15,,阪神,9,1200,キャットデイ,7,53.0,39.4,39.2,15.0,1.24,0,0
202509010506,2025-03-15,,阪神,9,1400,アートコレクション,2,57.0,39.6,34.9,5.0,1.18,1,0
202509010506,2025-03-15,,阪神,9,1400,テルユアワールド,3,55.0,37.7,34.9,9.0,-0.72,1,0
202509010507,2025-03-15,,阪神,9,1400,オアシスドール,3,54.0,41.9,34.8,5.0,0.0,0,0
202509010506,2025-03-15,,阪神,9,1400,エナジーガンツ,4,57.0,37.8,34.9,12.0,-0.62,1,0
202509010506,2025-03-15,,阪神,9,1400,ショウナンアトレ,6,57.0,38.6,34.9,13.0,0.18,0,0
202509010512,2025-03-15,,阪神,9,1800,タイセイミニスター,2,58.0,36.8,39.3,7.0,0.0,1,0
202509010503,2025-03-15,,阪神,9,1800,コイスルシャチョウ,4,55.0,41.6,36.1,10.0,0.4,0,0
202509010501,2025-03-15,,阪神,9,1800,エスタトゥイル,7,54.0,39.2,38.8,12.0,0.45,0,0
202509010503,2025-03-15,,阪神,9,1800,トーアグッドラック,7,57.0,39.6,36.1,7.0,-1.6,0,0
202509010501,2025-03-15,,阪神,9,1800,ハッピールンナ,8,52.0,38.3,38.8,9.0,-0.45,1,0
202509010503,2025-03-15,,阪神,9,1800,ミヤビノオウザ,8,57.0,42.4,36.1,13.0,1.2,0,0
202506020402,2025-03-09,,中山,6,1200,ベストヒューマ,1,54.0,39.5,35.5,16.0,1.43,0,0
202506020407,2025-03-09,,中山,6,1200,ベリーベリーベリー,1,52.0,37.7,34.0,15.0,-1.57,0,0
202506020402,2025-03-09,,中山,6,1200,シャトーペリオット,2,54.0,38.3,35.5,10.0,0.23,1,0
202506020402,2025-03-09,,中山,6,1200,リワードインペリオ,3,57.0,37.6,35.5,6.0,-0.47,1,0
202506020406,2025-03-09,,中山,6,1200,アースミューズ,3,52.0,39.6,33.1,2.0,0.0,0,0
202506020407,2025-03-09,,中山,6,1200,フレイムジョーカー,3,58.0,38.9,34.0,2.0,-0.37,1,0
202506020402,2025-03-09,,中山,6,1200,タイキクリエイター,4,57.0,36.9,35.5,12.0,-1.17,1,0
202506020407,2025-03-09,,中山,6,1200,ザブルース,6,53.0,41.2,34.0,13.0,1.93,0,0
202506020402,2025-03-09,,中山,6,1200,エイシンカルナボン,7,57.0,38.0,35.5,1.0,-0.07,1,0
202506020402,2025-03-09,,中山,6,1200,ダブルスチール,8,51.0,38.1,35.5,10.0,0.03,1,0
202506020401,2025-03-09,,中山,6,1800,セイウンオウカ,1,54.0,44.4,35.7,12.0,2.53,0,0
202506020403,2025-03-09,,中山,6,1800,ジェイルブレイク,1,54.0,40.5,35.6,1.0,-0.34,1,0
202506020403,2025-03-09,,中山,6,1800,レッドイストワール,1,54.0,42.5,35.6,2.0,1.66,1,0
202506020410,2025-03-09,,中山,6,1800,ゴールドバランサー,1,57.0,40.4,37.6,9.0,1.03,1,0
202506020401,2025-03-09,,中山,6,1800,ウインティターニア,2,55.0,41.9,35.7,11.0,0.03,0,0
202506020403,2025-03-09,,中山,6,1800,サトミノエンジェル,2,57.0,39.2,35.6,4.0,-1.64,1,0
202506020403,2025-03-09,,中山,6,1800,スカーレットクロス,2,55.0,41.2,35.6,10.0,0.36,1,0
202506020410,2025-03-09,,中山,6,1800,ブリッツファング,2,57.0,37.1,37.6,15.0,-2.27,1,0
202506020401,2025-03-09,,中山,6,1800,リックメイン,4,51.0,40.7,35.7,4.0,-1.17,1,0
202506020401,2025-03-09,,中山,6,1800,クールカグラ,4,55.0,40.7,35.7,10.0,-1.17,0,0
202506020403,2025-03-09,,中山,6,1800,ゴールドパートナー,4,57.0,39.3,35.6,8.0,-1.54,1,0
202506020412,2025-03-09,,中山,6,1800,ホウオウフェイント,4,58.0,40.7,36.6,5.0,0.0,0,0
202506020401,2025-03-09,,中山,6,1800,アックラマーレ,5,55.0,43.1,35.7,13.0,1.23,0,0
202506020403,2025-03-09,,中山,6,1800,ギンガエクスプレス,5,54.0,40.2,35.6,10.0,-0.64,1,0
202506020410,2025-03-09,,中山,6,1800,サンマルレジェンド,5,57.0,40.6,37.6,5.0,1.23,0,0
202506020401,2025-03-09,,中山,6,1800,スターライトナイト,7,55.0,40.4,35.7,8.0,-1.47,0,0
202506020403,2025-03-09,,中山,6,1800,ウーバーストロング,8,57.0,43.0,35.6,7.0,2.16,0,0
202506020404,2025-03-09,,中山,6,2880,カルマンフィルター,6,59.0,13.8,41.2,4.0,-0.05,0,0
202506020404,2025-03-09,,中山,6,2880,アンクラウデッド,7,60.0,13.9,41.2,5.0,0.05,0,0
202509010402,2025-03-09,,阪神,9,1400,ビッグビート,2,55.0,39.7,34.8,10.0,-0.52,1,0
202509010404,2025-03-09,,阪神,9,1400,ユメシバイ,3,53.0,40.2,34.7,15.0,1.2,1,0
202509010412,2025-03-09,,阪神,9,1400,ルージュイストリア,3,54.0,38.1,37.0,10.0,0.5,1,0
202509010402,2025-03-09,,阪神,9,1400,モズケイスター,4,56.0,38.8,34.8,7.0,-1.43,1,0
202509010404,2025-03-09,,阪神,9,1400,ラブミーナッソー,4,55.0,37.9,34.7,11.0,-1.1,0,0
202509010412,2025-03-09,,阪神,9,1400,セミマル,4,58.0,36.6,37.0,7.0,-1.0,1,0
202509010402,2025-03-09,,阪神,9,1400,アニュレス,5,52.0,40.1,34.8,5.0,-0.12,1,0
202509010412,2025-03-09,,阪神,9,1400,アスクアイルビゼア,5,55.0,38.1,37.0,1.0,0.5,1,0
202509010402,2025-03-09,,阪神,9,1400,ジューンアルテミス,6,55.0,42.3,34.8,1.0,2.07,0,0
202509010404,2025-03-09,,阪神,9,1400,タマモティーカップ,7,53.0,37.8,34.7,5.0,-1.2,1,0
202509010404,2025-03-09,,阪神,9,1400,ディアマイハニー,8,55.0,40.1,34.7,11.0,1.1,1,0
202509010401,2025-03-09,,阪神,9,1800,スーパーチャンド,1,55.0,38.3,39.8,4.0,-2.4,0,0
202509010403,2025-03-09,,阪神,9,1800,ゲンパチスラッガー,1,57.0,40.8,37.8,10.0,-0.83,0,0
202509010406,2025-03-09,,阪神,9,1800,タマモキャリコ,1,56.0,38.9,36.7,1.0,-1.52,0,0
202509010401,2025-03-09,,阪神,9,1800,スマートジュディ,3,52.0,41.9,39.8,11.0,1.2,0,0
202509010406,2025-03-09,,阪神,9,1800,フロスティクォーツ,3,54.0,40.6,36.7,5.0,0.18,1,0
202509010401,2025-03-09,,阪神,9,1800,ヴァリオーサ,4,55.0,39.6,39.8,2.0,-1.1,0,0
202509010401,2025-03-09,,阪神,9,1800,ソルトチャンス,5,55.0,39.5,39.8,12.0,-1.2,1,0
202509010403,2025-03-09,,阪神,9,1800,メイショウトサンコ,5,54.0,43.1,37.8,7.0,1.47,0,0
202509010406,2025-03-09,,阪神,9,1800,インジケーター,5,58.0,40.1,36.7,3.0,-0.32,0,0
202509010401,2025-03-09,,阪神,9,1800,ビービープリメーロ,6,55.0,40.8,39.8,4.0,0.1,0,0
202509010406,2025-03-09,,阪神,9,1800,サイレントミニスタ,6,58.0,41.2,36.7,9.0,0.78,0,0
202509010401,2025-03-09,,阪神,9,1800,ゴールドハーディス,7,55.0,40.3,39.8,9.0,-0.4,1,0
202509010406,2025-03-09,,阪神,9,1800,エースアビリティ,7,58.0,38.8,36.7,9.0,-1.62,0,0
202509010401,2025-03-09,,阪神,9,1800,ヤマニンソレアード,8,55.0,42.5,39.8,13.0,1.8,0,0
202509010401,2025-03-09,,阪神,9,1800,クイーンズグリーン,8,55.0,42.7,39.8,15.0,2.0,1,0
202509010403,2025-03-09,,阪神,9,1800,セブンスプリングス,8,55.0,41.0,37.8,5.0,-0.63,0,0
202509010406,2025-03-09,,阪神,9,1800,ドナウパール,8,56.0,42.9,36.7,5.0,2.48,0,0
202509010408,2025-03-09,,阪神,9,1800,ノッテルーナ,8,54.0,37.5,37.0,12.0,0.0,1,0
202506020301,2025-03-08,,中山,6,1200,サクラパステル,1,55.0,39.3,37.1,13.0,1.22,0,0
202506020301,2025-03-08,,中山,6,1200,キタノライブリー,4,54.0,37.1,37.1,3.0,-0.98,1,0
202506020303,2025-03-08,,中山,6,1200,ヤスエ,4,55.0,38.4,36.3,12.0,-0.25,1,0
202506020303,2025-03-08,,中山,6,1200,イデアニポーテ,4,57.0,39.8,36.3,8.0,1.15,1,0
202506020303,2025-03-08,,中山,6,1200,ジーティーウララ,5,52.0,38.6,36.3,15.0,-0.05,1,0
202506020301,2025-03-08,,中山,6,1200,ジークマインド,6,52.0,38.5,37.1,9.0,0.42,1,0
202506020303,2025-03-08,,中山,6,1200,タルトポワール,6,55.0,37.8,36.3,3.0,-0.85,0,0
202506020301,2025-03-08,,中山,6,1200,デンリッレハウエル,7,52.0,37.4,37.1,6.0,-0.68,0,0
202506020302,2025-03-08,,中山,6,1800,スーパーチャージ,1,57.0,39.7,38.5,14.0,-0.7,1,0
202506020302,2025-03-08,,中山,6,1800,ベネスピラ,3,57.0,39.6,38.5,8.0,-0.8,0,0
202506020302,2025-03-08,,中山,6,1800,ノーブルプライム,3,54.0,39.7,38.5,9.0,-0.7,1,0
202506020308,2025-03-08,,中山,6,1800,イデアユウシン,3,58.0,38.2,35.3,3.0,-0.8,1,0
202506020310,2025-03-08,,中山,6,1800,ストライク,3,56.0,38.2,34.3,6.0,-1.2,0,0
202506020306,2025-03-08,,中山,6,1800,サイモンカクタス,4,56.0,41.1,39.5,16.0,0.75,0,0
202506020308,2025-03-08,,中山,6,1800,アレスエルピーダ,4,58.0,39.0,35.3,16.0,0.0,0,0
202506020302,2025-03-08,,中山,6,1800,クリノフローレンス,5,52.0,41.3,38.5,12.0,0.9,1,0
202506020302,2025-03-08,,中山,6,1800,ワンダーレジット,5,54.0,41.0,38.5,15.0,0.6,1,0
202506020306,2025-03-08,,中山,6,1800,ルディシャ,5,54.0,41.3,39.5,11.0,0.95,1,0
202506020308,2025-03-08,,中山,6,1800,ロードインフェルノ,5,55.0,38.4,35.3,5.0,-0.6,1,0
202506020310,2025-03-08,,中山,6,1800,シェットランド,5,55.0,40.6,34.3,4.0,1.2,0,0
202506020308,2025-03-08,,中山,6,1800,アルマーレシチー,6,58.0,40.4,35.3,14.0,1.4,0,0
202506020306,2025-03-08,,中山,6,1800,ムチャスエルテ,7,57.0,39.2,39.5,3.0,-1.15,0,0
202506020306,2025-03-08,,中山,6,1800,バレアリックシー,7,57.0,39.8,39.5,13.0,-0.55,1,0
202506020302,2025-03-08,,中山,6,1800,ヘルオブアライド,8,57.0,41.1,38.5,5.0,0.7,1,0
202506020304,2025-03-08,,中山,6,2880,メイショウオキビ,3,60.0,13.8,41.1,7.0,0.05,0,0
202506020304,2025-03-08,,中山,6,2880,アルデドゥオーモ,5,59.0,13.7,41.1,3.0,-0.05,1,0
202509010308,2025-03-08,,阪神,9,1200,ノビル,2,53.0,38.7,39.4,5.0,-0.48,1,0
202509010308,2025-03-08,,阪神,9,1200,パッシングシャワー,4,58.0,37.3,39.4,10.0,-1.88,1,0
202509010310,2025-03-08,,阪神,9,1200,ライジン,5,58.0,36.3,36.3,16.0,-1.55,1,0
202509010310,2025-03-08,,阪神,9,1200,ユスティニアン,5,58.0,39.4,36.3,12.0,1.55,0,0
202509010308,2025-03-08,,阪神,9,1200,スモーキンビリー,6,58.0,39.7,39.4,3.0,0.52,1,0
202509010303,2025-03-08,,阪神,9,1200,グランドネビュラ,7,57.0,37.8,43.7,4.0,0.35,1,0
202509010303,2025-03-08,,阪神,9,1200,メイショウライズ,7,57.0,37.1,43.7,16.0,-0.35,0,0
202509010308,2025-03-08,,阪神,9,1200,ピリー,7,56.0,41.6,39.4,5.0,2.42,0,0
202509010308,2025-03-08,,阪神,9,1200,コートリーバウ,8,54.0,38.6,39.4,15.0,-0.58,0,0
202509010301,2025-03-08,,阪神,9,1400,エクラドネージュ,2,55.0,42.5,35.2,7.0,2.23,0,0
202509010301,2025-03-08,,阪神,9,1400,メルローズ,4,55.0,39.1,35.2,9.0,-1.17,1,0
202509010301,2025-03-08,,阪神,9,1400,メイショウバスク,6,55.0,39.2,35.2,9.0,-1.07,1,0
202509010302,2025-03-08,,阪神,9,1800,ダイシンレアレア,1,57.0,38.0,37.4,4.0,-0.92,0,0
202509010302,2025-03-08,,阪神,9,1800,リライトヒストリー,3,57.0,39.3,37.4,8.0,0.38,0,0
202509010302,2025-03-08,,阪神,9,1800,メイショウアイル,4,57.0,37.9,37.4,6.0,-1.02,0,0
202509010302,2025-03-08,,阪神,9,1800,バスキュラリティ,5,57.0,41.0,37.4,2.0,2.08,1,0
202509010302,2025-03-08,,阪神,9,1800,カコウガン,6,57.0,39.2,37.4,12.0,0.28,1,0
202509010304,2025-03-08,,阪神,9,1800,シホノペルフェット,6,57.0,38.2,37.1,8.0,-1.23,0,0
202509010304,2025-03-08,,阪神,9,1800,スーパージョック,7,57.0,38.6,37.1,4.0,-0.83,1,0
202509010302,2025-03-08,,阪神,9,1800,ピエナアイル,8,53.0,38.1,37.4,8.0,-0.82,1,0
202509010304,2025-03-08,,阪神,9,1800,レイナデアルシーラ,8,55.0,41.5,37.1,2.0,2.07,0,0
202506020203,2025-03-02,,中山,6,1200,ケイツーレウ,1,52.0,38.3,38.3,16.0,-0.8,1,0
202506020201,2025-03-02,,中山,6,1200,レオネッサ,2,52.0,40.0,39.0,9.0,0.95,1,0
202506020203,2025-03-02,,中山,6,1200,ランブータン,3,57.0,39.8,38.3,14.0,0.7,0,0
202506020212,2025-03-02,,中山,6,1200,フクノブルジュ,3,58.0,36.7,36.5,16.0,-0.8,1,0
202506020203,2025-03-02,,中山,6,1200,ブルーフラット,4,52.0,40.9,38.3,1.0,1.8,0,0
202506020212,2025-03-02,,中山,6,1200,ジェネラーレ,4,58.0,38.3,36.5,1.0,0.8,1,0
202506020201,2025-03-02,,中山,6,1200,ポートタウランガ,5,55.0,37.2,39.0,13.0,-1.85,1,0
202506020201,2025-03-02,,中山,6,1200,ユリオプスイエロー,6,52.0,40.7,39.0,7.0,1.65,1,0
202506020203,2025-03-02,,中山,6,1200,フレーズボンボン,6,55.0,37.4,38.3,11.0,-1.7,1,0
202506020201,2025-03-02,,中山,6,1200,ミートザターゲット,8,55.0,38.3,39.0,7.0,-0.75,1,0
202506020202,2025-03-02,,中山,6,1800,エポカリーナ,1,57.0,40.0,37.1,13.0,-2.66,0,0
202506020202,2025-03-02,,中山,6,1800,ヴァルトバーデン,1,54.0,47.3,37.1,14.0,4.64,0,0
202506020204,2025-03-02,,中山,6,1800,トリュフチョコ,2,55.0,40.9,37.6,9.0,-1.51,0,0
202506020204,2025-03-02,,中山,6,1800,イスラコラソン,2,55.0,43.2,37.6,3.0,0.79,0,0
202506020208,2025-03-02,,中山,6,1800,パルティーダ,2,58.0,40.1,35.6,14.0,-0.85,0,0
202506020204,2025-03-02,,中山,6,1800,カールルイコ,4,52.0,44.1,37.6,15.0,1.69,1,0
202506020206,2025-03-02,,中山,6,1800,ウィテカービート,4,57.0,38.8,37.9,14.0,0.15,1,0
202506020208,2025-03-02,,中山,6,1800,ジャミラヌール,4,56.0,41.8,35.6,11.0,0.85,1,0
202506020202,2025-03-02,,中山,6,1800,カシマスウィープ,5,52.0,44.0,37.1,5.0,1.34,1,0
202506020202,2025-03-02,,中山,6,1800,ペイシャヴァルワン,6,55.0,42.3,37.1,15.0,-0.36,0,0
202506020204,2025-03-02,,中山,6,1800,デルマアポロニア,6,55.0,39.7,37.6,2.0,-2.71,1,0
202506020204,2025-03-02,,中山,6,1800,プレシャスアセット,6,55.0,44.3,37.6,12.0,1.89,0,0
202506020202,2025-03-02,,中山,6,1800,オンクラウドナイン,7,57.0,40.7,37.1,1.0,-1.96,0,0
202506020202,2025-03-02,,中山,6,1800,シャイニーヒル,7,57.0,41.6,37.1,8.0,-1.06,0,0
202506020204,2025-03-02,,中山,6,1800,プルプレア,7,55.0,41.9,37.6,7.0,-0.51,1,0
202506020202,2025-03-02,,中山,6,1800,ジロラータ,8,57.0,42.7,37.1,8.0,0.04,1,0
202506020204,2025-03-02,,中山,6,1800,イデアブリランテ,8,55.0,42.8,37.6,15.0,0.39,0,0
202506020206,2025-03-02,,中山,6,1800,サムシャイン,8,57.0,38.5,37.9,2.0,-0.15,1,0
202509010212,2025-03-02,,阪神,9,1200,ターニングアップ,2,58.0,38.2,35.5,15.0,0.3,1,0
202509010204,2025-03-02,,阪神,9,1200,ヤマニンシュラ,4,54.0,37.3,38.0,2.0,0.0,1,0
202509010212,2025-03-02,,阪神,9,1200,レッドフランカー,4,58.0,37.6,35.5,13.0,-0.3,1,0
202509010202,2025-03-02,,阪神,9,1400,ナムラクレープ,3,52.0,39.2,38.8,16.0,-1.45,0,0
202509010202,2025-03-02,,阪神,9,1400,アンノドミニ,5,54.0,38.6,38.8,12.0,-2.05,0,0
202509010202,2025-03-02,,阪神,9,1400,セカンドフラッシュ,5,55.0,42.6,38.8,7.0,1.95,0,0
202509010207,2025-03-02,,阪神,9,1400,ノリピー,6,56.0,38.1,36.1,8.0,-0.25,1,0
202509010202,2025-03-02,,阪神,9,1400,メイショウタビズキ,7,57.0,39.9,38.8,11.0,-0.75,1,0
202509010207,2025-03-02,,阪神,9,1400,キガン,7,56.0,38.6,36.1,13.0,0.25,1,0
202509010202,2025-03-02,,阪神,9,1400,ポッドデューク,8,57.0,40.2,38.8,3.0,-0.45,1,0
202509010202,2025-03-02,,阪神,9,1400,サルファー,8,57.0,43.4,38.8,7.0,2.75,0,0
202509010201,2025-03-02,,阪神,9,1800,トーアグッドラック,3,54.0,38.6,37.8,8.0,-0.97,0,0
202509010201,2025-03-02,,阪神,9,1800,テイエムジェネラル,5,57.0,40.4,37.8,1.0,0.83,0,0
202509010201,2025-03-02,,阪神,9,1800,フーダオラ,7,57.0,39.7,37.8,12.0,0.13,1,0
202509010210,2025-03-02,,阪神,9,1800,ポッドロゴ,8,58.0,36.4,39.7,7.0,0.0,1,0
202509010203,2025-03-02,,阪神,9,2000,ジャスティンロング,1,57.0,39.2,32.4,8.0,-0.6,1,0
202509010203,2025-03-02,,阪神,9,2000,テーオーウィルソン,2,57.0,39.3,32.4,9.0,-0.5,1,0
202509010203,2025-03-02,,阪神,9,2000,エッグハント,6,57.0,41.9,32.4,1.0,2.1,1,0
202509010203,2025-03-02,,阪神,9,2000,スピントロニクス,7,57.0,40.8,32.4,2.0,1.0,1,0
202509010203,2025-03-02,,阪神,9,2000,サトノセーブル,8,57.0,38.7,32.4,2.0,-1.1,1,0
202509010203,2025-03-02,,阪神,9,2000,グレイルクエスト,8,57.0,38.9,32.4,4.0,-0.9,1,0
202506020102,2025-03-01,,中山,6,1200,デルマプルート,1,57.0,38.9,37.9,15.0,0.54,1,0
202506020110,2025-03-01,,中山,6,1200,ムーム,1,53.0,38.7,33.4,2.0,0.5,1,0
202506020102,2025-03-01,,中山,6,1200,グルナルーフス,3,57.0,38.6,37.9,10.0,0.24,1,0
202506020102,2025-03-01,,中山,6,1200,サマーツアー,4,57.0,38.3,37.9,8.0,-0.06,0,0
202506020108,2025-03-01,,中山,6,1200,コスモジョセフ,4,58.0,38.9,38.3,8.0,-1.15,1,0
202506020102,2025-03-01,,中山,6,1200,アラスカフレイバー,6,57.0,37.6,37.9,4.0,-0.76,1,0
202506020108,2025-03-01,,中山,6,1200,キョウエイディーズ,6,53.0,40.1,38.3,14.0,0.05,0,0
202506020102,2025-03-01,,中山,6,1200,ファリードゥーン,7,57.0,38.4,37.9,15.0,0.04,0,0
202506020110,2025-03-01,,中山,6,1200,アメリカンマーチ,7,56.0,37.6,33.4,5.0,-0.6,1,0
202506020108,2025-03-01,,中山,6,1200,アリュシナシオン,8,58.0,39.7,38.3,3.0,-0.35,1,0
202506020108,2025-03-01,,中山,6,1200,クラークテソーロ,8,58.0,41.5,38.3,6.0,1.45,1,0
202506020110,2025-03-01,,中山,6,1200,スマートアイ,8,54.0,38.3,33.4,8.0,0.1,1,0
202506020103,2025-03-01,,中山,6,1800,グラスビジョン,1,57.0,40.6,39.1,5.0,-1.12,0,0
202506020103,2025-03-01,,中山,6,1800,ノーブルシーズン,3,57.0,41.8,39.1,9.0,0.08,1,0
202506020104,2025-03-01,,中山,6,1800,セージグリーン,3,56.0,38.1,39.2,3.0,-1.28,1,0
202506020103,2025-03-01,,中山,6,1800,リリアンファスト,4,55.0,43.4,39.1,5.0,1.68,0,0
202506020112,2025-03-01,,中山,6,1800,ナンヨーヴィヨレ,4,57.0,39.3,38.2,7.0,0.33,0,0
202506020103,2025-03-01,,中山,6,1800,ファイアーワークス,5,57.0,41.3,39.1,2.0,-0.42,1,0
202506020104,2025-03-01,,中山,6,1800,キタノチェロキー,5,56.0,38.5,39.2,8.0,-0.88,0,0
202506020112,2025-03-01,,中山,6,1800,デルマタモン,5,58.0,37.5,38.2,9.0,-1.47,0,0
202506020101,2025-03-01,,中山,6,1800,ヨドノタイヨウ,6,57.0,40.2,37.1,9.0,0.0,0,0
202506020103,2025-03-01,,中山,6,1800,ワカムシャ,6,57.0,41.5,39.1,12.0,-0.22,1,0
202506020104,2025-03-01,,中山,6,1800,スパークタイムリー,7,55.0,38.9,39.2,8.0,-0.48,1,0
202506020104,2025-03-01,,中山,6,1800,ドゥムーラン,7,56.0,40.8,39.2,4.0,1.42,0,0
202506020112,2025-03-01,,中山,6,1800,ネバレチュゴー,7,58.0,40.1,38.2,12.0,1.13,0,0
202506020104,2025-03-01,,中山,6,1800,モダンフリンジ,8,52.0,40.6,39.2,12.0,1.22,1,0
202509010102,2025-03-01,,阪神,9,1200,スマートピリカ,1,52.0,40.7,41.4,14.0,0.85,0,0
202509010102,2025-03-01,,阪神,9,1200,シャインステラ,2,55.0,41.6,41.4,13.0,1.75,0,0
202509010102,2025-03-01,,阪神,9,1200,ミキノバカラ,6,56.0,39.2,41.4,4.0,-0.65,1,0
202509010102,2025-03-01,,阪神,9,1200,アーバンガール,7,55.0,37.9,41.4,16.0,-1.95,1,0
202509010104,2025-03-01,,阪神,9,1400,ガビーズブラザー,1,57.0,38.4,31.6,3.0,-1.2,1,0
202509010107,2025-03-01,,阪神,9,1400,バレル,1,58.0,37.9,33.4,4.0,-1.0,1,0
202509010104,2025-03-01,,阪神,9,1400,トラヴェリンバンド,2,57.0,39.0,31.6,5.0,-0.6,1,0
202509010104,2025-03-01,,阪神,9,1400,サヨノミッキー,3,57.0,38.9,31.6,8.0,-0.7,1,0
202509010107,2025-03-01,,阪神,9,1400,ミライハーモニー,3,53.0,39.9,33.4,1.0,1.0,1,0
202509010104,2025-03-01,,阪神,9,1400,ギザキズラヴ,4,55.0,41.8,31.6,1.0,2.2,0,0
202509010104,2025-03-01,,阪神,9,1400,モンサンヴデット,5,55.0,39.9,31.6,13.0,0.3,1,0
202509010101,2025-03-01,,阪神,9,1800,ケングロリア,1,52.0,40.9,35.0,9.0,-0.1,1,0
202509010108,2025-03-01,,阪神,9,1800,ノッテルーナ,1,53.0,37.9,33.9,10.0,0.0,0,0
202509010106,2025-03-01,,阪神,9,1800,マーベリックシチー,2,58.0,40.3,37.5,11.0,-0.6,0,0
202509010106,2025-03-01,,阪神,9,1800,タイキエルキーオ,3,58.0,41.5,37.5,16.0,0.6,0,0
202509010103,2025-03-01,,阪神,9,1800,ペグー,4,54.0,43.2,36.8,16.0,2.25,0,0
202509010101,2025-03-01,,阪神,9,1800,ライラックデューン,7,54.0,41.1,35.0,2.0,0.1,0,0
202509010103,2025-03-01,,阪神,9,1800,ジーヴル,7,57.0,39.4,36.8,15.0,-1.55,1,0
202509010103,2025-03-01,,阪神,9,1800,スカイアクセル,7,55.0,42.1,36.8,10.0,1.15,0,0
202509010103,2025-03-01,,阪神,9,1800,リリーライナー,8,57.0,39.1,36.8,13.0,-1.85,0,0
202509010111,2025-03-01,,阪神,9,2000,シゲルショウグン,3,56.0,42.8,34.5,3.0,3.22,0,0
202509010111,2025-03-01,,阪神,9,2000,リアレスト,4,56.0,41.0,34.5,9.0,1.42,0,0
202509010111,2025-03-01,,阪神,9,2000,バハルダール,6,57.0,38.3,34.5,14.0,-1.28,0,0
202509010111,2025-03-01,,阪神,9,2000,ゼットリアン,8,56.0,37.6,34.5,12.0,-1.98,1,0
202509010111,2025-03-01,,阪神,9,2000,カズペトシーン,8,57.0,38.2,34.5,12.0,-1.38,1,0
202505010801,2025-02-23,,東京,5,1400,ブルームノーズ,1,57.0,39.2,34.7,2.0,0.67,1,0
202505010803,2025-02-23,,東京,5,1400,ウインクレドール,3,57.0,38.3,37.2,14.0,0.47,1,0
202505010803,2025-02-23,,東京,5,1400,クルーンチャン,4,57.0,37.5,37.2,7.0,-0.33,1,0
202505010801,2025-02-23,,東京,5,1400,フェアゴー,5,57.0,36.6,34.7,14.0,-1.93,1,0
202505010803,2025-02-23,,東京,5,1400,ストラスモアローズ,6,55.0,37.7,37.2,7.0,-0.12,1,0
202505010803,2025-02-23,,東京,5,1400,グランラティーナ,7,55.0,37.8,37.2,16.0,-0.03,1,0
202505010801,2025-02-23,,東京,5,1400,グールマン,8,57.0,38.6,34.7,3.0,0.07,1,0
202505010801,2025-02-23,,東京,5,1400,ハーレムシャフル,8,57.0,39.7,34.7,5.0,1.17,0,0
202505010809,2025-02-23,,東京,5,1600,ダノンフィーゴ,4,57.0,36.7,35.9,2.0,0.1,1,0
202505010811,2025-02-23,,東京,5,1600,ドゥラエレーデ,4,58.0,37.0,35.2,7.0,0.0,1,0
202505010809,2025-02-23,,東京,5,1600,ドラゴン,5,57.0,35.9,35.9,7.0,-0.7,1,0
202505010809,2025-02-23,,東京,5,1600,エコロアゼル,6,57.0,37.2,35.9,2.0,0.6,1,0
202505010802,2025-02-23,,東京,5,2100,フラワーデュエット,1,54.0,38.4,36.0,11.0,-2.0,1,0
202505010802,2025-02-23,,東京,5,2100,シリウスライト,2,57.0,39.9,36.0,13.0,-0.5,0,0
202505010802,2025-02-23,,東京,5,2100,ジャスパー,2,57.0,42.6,36.0,13.0,2.2,0,0
202505010807,2025-02-23,,東京,5,2100,バナマンテソーロ,2,57.0,37.7,39.3,6.0,0.2,1,0
202505010802,2025-02-23,,東京,5,2100,スナドケイ,3,52.0,39.7,36.0,10.0,-0.7,1,0
202505010807,2025-02-23,,東京,5,2100,ティルドーン,6,58.0,37.6,39.3,4.0,0.1,0,0
202505010807,2025-02-23,,東京,5,2100,サムハンター,7,58.0,37.2,39.3,14.0,-0.3,1,0
202505010802,2025-02-23,,東京,5,2100,マードラド,8,57.0,41.4,36.0,13.0,1.0,0,0
202508010801,2025-02-23,,京都,8,1200,ブラックケリー,1,53.0,39.6,40.8,1.0,0.45,0,0
202508010801,2025-02-23,,京都,8,1200,アンジュフローラ,2,55.0,38.7,40.8,13.0,-0.45,1,0
202508010811,2025-02-23,,京都,8,1200,ボナンザ,3,57.0,35.4,33.6,6.0,-0.47,1,0
202508010811,2025-02-23,,京都,8,1200,クリノマジン,4,57.0,35.9,33.6,13.0,0.03,1,0
202508010811,2025-02-23,,京都,8,1200,メタマックス,6,58.0,36.3,33.6,8.0,0.43,1,0
202508010803,2025-02-23,,京都,8,1400,アーリドラータ,1,55.0,40.1,34.2,8.0,-0.77,0,0
202508010803,2025-02-23,,京都,8,1400,ジューンランド,1,55.0,40.9,34.2,11.0,0.03,1,0
202508010812,2025-02-23,,京都,8,1400,ヴィアドロローサ,4,58.0,40.6,35.3,9.0,0.0,0,0
202508010803,2025-02-23,,京都,8,1400,ザセンチュリー,6,57.0,41.6,34.2,4.0,0.73,1,0
202508010804,2025-02-23,,京都,8,1800,ボンジュルネ,1,57.0,39.7,40.3,2.0,0.73,0,0
202508010802,2025-02-23,,京都,8,1800,インターステラ,2,57.0,38.9,36.4,15.0,-0.23,0,0
202508010802,2025-02-23,,京都,8,1800,レイデラティエラ,3,57.0,38.7,36.4,7.0,-0.43,1,0
202508010808,2025-02-23,,京都,8,1800,サトノラッシュ,4,58.0,40.8,34.4,2.0,0.43,0,0
202508010802,2025-02-23,,京都,8,1800,ビップアリエル,5,55.0,39.8,36.4,11.0,0.67,1,0
202508010808,2025-02-23,,京都,8,1800,トモジャシャトー,5,57.0,39.2,34.4,6.0,-1.17,1,0
202508010808,2025-02-23,,京都,8,1800,ドゥラシェーナ,6,52.0,41.1,34.4,9.0,0.73,0,0
202508010804,2025-02-23,,京都,8,1800,ランスオブフェイス,7,54.0,38.3,40.3,4.0,-0.67,1,0
202508010804,2025-02-23,,京都,8,1800,エイカイラウール,8,55.0,38.9,40.3,9.0,-0.07,1,0
202505010707,2025-02-22,,東京,5,1400,モナコブル,1,58.0,37.2,36.2,5.0,-1.04,1,0
202505010701,2025-02-22,,東京,5,1400,アイアンオバーカム,2,55.0,37.8,36.9,3.0,-0.12,1,0
202505010702,2025-02-22,,東京,5,1400,ストップヤーニング,2,57.0,37.0,37.3,4.0,-1.54,1,0
202505010707,2025-02-22,,東京,5,1400,ジーティースピカ,2,56.0,38.4,36.2,16.0,0.16,0,0
202505010702,2025-02-22,,東京,5,1400,ゲイルライダー,3,56.0,37.7,37.3,1.0,-0.84,1,0
202505010707,2025-02-22,,東京,5,1400,アルヴァレス,3,58.0,39.8,36.2,2.0,1.56,0,0
202505010701,2025-02-22,,東京,5,1400,ラインアルテミス,4,55.0,37.5,36.9,3.0,-0.42,1,0
202505010702,2025-02-22,,東京,5,1400,リアルショット,4,57.0,38.7,37.3,10.0,0.16,1,0
202505010702,2025-02-22,,東京,5,1400,ウインギャラン,4,57.0,41.5,37.3,2.0,2.96,0,0
202505010701,2025-02-22,,東京,5,1400,アズーラ,5,55.0,39.4,36.9,11.0,1.48,0,0
202505010702,2025-02-22,,東京,5,1400,アルマグラース,5,55.0,37.8,37.3,16.0,-0.74,0,0
202505010701,2025-02-22,,東京,5,1400,ニューエラ,6,55.0,37.0,36.9,15.0,-0.92,1,0
202505010707,2025-02-22,,東京,5,1400,アルナイル,6,58.0,38.0,36.2,2.0,-0.24,1,0
202505010707,2025-02-22,,東京,5,1400,サイモンカーチス,8,58.0,37.8,36.2,11.0,-0.44,1,0
202505010712,2025-02-22,,東京,5,1600,ストロングブラック,1,58.0,39.6,35.6,7.0,-0.13,1,0
202505010704,2025-02-22,,東京,5,1600,ロジピエルフ,2,57.0,37.3,38.4,15.0,-0.37,0,0
202505010712,2025-02-22,,東京,5,1600,ヴィーゲイツ,2,56.0,38.3,35.6,13.0,-1.43,1,0
202505010704,2025-02-22,,東京,5,1600,マリノフレイヤ,4,55.0,37.5,38.4,7.0,-0.17,1,0
202505010703,2025-02-22,,東京,5,1600,リネンフラッシュ,6,57.0,39.0,36.7,8.0,0.3,1,0
202505010703,2025-02-22,,東京,5,1600,タイキオーベロン,7,56.0,38.4,36.7,4.0,-0.3,1,0
202505010704,2025-02-22,,東京,5,1600,ロコモーション,7,57.0,38.2,38.4,12.0,0.53,1,0
202505010712,2025-02-22,,東京,5,1600,アルプスオジョー,7,56.0,41.3,35.6,3.0,1.57,0,0
202505010710,2025-02-22,,東京,5,2100,ニューバラード,5,57.0,38.1,41.0,7.0,-1.0,0,0
202505010710,2025-02-22,,東京,5,2100,ティアップリオン,6,58.0,38.7,41.0,7.0,-0.4,1,0
202505010710,2025-02-22,,東京,5,2100,リフレクトザムーン,8,55.0,40.5,41.0,1.0,1.4,0,0
202505010711,2025-02-22,,東京,5,3400,オーロイプラータ,1,56.0,37.0,36.4,15.0,0.07,0,0
202505010711,2025-02-22,,東京,5,3400,サスツルギ,2,56.0,36.1,36.4,11.0,-0.83,1,0
202505010711,2025-02-22,,東京,5,3400,ジャンカズマ,3,54.0,35.4,36.4,2.0,-1.53,0,0
202505010711,2025-02-22,,東京,5,3400,ダンディズム,4,57.0,37.5,36.4,14.0,0.57,1,0
202505010711,2025-02-22,,東京,5,3400,ショウナンバシット,8,57.5,36.3,36.4,5.0,-0.63,0,0
202505010711,2025-02-22,,東京,5,3400,フタイテンロック,8,54.0,39.3,36.4,12.0,2.37,0,0
202508010702,2025-02-22,,京都,8,1200,アンピュルシオン,1,55.0,37.1,37.8,8.0,-0.1,1,0
202508010702,2025-02-22,,京都,8,1200,テイエムダイタカ,2,57.0,37.3,37.8,9.0,0.1,1,0
202508010707,2025-02-22,,京都,8,1200,チアフルヴォイス,7,56.0,37.0,38.7,7.0,0.1,1,0
202508010707,2025-02-22,,京都,8,1200,マイネルサンテ,8,58.0,36.8,38.7,10.0,-0.1,1,0
202508010704,2025-02-22,,京都,8,1400,サンマルノヴェル,2,56.0,39.0,36.2,2.0,-0.12,0,0
202508010704,2025-02-22,,京都,8,1400,セーデルマンランド,3,57.0,38.5,36.2,15.0,-0.62,0,0
202508010710,2025-02-22,,京都,8,1400,ギーロカスタル,3,55.0,37.4,37.3,13.0,0.3,1,0
202508010710,2025-02-22,,京都,8,1400,タマモダイジョッキ,4,57.0,36.8,37.3,8.0,-0.3,1,0
202508010704,2025-02-22,,京都,8,1400,エイシンマールス,6,57.0,39.2,36.2,4.0,0.08,1,0
202508010704,2025-02-22,,京都,8,1400,ナムラエミー,7,55.0,39.8,36.2,5.0,0.67,0,0
202508010701,2025-02-22,,京都,8,1800,レゲエパンチ,2,53.0,40.1,36.3,3.0,-0.1,1,0
202508010706,2025-02-22,,京都,8,1800,ロスティチェーレ,2,56.0,38.8,36.9,1.0,0.2,1,0
202508010706,2025-02-22,,京都,8,1800,シゲルオトヒメ,3,56.0,38.6,36.9,10.0,0.0,1,0
202508010701,2025-02-22,,京都,8,1800,リアルサファリ,5,55.0,39.0,36.3,5.0,-1.2,0,0
202508010701,2025-02-22,,京都,8,1800,サッポロキタコ,6,55.0,41.1,36.3,1.0,0.9,0,0
202508010706,2025-02-22,,京都,8,1800,タマモナポリ,6,55.0,38.4,36.9,2.0,-0.2,1,0
202508010712,2025-02-22,,京都,8,1800,メイショウトム,6,56.0,39.2,34.0,3.0,0.0,1,0
202508010701,2025-02-22,,京都,8,1800,グラブビクトリー,7,55.0,40.6,36.3,8.0,0.4,1,0
202508010703,2025-02-22,,京都,8,1900,アスクガンバーレ,4,57.0,39.1,35.8,10.0,-0.9,1,0
202508010703,2025-02-22,,京都,8,1900,ケイアイワイラーパ,5,57.0,39.2,35.8,6.0,-0.8,0,0
202508010703,2025-02-22,,京都,8,1900,ウォーターバンドル,8,57.0,41.7,35.8,7.0,1.7,0,0
202505010601,2025-02-16,,東京,5,1300,グラスティアラ,4,55.0,39.0,34.7,13.0,0.5,1,0
202505010601,2025-02-16,,東京,5,1300,ナックメテオ,4,57.0,39.3,34.7,16.0,0.8,0,0
202505010601,2025-02-16,,東京,5,1300,エイトビートレター,6,55.0,38.7,34.7,11.0,0.2,1,0
202505010601,2025-02-16,,東京,5,1300,ラストシャリナ,7,57.0,37.0,34.7,9.0,-1.5,1,0
202505010610,2025-02-16,,東京,5,1400,ゴールドパラディン,1,58.0,37.8,37.2,10.0,-0.2,1,0
202505010607,2025-02-16,,東京,5,1400,クイーンオブソウル,2,56.0,36.9,36.7,16.0,-0.65,0,0
202505010607,2025-02-16,,東京,5,1400,ニシノジーク,3,58.0,38.2,36.7,3.0,0.65,1,0
202505010612,2025-02-16,,東京,5,1400,トーセンサウダージ,3,58.0,35.5,37.8,9.0,-0.4,1,0
202505010612,2025-02-16,,東京,5,1400,ヴィブラツィオーネ,4,58.0,35.8,37.8,11.0,-0.1,1,0
202505010610,2025-02-16,,東京,5,1400,サンライズジーク,6,57.0,37.7,37.2,13.0,-0.3,1,0
202505010610,2025-02-16,,東京,5,1400,デュガ,6,58.0,39.8,37.2,7.0,1.8,0,0
202505010612,2025-02-16,,東京,5,1400,サイモンメガライズ,6,58.0,36.9,37.8,13.0,1.0,1,0
202505010612,2025-02-16,,東京,5,1400,リンクスルーファス,7,53.0,35.4,37.8,7.0,-0.5,1,0
202505010610,2025-02-16,,東京,5,1400,ロードヴァレンチ,8,58.0,36.7,37.2,2.0,-1.3,1,0
202505010603,2025-02-16,,東京,5,1600,ベネスピラ,1,57.0,38.0,38.6,2.0,-0.27,0,0
202505010603,2025-02-16,,東京,5,1600,ハットメリリー,1,52.0,38.2,38.6,8.0,-0.07,0,0
202505010604,2025-02-16,,東京,5,1600,ボルトテソーロ,2,57.0,37.2,35.6,9.0,-0.92,1,0
202505010603,2025-02-16,,東京,5,1600,フランコジャポネ,3,55.0,38.2,38.6,11.0,-0.07,1,0
202505010604,2025-02-16,,東京,5,1600,スワッガー,3,57.0,39.0,35.6,3.0,0.88,0,0
202505010604,2025-02-16,,東京,5,1600,マテンロウブレイブ,4,57.0,37.6,35.6,6.0,-0.52,0,0
202505010603,2025-02-16,,東京,5,1600,ノアヴィヴァーチェ,5,57.0,36.4,38.6,13.0,-1.87,1,0
202505010603,2025-02-16,,東京,5,1600,エイチエヌハーモニ,7,57.0,41.3,38.6,2.0,3.03,0,0
202505010604,2025-02-16,,東京,5,1600,パナランギン,7,57.0,38.7,35.6,10.0,0.58,0,0
202505010603,2025-02-16,,東京,5,1600,バスキュラリティ,8,57.0,37.5,38.6,8.0,-0.77,1,0
202505010602,2025-02-16,,東京,5,2100,ユイノレクター,1,57.0,37.8,35.2,5.0,-1.89,1,0
202505010602,2025-02-16,,東京,5,2100,キタノヴァルカン,2,57.0,41.4,35.2,8.0,1.71,0,0
202505010602,2025-02-16,,東京,5,2100,マインドミー,3,55.0,38.7,35.2,12.0,-0.99,1,0
202505010602,2025-02-16,,東京,5,2100,トーセンアシュリー,4,55.0,42.5,35.2,12.0,2.81,0,0
202505010602,2025-02-16,,東京,5,2100,ドラゴンラック,6,56.0,38.8,35.2,5.0,-0.89,0,0
202505010602,2025-02-16,,東京,5,2100,ムチャスエルテ,7,57.0,38.1,35.2,2.0,-1.59,0,0
202505010602,2025-02-16,,東京,5,2100,ユイットムーラン,8,54.0,40.5,35.2,9.0,0.81,1,0
202508010612,2025-02-16,,京都,8,1200,ミライテーラー,3,56.0,38.4,37.2,2.0,-0.3,1,0
202508010612,2025-02-16,,京都,8,1200,ホークレア,5,56.0,39.0,37.2,6.0,0.3,1,0
202508010603,2025-02-16,,京都,8,1400,コンドゥイア,4,55.0,38.5,41.0,11.0,-0.57,1,0
202508010603,2025-02-16,,京都,8,1400,シナモンショコラ,7,57.0,38.8,41.0,16.0,-0.27,1,0
202508010603,2025-02-16,,京都,8,1400,ピカッティー,8,55.0,39.9,41.0,3.0,0.83,1,0
202508010602,2025-02-16,,京都,8,1800,カウンティフェア,1,54.0,40.9,35.5,9.0,0.45,0,0
202508010607,2025-02-16,,京都,8,1800,デンタルフロス,1,55.0,39.0,35.8,13.0,-0.57,0,0
202508010602,2025-02-16,,京都,8,1800,ピエナアイル,2,57.0,39.9,35.5,4.0,-0.55,0,0
202508010602,2025-02-16,,京都,8,1800,クレスコドルフィン,4,57.0,40.1,35.5,7.0,-0.35,1,0
202508010607,2025-02-16,,京都,8,1800,セキセイ,6,55.0,41.4,35.8,11.0,1.83,0,0
202508010602,2025-02-16,,京都,8,1800,ペグー,7,55.0,40.9,35.5,5.0,0.45,1,0
202508010607,2025-02-16,,京都,8,1800,ポルトドール,7,58.0,38.3,35.8,4.0,-1.27,0,0
202508010610,2025-02-16,,京都,8,1800,ゼウスバイオ,7,58.0,38.8,36.3,5.0,0.85,1,0
202508010610,2025-02-16,,京都,8,1800,テリフィックプラン,8,57.0,37.1,36.3,7.0,-0.85,1,0
202508010601,2025-02-16,,京都,8,1900,ミナミジュウジセイ,6,56.0,42.5,32.3,9.0,1.3,1,0
202508010601,2025-02-16,,京都,8,1900,ジャスティンロング,8,57.0,39.9,32.3,6.0,-1.3,1,0
202510010803,2025-02-16,,小倉,10,1000,イナフセド,1,55.0,35.7,36.0,5.0,-0.05,1,0
202510010810,2025-02-16,,小倉,10,1000,タイセイアレス,1,58.0,35.6,32.9,4.0,-0.47,1,0
202510010803,2025-02-16,,小倉,10,1000,シャーンゴッセ,3,57.0,35.8,36.0,8.0,0.05,1,0
202510010810,2025-02-16,,小倉,10,1000,サイレンスゴールド,3,58.0,35.7,32.9,6.0,-0.37,1,0
202510010810,2025-02-16,,小倉,10,1000,テンクウフラワー,5,56.0,36.9,32.9,3.0,0.83,1,0
202510010801,2025-02-16,,小倉,10,1700,ミンストレルソング,2,53.0,42.5,37.1,15.0,1.78,0,0
202510010801,2025-02-16,,小倉,10,1700,ライラックデューン,3,51.0,38.4,37.1,13.0,-2.32,1,0
202510010808,2025-02-16,,小倉,10,1700,ミクロフィラム,5,53.0,40.3,36.0,14.0,1.17,0,0
202510010801,2025-02-16,,小倉,10,1700,ラインピクシー,7,55.0,41.2,37.1,16.0,0.48,0,0
202510010808,2025-02-16,,小倉,10,1700,ジェンマ,7,53.0,39.6,36.0,9.0,0.47,1,0
202510010801,2025-02-16,,小倉,10,1700,エファルジェント,8,55.0,40.8,37.1,11.0,0.08,0,0
202510010808,2025-02-16,,小倉,10,1700,ゴンドワナ,8,58.0,37.5,36.0,9.0,-1.63,1,0
202505010502,2025-02-15,,東京,5,1400,クレヨンポップ,1,57.0,37.6,39.4,8.0,-0.83,0,0
202505010501,2025-02-15,,東京,5,1400,シルフラ,2,55.0,40.5,37.8,1.0,0.82,0,0
202505010502,2025-02-15,,東京,5,1400,カークスマイル,2,54.0,39.9,39.4,15.0,1.47,0,0
202505010510,2025-02-15,,東京,5,1400,レッドラパルマ,2,58.0,36.8,37.9,7.0,-1.2,1,0
202505010510,2025-02-15,,東京,5,1400,ケイアイメープル,3,58.0,41.4,37.9,2.0,3.4,0,0
202505010501,2025-02-15,,東京,5,1400,ロジディーズ,4,55.0,42.5,37.8,16.0,2.82,0,0
202505010502,2025-02-15,,東京,5,1400,シャンドネージュ,4,55.0,37.8,39.4,13.0,-0.63,0,0
202505010501,2025-02-15,,東京,5,1400,ウインレアリゼ,5,55.0,38.6,37.8,9.0,-1.08,1,0
202505010501,2025-02-15,,東京,5,1400,キャンディブーケ,5,55.0,39.2,37.8,14.0,-0.48,1,0
202505010502,2025-02-15,,東京,5,1400,ロジアンドモルタル,5,57.0,37.2,39.4,7.0,-1.23,0,0
202505010502,2025-02-15,,東京,5,1400,ダークスピリット,5,54.0,38.7,39.4,14.0,0.27,0,0
202505010501,2025-02-15,,東京,5,1400,ユウオウマイシン,6,57.0,37.6,37.8,12.0,-2.08,1,0
202505010502,2025-02-15,,東京,5,1400,ハクシンアスリート,6,57.0,39.4,39.4,9.0,0.97,1,0
202505010510,2025-02-15,,東京,5,1400,アッチャゴーラ,8,58.0,35.8,37.9,11.0,-2.2,1,0
202505010503,2025-02-15,,東京,5,1600,キャピタルリッチ,3,57.0,37.0,35.8,16.0,-1.63,1,0
202505010503,2025-02-15,,東京,5,1600,スパイウェア,3,57.0,41.2,35.8,1.0,2.57,0,0
202505010503,2025-02-15,,東京,5,1600,クリプトス,4,57.0,37.7,35.8,5.0,-0.93,1,0
202505010508,2025-02-15,,東京,5,1600,ピコニ,5,58.0,41.3,34.7,1.0,2.4,0,0
202505010508,2025-02-15,,東京,5,1600,グリーンライズ,7,58.0,36.5,34.7,16.0,-2.4,0,0
202505010504,2025-02-15,,東京,5,2100,サトノバトラー,1,58.0,37.5,41.8,4.0,0.05,1,0
202505010504,2025-02-15,,東京,5,2100,アレスエルピーダ,2,57.0,37.4,41.8,15.0,-0.05,1,0
202508010505,2025-02-15,,京都,8,1200,チカクール,1,55.0,39.1,44.4,2.0,-0.56,1,0
202508010501,2025-02-15,,京都,8,1200,サマーブライド,2,55.0,36.4,39.6,15.0,-1.07,1,0
202508010505,2025-02-15,,京都,8,1200,ポジターノ,2,53.0,38.2,44.4,12.0,-1.46,1,0
202508010501,2025-02-15,,京都,8,1200,ジョーブラック,3,57.0,37.7,39.6,6.0,0.23,1,0
202508010505,2025-02-15,,京都,8,1200,ジューンシェイド,4,54.0,40.6,44.4,8.0,0.94,1,0
202508010505,2025-02-15,,京都,8,1200,ヨリナスウィート,5,55.0,41.2,44.4,8.0,1.54,1,0
202508010501,2025-02-15,,京都,8,1200,アスターディンブラ,8,57.0,38.3,39.6,13.0,0.83,1,0
202508010505,2025-02-15,,京都,8,1200,ウインクルホープ,8,55.0,39.2,44.4,12.0,-0.46,0,0
202508010503,2025-02-15,,京都,8,1400,リアルクィーン,1,55.0,37.8,34.7,12.0,-1.57,1,0
202508010507,2025-02-15,,京都,8,1400,スターメイデン,3,55.0,39.2,34.1,14.0,-0.1,1,0
202508010503,2025-02-15,,京都,8,1400,タマモスノーダンス,4,55.0,41.3,34.7,3.0,1.93,1,0
202508010503,2025-02-15,,京都,8,1400,ペイシャキセキ,6,55.0,39.0,34.7,6.0,-0.37,1,0
202508010507,2025-02-15,,京都,8,1400,ウインバリオス,6,58.0,39.1,34.1,14.0,-0.2,1,0
202508010507,2025-02-15,,京都,8,1400,ピストンボーイ,8,56.0,39.6,34.1,2.0,0.3,1,0
202508010504,2025-02-15,,京都,8,1800,サファイアブルー,4,57.0,42.4,37.0,5.0,1.2,1,0
202508010502,2025-02-15,,京都,8,1800,フェスティーヴォ,5,57.0,41.6,32.4,8.0,1.07,0,0
202508010502,2025-02-15,,京都,8,1800,サトノセーブル,7,57.0,39.2,32.4,3.0,-1.33,1,0
202508010502,2025-02-15,,京都,8,1800,ヤマワケ,8,57.0,40.8,32.4,3.0,0.27,1,0
202508010504,2025-02-15,,京都,8,1800,スコーピオンイメル,8,55.0,40.0,37.0,3.0,-1.2,1,0
202508010512,2025-02-15,,京都,8,1900,ジョータルマエ,2,58.0,39.8,36.8,2.0,0.2,1,0
202508010508,2025-02-15,,京都,8,1900,ニホンピロマリンバ,3,54.0,41.9,33.2,3.0,2.32,0,0
202508010512,2025-02-15,,京都,8,1900,ホルトバージ,4,57.0,38.6,36.8,2.0,-1.0,0,0
202508010508,2025-02-15,,京都,8,1900,ウォーターリーダー,5,58.0,38.3,33.2,5.0,-1.28,0,0
202508010508,2025-02-15,,京都,8,1900,バルダンツァ,6,56.0,38.2,33.2,7.0,-1.38,1,0
202508010508,2025-02-15,,京都,8,1900,ダノンケイツー,6,57.0,39.4,33.2,5.0,-0.18,0,0
202508010508,2025-02-15,,京都,8,1900,グランエシェゾー,8,55.0,40.1,33.2,10.0,0.52,0,0
202508010512,2025-02-15,,京都,8,1900,ダノンフロイデ,8,58.0,40.4,36.8,4.0,0.8,1,0
202510010703,2025-02-15,,小倉,10,1000,ソノバシノギ,8,51.0,38.3,36.3,1.0,0.0,1,0
202510010712,2025-02-15,,小倉,10,1700,エピファドール,2,55.0,38.6,33.0,5.0,0.27,1,0
202510010707,2025-02-15,,小倉,10,1700,ブラックドレス,4,52.0,38.9,35.8,1.0,0.0,1,0
202510010712,2025-02-15,,小倉,10,1700,マーベリックシチー,5,54.0,37.6,33.0,12.0,-0.73,1,0
202510010701,2025-02-15,,小倉,10,1700,カフジアッサム,7,57.0,40.3,36.2,7.0,0.0,0,0
202510010712,2025-02-15,,小倉,10,1700,アレナパラシオ,8,54.0,38.8,33.0,2.0,0.47,1,0
202508010309,2025-02-10,,京都,8,1200,ジュストコル,2,58.0,37.6,37.0,9.0,0.17,0,0
202508010309,2025-02-10,,京都,8,1200,エンヤラヴフェイス,3,58.0,35.7,37.0,13.0,-1.73,1,0
202508010309,2025-02-10,,京都,8,1200,アロットドリーム,5,56.0,39.0,37.0,2.0,1.57,0,0
202508010312,2025-02-10,,京都,8,1200,ニホンピロトッティ,5,56.0,37.3,38.5,4.0,-0.65,1,0
202508010312,2025-02-10,,京都,8,1200,タミゼ,5,56.0,38.6,38.5,5.0,0.65,1,0
202508010303,2025-02-10,,京都,8,1400,リメンバーヒム,5,56.0,37.7,35.2,9.0,0.0,0,0
202508010307,2025-02-10,,京都,8,1400,ルクスノア,6,56.0,38.2,33.4,12.0,-1.1,1,0
202508010307,2025-02-10,,京都,8,1400,ランスオブプライム,6,56.0,40.1,33.4,2.0,0.8,1,0
202508010307,2025-02-10,,京都,8,1400,アポロハクジャ,8,56.0,39.6,33.4,14.0,0.3,0,0
202508010301,2025-02-10,,京都,8,1800,ベイストラトラ,1,56.0,40.5,37.0,6.0,-0.1,0,0
202508010304,2025-02-10,,京都,8,1800,トゥライトゥーラ,1,57.0,39.6,36.3,10.0,-0.18,1,0
202508010304,2025-02-10,,京都,8,1800,ボンマティ,1,55.0,40.2,36.3,16.0,0.42,0,0
202508010304,2025-02-10,,京都,8,1800,アサガクル,3,55.0,40.3,36.3,6.0,0.52,1,0
202508010304,2025-02-10,,京都,8,1800,ミナミジュウジセイ,3,57.0,40.2,36.3,12.0,0.42,0,0
202508010301,2025-02-10,,京都,8,1800,モズシューター,4,57.0,38.9,37.0,8.0,-1.7,0,0
202508010304,2025-02-10,,京都,8,1800,シャオシンユン,4,55.0,39.4,36.3,2.0,-0.38,1,0
202508010304,2025-02-10,,京都,8,1800,ビップアリエル,4,55.0,40.3,36.3,15.0,0.52,1,0
202508010304,2025-02-10,,京都,8,1800,テーオーニュートン,5,57.0,38.7,36.3,6.0,-1.08,0,0
202508010304,2025-02-10,,京都,8,1800,フォルスマジック,5,57.0,40.9,36.3,12.0,1.12,0,0
202508010304,2025-02-10,,京都,8,1800,ボンズドゥッカ,6,57.0,40.1,36.3,5.0,0.32,0,0
202508010304,2025-02-10,,京都,8,1800,サッポロキタコ,7,55.0,38.1,36.3,3.0,-1.68,1,0
202508010301,2025-02-10,,京都,8,1800,アナポリス,8,57.0,42.4,37.0,10.0,1.8,0,0
202508010302,2025-02-10,,京都,8,1900,キタサンモンドー,1,57.0,43.3,34.6,1.0,2.27,0,0
202508010311,2025-02-10,,京都,8,1900,ダノンマデイラ,1,57.0,39.7,36.6,12.0,-0.03,0,0
202508010311,2025-02-10,,京都,8,1900,ピースオブザライフ,2,55.0,37.7,36.6,15.0,-2.03,0,0
202508010302,2025-02-10,,京都,8,1900,フクキタテーラー,6,55.0,39.7,34.6,4.0,-1.33,1,0
202508010302,2025-02-10,,京都,8,1900,ノーザトゥルース,6,52.0,40.5,34.6,9.0,-0.53,1,0
202508010311,2025-02-10,,京都,8,1900,アンデスビエント,6,54.0,41.8,36.6,7.0,2.07,0,0
202508010302,2025-02-10,,京都,8,1900,メイショウフソウ,7,57.0,40.6,34.6,8.0,-0.43,0,0
202505010408,2025-02-09,,東京,5,1300,ニジュウダンサー,6,56.0,38.2,35.0,3.0,0.0,0,0
202505010401,2025-02-09,,東京,5,1400,サルジュ,1,57.0,38.5,35.1,14.0,-0.42,1,0
202505010404,2025-02-09,,東京,5,1400,マルチタスク,1,56.0,39.7,34.9,11.0,0.92,1,0
202505010401,2025-02-09,,東京,5,1400,ノブダブルホワイト,2,57.0,39.6,35.1,5.0,0.68,1,0
202505010404,2025-02-09,,東京,5,1400,メイショウウメゴチ,2,55.0,37.7,34.9,5.0,-1.08,1,0
202505010401,2025-02-09,,東京,5,1400,サトノエバー,3,55.0,39.5,35.1,1.0,0.58,1,0
202505010401,2025-02-09,,東京,5,1400,コオリナラグーン,3,55.0,38.3,35.1,10.0,-0.62,1,0
202505010404,2025-02-09,,東京,5,1400,プレシャスアワーズ,3,57.0,40.2,34.9,9.0,1.42,1,0
202505010404,2025-02-09,,東京,5,1400,ヴレーデ,4,57.0,39.1,34.9,16.0,0.32,0,0
202505010401,2025-02-09,,東京,5,1400,ホープリュミエール,5,57.0,38.6,35.1,7.0,-0.32,0,0
202505010404,2025-02-09,,東京,5,1400,サンピラーゴールド,6,57.0,38.0,34.9,13.0,-0.78,0,0
202505010401,2025-02-09,,東京,5,1400,ワカギミ,7,57.0,39.0,35.1,16.0,0.08,0,0
202505010404,2025-02-09,,東京,5,1400,ブルームノーズ,7,57.0,38.0,34.9,7.0,-0.78,1,0
202505010403,2025-02-09,,東京,5,1600,コンティオ,2,55.0,38.4,34.0,7.0,-0.92,1,0
202505010412,2025-02-09,,東京,5,1600,オオタニサーン,2,58.0,38.6,34.3,8.0,0.0,0,0
202505010403,2025-02-09,,東京,5,1600,ブルージュ,4,55.0,38.5,34.0,1.0,-0.82,0,0
202505010403,2025-02-09,,東京,5,1600,スカーレットクロス,5,55.0,39.1,34.0,9.0,-0.22,0,0
202505010403,2025-02-09,,東京,5,1600,ベアパーフェクト,5,52.0,40.3,34.0,11.0,0.98,1,0
202505010403,2025-02-09,,東京,5,1600,トウテイラン,7,55.0,40.3,34.0,6.0,0.98,1,0
202505010402,2025-02-09,,東京,5,2100,ニシノジョバンニ,1,57.0,41.7,39.0,13.0,0.12,0,0
202505010402,2025-02-09,,東京,5,2100,カイトベルク,1,57.0,43.9,39.0,5.0,2.32,0,0
202505010402,2025-02-09,,東京,5,2100,プレイザットソング,3,57.0,40.4,39.0,9.0,-1.18,0,0
202505010402,2025-02-09,,東京,5,2100,キタノブレイク,4,54.0,39.7,39.0,5.0,-1.88,0,0
202505010402,2025-02-09,,東京,5,2100,スーパーホース,6,57.0,42.1,39.0,13.0,0.52,1,0
202505010402,2025-02-09,,東京,5,2100,マイネルジーニアス,8,57.0,41.7,39.0,3.0,0.12,1,0
202508010412,2025-02-09,,京都,8,1200,ヘルメース,1,56.0,41.1,37.9,2.0,1.3,0,0
202508010401,2025-02-09,,京都,8,1200,ウィズマイマミー,2,55.0,39.2,42.8,7.0,0.84,1,0
202508010412,2025-02-09,,京都,8,1200,カツラノキサノキ,2,58.0,39.2,37.9,7.0,-0.6,1,0
202508010410,2025-02-09,,京都,8,1200,マルモリスペシャル,3,56.0,37.4,34.6,7.0,0.53,1,0
202508010410,2025-02-09,,京都,8,1200,オセアダイナスティ,3,53.0,37.2,34.6,13.0,0.33,1,0
202508010401,2025-02-09,,京都,8,1200,ジャスミン,5,55.0,38.9,42.8,6.0,0.54,1,0
202508010401,2025-02-09,,京都,8,1200,キッスミーアイ,5,55.0,39.2,42.8,13.0,0.84,0,0
202508010401,2025-02-09,,京都,8,1200,ベルエアキング,6,57.0,37.3,42.8,3.0,-1.06,1,0
202508010410,2025-02-09,,京都,8,1200,バトゥーキ,6,56.0,36.0,34.6,7.0,-0.87,1,0
202508010412,2025-02-09,,京都,8,1200,ストームバンガード,6,58.0,39.1,37.9,2.0,-0.7,1,0
202508010401,2025-02-09,,京都,8,1200,ドゥドゥ,7,57.0,37.2,42.8,4.0,-1.16,0,0
202508010403,2025-02-09,,京都,8,1400,プルクワ,2,57.0,40.3,36.1,5.0,1.4,0,0
202508010403,2025-02-09,,京都,8,1400,ケイアイワカポノ,7,57.0,39.6,36.1,16.0,0.7,0,0
202508010403,2025-02-09,,京都,8,1400,ムギトルナ,8,57.0,37.7,36.1,3.0,-1.2,1,0
202508010403,2025-02-09,,京都,8,1400,アーリドラータ,8,57.0,38.0,36.1,6.0,-0.9,1,0
202508010407,2025-02-09,,京都,8,1800,モズバンディット,2,58.0,38.3,35.6,3.0,-0.64,1,0
202508010402,2025-02-09,,京都,8,1800,メイショウオハコ,4,55.0,40.7,37.3,11.0,-0.53,1,0
202508010404,2025-02-09,,京都,8,1800,ロードラビリンス,4,57.0,38.7,36.7,7.0,-0.42,1,0
202508010407,2025-02-09,,京都,8,1800,レリッシュ,4,55.0,40.8,35.6,9.0,1.86,0,0
202508010402,2025-02-09,,京都,8,1800,ナムラローラ,5,55.0,40.6,37.3,4.0,-0.63,0,0
202508010404,2025-02-09,,京都,8,1800,ナンヨーパワフル,5,57.0,39.2,36.7,1.0,0.08,0,0
202508010404,2025-02-09,,京都,8,1800,サマーナイト,6,57.0,41.0,36.7,2.0,1.88,0,0
202508010407,2025-02-09,,京都,8,1800,ユウトザキンパツ,6,55.0,39.5,35.6,5.0,0.56,0,0
202508010404,2025-02-09,,京都,8,1800,ブルックリンダンス,7,57.0,37.6,36.7,3.0,-1.52,1,0
202508010407,2025-02-09,,京都,8,1800,サーティファイド,7,58.0,37.4,35.6,9.0,-1.54,0,0
202508010402,2025-02-09,,京都,8,1800,クレベール,8,55.0,42.4,37.3,7.0,1.17,1,0
202508010407,2025-02-09,,京都,8,1800,キタサンシデン,8,57.0,38.7,35.6,5.0,-0.24,1,0
202510010603,2025-02-09,,小倉,10,1000,カシノベティ,1,52.0,36.7,40.7,13.0,-0.75,0,0
202510010603,2025-02-09,,小倉,10,1000,キーソナタ,6,55.0,38.2,40.7,5.0,0.75,1,0
202510010607,2025-02-09,,小倉,10,1700,コウセイマリア,2,53.0,39.1,37.9,9.0,-0.23,1,0
202510010607,2025-02-09,,小倉,10,1700,シュテルンロット,4,54.0,40.0,37.9,9.0,0.67,0,0
202510010610,2025-02-09,,小倉,10,1700,パフ,4,57.0,37.8,38.7,1.0,-1.0,1,0
202510010610,2025-02-09,,小倉,10,1700,アニトラ,4,56.0,39.8,38.7,10.0,1.0,1,0
202510010607,2025-02-09,,小倉,10,1700,サンダーアリュール,5,55.0,38.9,37.9,7.0,-0.43,1,0
202510010601,2025-02-09,,小倉,10,1700,ミルキーハニー,7,52.0,40.4,34.4,4.0,-0.6,1,0
202510010601,2025-02-09,,小倉,10,1700,サンピノン,7,54.0,41.6,34.4,15.0,0.6,0,0
202505010312,2025-02-08,,東京,5,1300,ガーデンプランナー,1,56.0,40.9,35.4,1.0,2.32,0,0
202505010312,2025-02-08,,東京,5,1300,エースアビリティ,2,58.0,36.3,35.4,16.0,-2.28,1,0
202505010302,2025-02-08,,東京,5,1300,セイウンオスミウム,3,57.0,41.9,35.4,12.0,2.55,0,0
202505010312,2025-02-08,,東京,5,1300,ゴレイジョウ,3,56.0,39.5,35.4,2.0,0.92,1,0
202505010302,2025-02-08,,東京,5,1300,ハクサンリバーブ,4,57.0,39.2,35.4,6.0,-0.15,1,0
202505010302,2025-02-08,,東京,5,1300,モモクロオー,5,56.0,38.0,35.4,13.0,-1.35,1,0
202505010312,2025-02-08,,東京,5,1300,エコロヴァルム,5,58.0,37.6,35.4,7.0,-0.98,1,0
202505010302,2025-02-08,,東京,5,1300,シアトルプリンセス,6,55.0,38.3,35.4,16.0,-1.05,0,0
202505010301,2025-02-08,,東京,5,1400,ベルツリー,1,55.0,39.5,35.4,14.0,0.78,1,0
202505010301,2025-02-08,,東京,5,1400,リコリスラジアータ,2,54.0,38.5,35.4,15.0,-0.22,1,0
202505010301,2025-02-08,,東京,5,1400,エスケンダンス,3,52.0,38.7,35.4,16.0,-0.02,1,0
202505010307,2025-02-08,,東京,5,1400,パシーヴ,3,57.0,37.9,36.2,10.0,-0.4,1,0
202505010301,2025-02-08,,東京,5,1400,シュレン,6,55.0,37.3,35.4,6.0,-1.42,0,0
202505010307,2025-02-08,,東京,5,1400,サウンドバッハ,6,54.0,38.7,36.2,13.0,0.4,1,0
202505010301,2025-02-08,,東京,5,1400,ピコグリーン,7,55.0,39.6,35.4,4.0,0.88,1,0
202505010304,2025-02-08,,東京,5,1600,ジャンビ,1,56.0,39.9,38.7,8.0,-0.27,1,0
202505010308,2025-02-08,,東京,5,1600,ショウナンカブト,3,58.0,36.9,38.5,7.0,0.0,1,0
202505010303,2025-02-08,,東京,5,1600,ミュージックマン,4,57.0,40.9,35.9,8.0,0.9,0,0
202505010303,2025-02-08,,東京,5,1600,ルナティックアイ,4,57.0,42.7,35.9,6.0,2.7,0,0
202505010303,2025-02-08,,東京,5,1600,プレミアブルー,5,57.0,41.3,35.9,6.0,1.3,1,0
202505010303,2025-02-08,,東京,5,1600,リンガスマイル,7,57.0,38.9,35.9,15.0,-1.1,1,0
202505010303,2025-02-08,,東京,5,1600,サトミノエンジェル,8,57.0,37.4,35.9,8.0,-2.6,0,0
202505010303,2025-02-08,,東京,5,1600,グラスビジョン,8,57.0,38.8,35.9,10.0,-1.2,0,0
202505010304,2025-02-08,,東京,5,1600,ネクストヒロイン,8,56.0,39.2,38.7,8.0,-0.97,0,0
202505010304,2025-02-08,,東京,5,1600,レジュークレール,8,55.0,41.4,38.7,5.0,1.23,0,0
202510010503,2025-02-08,,小倉,10,1000,タイキエルキーオ,2,58.0,36.5,36.7,10.0,0.0,0,0
202510010508,2025-02-08,,小倉,10,1700,ヤマカツレオン,1,58.0,38.3,37.6,11.0,-0.3,0,0
202510010501,2025-02-08,,小倉,10,1700,サファイアブルー,2,57.0,39.6,34.6,12.0,-0.53,1,0
202510010511,2025-02-08,,小倉,10,1700,リューデスハイム,3,55.0,38.7,34.7,9.0,0.45,1,0
202510010508,2025-02-08,,小倉,10,1700,バンベルク,4,57.0,41.1,37.6,12.0,2.5,0,0
202510010508,2025-02-08,,小倉,10,1700,アメリカンチーフ,5,57.0,37.7,37.6,3.0,-0.9,1,0
202510010501,2025-02-08,,小倉,10,1700,ジェバーダ,6,54.0,39.1,34.6,2.0,-1.03,0,0
202510010508,2025-02-08,,小倉,10,1700,ミスサラワク,6,52.0,38.2,37.6,14.0,-0.4,1,0
202510010511,2025-02-08,,小倉,10,1700,ダノンターキッシュ,6,53.0,37.8,34.7,9.0,-0.45,1,0
202510010508,2025-02-08,,小倉,10,1700,サンドブラスト,7,57.0,37.7,37.6,1.0,-0.9,1,0
202510010501,2025-02-08,,小倉,10,1700,ジューンアルテミス,8,55.0,41.7,34.6,7.0,1.57,0,0
202505010208,2025-02-02,,東京,5,1400,セントラルヴァレー,1,58.0,36.8,41.0,3.0,0.35,0,0
202505010211,2025-02-02,,東京,5,1400,ドンフランキー,1,57.0,39.5,33.9,1.0,1.56,1,0
202505010201,2025-02-02,,東京,5,1400,ジーティーグロウ,2,55.0,39.1,36.3,3.0,0.15,1,0
202505010208,2025-02-02,,東京,5,1400,フクノブルジュ,2,58.0,36.1,41.0,12.0,-0.35,1,0
202505010201,2025-02-02,,東京,5,1400,ミトノキャット,3,55.0,38.8,36.3,1.0,-0.15,1,0
202505010211,2025-02-02,,東京,5,1400,サンライズフレイム,3,57.0,38.0,33.9,2.0,0.06,1,0
202505010211,2025-02-02,,東京,5,1400,バルサムノート,3,57.0,40.0,33.9,6.0,2.06,0,0
202505010211,2025-02-02,,東京,5,1400,アルファマム,6,55.0,35.7,33.9,14.0,-2.24,1,0
202505010211,2025-02-02,,東京,5,1400,ロードフォンス,7,57.0,36.5,33.9,9.0,-1.44,0,0
202505010203,2025-02-02,,東京,5,1600,アセンブリールーム,1,57.0,40.0,35.0,12.0,0.5,0,0
202505010204,2025-02-02,,東京,5,1600,ジーティーカメリア,1,52.0,41.3,36.8,10.0,1.24,0,0
202505010207,2025-02-02,,東京,5,1600,ホウオウエニシ,1,58.0,40.6,36.8,8.0,-0.2,0,0
202505010204,2025-02-02,,東京,5,1600,エムティエスターテ,3,56.0,38.5,36.8,5.0,-1.56,1,0
202505010203,2025-02-02,,東京,5,1600,ラブリイビジョン,6,54.0,39.3,35.0,16.0,-0.2,1,0
202505010204,2025-02-02,,東京,5,1600,スーパーチャージ,7,57.0,39.3,36.8,15.0,-0.76,1,0
202505010204,2025-02-02,,東京,5,1600,スマイルインザサン,7,55.0,42.1,36.8,10.0,2.04,0,0
202505010207,2025-02-02,,東京,5,1600,ビーコング,7,58.0,39.9,36.8,5.0,-0.9,0,0
202505010203,2025-02-02,,東京,5,1600,アストラン,8,56.0,39.2,35.0,12.0,-0.3,0,0
202505010204,2025-02-02,,東京,5,1600,ノーブルジェネシス,8,57.0,39.1,36.8,13.0,-0.96,0,0
202505010207,2025-02-02,,東京,5,1600,トクシージェネラル,8,58.0,41.9,36.8,3.0,1.1,0,0
202505010202,2025-02-02,,東京,5,2100,ブリスキー,2,58.0,39.7,37.6,4.0,0.25,1,0
202505010202,2025-02-02,,東京,5,2100,マルチライセンス,3,57.0,39.7,37.6,11.0,0.25,0,0
202505010202,2025-02-02,,東京,5,2100,ラファールドール,4,57.0,39.0,37.6,13.0,-0.45,0,0
202505010202,2025-02-02,,東京,5,2100,ミッキーストライク,5,57.0,40.5,37.6,7.0,1.05,1,0
202505010202,2025-02-02,,東京,5,2100,ロフティーイデアル,6,56.0,39.8,37.6,2.0,0.35,1,0
202505010202,2025-02-02,,東京,5,2100,ノーマジック,7,55.0,39.7,37.6,14.0,0.25,0,0
202505010202,2025-02-02,,東京,5,2100,モーメントキャッチ,8,58.0,38.1,37.6,7.0,-1.35,1,0
202505010202,2025-02-02,,東京,5,2100,スターチョウサン,8,55.0,39.1,37.6,5.0,-0.35,1,0
202508010202,2025-02-02,,京都,8,1200,チュンビーム,7,55.0,39.8,39.4,2.0,0.0,0,0
202508010204,2025-02-02,,京都,8,1400,トゥロン,3,55.0,36.9,33.8,7.0,0.0,1,0
202508010208,2025-02-02,,京都,8,1400,レッドダンルース,5,58.0,37.2,33.5,5.0,-1.95,0,0
202508010208,2025-02-02,,京都,8,1400,ブライトルピナス,6,56.0,41.5,33.5,2.0,2.35,0,0
202508010208,2025-02-02,,京都,8,1400,アナスタシス,7,56.0,40.4,33.5,1.0,1.25,0,0
202508010208,2025-02-02,,京都,8,1400,キタノブライド,8,56.0,37.5,33.5,9.0,-1.65,0,0
202508010201,2025-02-02,,京都,8,1800,ノンスタンダルド,1,55.0,39.1,37.1,7.0,-2.52,1,0
202508010209,2025-02-02,,京都,8,1800,ルーパステソーロ,1,58.0,39.8,37.0,6.0,0.12,0,0
202508010201,2025-02-02,,京都,8,1800,レゲエパンチ,2,55.0,41.1,37.1,4.0,-0.52,0,0
202508010207,2025-02-02,,京都,8,1800,ピュアマークス,2,56.0,41.9,35.7,2.0,0.97,1,0
202508010201,2025-02-02,,京都,8,1800,フィヤール,3,55.0,42.0,37.1,6.0,0.38,0,0
202508010209,2025-02-02,,京都,8,1800,レッドリベルタ,3,57.0,38.5,37.0,9.0,-1.18,1,0
202508010201,2025-02-02,,京都,8,1800,シカレ,4,55.0,41.3,37.1,12.0,-0.32,1,0
202508010201,2025-02-02,,京都,8,1800,シャイニーカラーズ,5,55.0,43.0,37.1,11.0,1.38,1,0
202508010209,2025-02-02,,京都,8,1800,ジョータルマエ,5,58.0,38.7,37.0,1.0,-0.98,1,0
202508010201,2025-02-02,,京都,8,1800,バーミーズルビー,7,54.0,43.2,37.1,2.0,1.58,1,0
202508010207,2025-02-02,,京都,8,1800,タキ,7,57.0,39.3,35.7,12.0,-1.63,0,0
202508010207,2025-02-02,,京都,8,1800,マルモルミエール,7,58.0,41.6,35.7,10.0,0.67,0,0
202508010209,2025-02-02,,京都,8,1800,イモータルバード,7,57.0,42.3,37.0,2.0,2.62,0,0
202508010209,2025-02-02,,京都,8,1800,ダブルジョーク,8,58.0,39.1,37.0,6.0,-0.58,1,0
202510010403,2025-02-02,,小倉,10,1000,ダズリングダンス,7,58.0,35.3,40.1,2.0,0.0,1,0
202510010408,2025-02-02,,小倉,10,1700,ジュンベルベット,1,57.0,38.1,36.6,8.0,1.1,0,0
202510010411,2025-02-02,,小倉,10,1700,サーマルソアリング,1,56.0,36.9,35.3,2.0,-0.55,1,0
202510010401,2025-02-02,,小倉,10,1700,ザハント,3,57.0,38.2,36.9,4.0,-2.54,1,0
202510010401,2025-02-02,,小倉,10,1700,ハナウマビーチ,3,57.0,38.8,36.9,3.0,-1.94,1,0
202510010408,2025-02-02,,小倉,10,1700,ゴッドエスパーダ,3,57.0,36.0,36.6,4.0,-1.0,1,0
202510010411,2025-02-02,,小倉,10,1700,ペースセッティング,3,57.0,38.0,35.3,1.0,0.55,1,0
202510010401,2025-02-02,,小倉,10,1700,ドバイミッション,5,57.0,39.6,36.9,8.0,-1.14,0,0
202510010401,2025-02-02,,小倉,10,1700,ニシノカスガイ,6,51.0,43.0,36.9,14.0,2.26,0,0
202510010408,2025-02-02,,小倉,10,1700,ソニックステップ,6,57.0,36.1,36.6,4.0,-0.9,1,0
202510010408,2025-02-02,,小倉,10,1700,アルマグラース,7,55.0,37.8,36.6,4.0,0.8,0,0
202510010401,2025-02-02,,小倉,10,1700,ホウオウヘーゲル,8,56.0,44.1,36.9,12.0,3.36,0,0
202505010101,2025-02-01,,東京,5,1400,ボーマン,2,57.0,38.2,37.7,10.0,0.28,1,0
202505010107,2025-02-01,,東京,5,1400,ダイオジェナイト,2,58.0,36.9,35.3,7.0,-2.24,1,0
202505010101,2025-02-01,,東京,5,1400,レッドソニード,3,57.0,38.1,37.7,7.0,0.18,1,0
202505010107,2025-02-01,,東京,5,1400,ヤルダバオト,4,58.0,37.7,35.3,14.0,-1.44,1,0
202505010107,2025-02-01,,東京,5,1400,サリーチャン,5,56.0,41.9,35.3,5.0,2.76,0,0
202505010101,2025-02-01,,東京,5,1400,メイショウヒンカク,6,57.0,37.4,37.7,16.0,-0.52,1,0
202505010107,2025-02-01,,東京,5,1400,サンリコリス,7,56.0,37.8,35.3,7.0,-1.34,1,0
202505010101,2025-02-01,,東京,5,1400,フェンスブレイカー,8,57.0,38.0,37.7,2.0,0.08,1,0
202505010107,2025-02-01,,東京,5,1400,スピードパンサー,8,58.0,41.4,35.3,3.0,2.26,0,0
202505010104,2025-02-01,,東京,5,1600,アリオーンスマイル,1,57.0,39.0,35.2,12.0,1.37,1,0
202505010103,2025-02-01,,東京,5,1600,フィルトラージュ,2,55.0,38.2,37.2,16.0,-0.57,1,0
202505010103,2025-02-01,,東京,5,1600,ネクストダンサー,4,55.0,38.4,37.2,12.0,-0.37,1,0
202505010104,2025-02-01,,東京,5,1600,タガノバビロン,4,57.0,35.5,35.2,11.0,-2.13,1,0
202505010104,2025-02-01,,東京,5,1600,イッシンフラン,4,55.0,38.4,35.2,13.0,0.77,0,0
202505010103,2025-02-01,,東京,5,1600,ラッフルズドリーム,6,55.0,39.7,37.2,7.0,0.93,1,0
202505010102,2025-02-01,,東京,5,2100,ヘビーキュー,3,57.0,40.8,36.4,9.0,-0.63,0,0
202505010102,2025-02-01,,東京,5,2100,スペースリーガ,3,56.0,40.9,36.4,9.0,-0.53,1,0
202505010102,2025-02-01,,東京,5,2100,ワンダーレイザー,6,57.0,42.6,36.4,5.0,1.17,0,0
202508010101,2025-02-01,,京都,8,1200,リードプリンシパル,5,55.0,36.5,40.6,10.0,-1.25,1,0
202508010107,2025-02-01,,京都,8,1200,セントールビースト,5,55.0,37.1,38.7,2.0,-0.15,0,0
202508010101,2025-02-01,,京都,8,1200,プロメトル,8,55.0,39.0,40.6,3.0,1.25,1,0
202508010107,2025-02-01,,京都,8,1200,ケイアイマハナ,8,57.0,37.4,38.7,7.0,0.15,0,0
202508010103,2025-02-01,,京都,8,1400,サンライズプロミス,1,57.0,39.0,35.3,14.0,-0.7,1,0
202508010105,2025-02-01,,京都,8,1400,リライトヒストリー,1,57.0,40.6,35.4,11.0,1.35,0,0
202508010105,2025-02-01,,京都,8,1400,ナイスガイ,2,57.0,40.3,35.4,2.0,1.05,1,0
202508010103,2025-02-01,,京都,8,1400,スピードイエロー,3,54.0,37.8,35.3,6.0,-1.9,0,0
202508010105,2025-02-01,,京都,8,1400,ウォーターキリンジ,4,57.0,38.6,35.4,13.0,-0.65,1,0
202508010108,2025-02-01,,京都,8,1400,ウィービースティ,4,58.0,38.3,37.1,7.0,0.85,0,0
202508010103,2025-02-01,,京都,8,1400,マグナドムス,5,57.0,40.7,35.3,9.0,1.0,0,0
202508010105,2025-02-01,,京都,8,1400,ディアウス,6,57.0,37.5,35.4,9.0,-1.75,1,0
202508010105,2025-02-01,,京都,8,1400,タイセイアズーロ,7,55.0,38.6,35.4,7.0,-0.65,1,0
202508010105,2025-02-01,,京都,8,1400,サウンドアンフィニ,7,55.0,39.9,35.4,16.0,0.65,0,0
202508010103,2025-02-01,,京都,8,1400,アクロスザリバー,8,57.0,41.3,35.3,12.0,1.6,0,0
202508010108,2025-02-01,,京都,8,1400,イエスウィズキャン,8,58.0,36.6,37.1,5.0,-0.85,1,0
202508010102,2025-02-01,,京都,8,1800,スメラギ,1,57.0,39.5,35.1,1.0,0.14,1,0
202508010102,2025-02-01,,京都,8,1800,エムズドリーム,2,57.0,40.5,35.1,9.0,1.14,0,0
202508010102,2025-02-01,,京都,8,1800,ピストルスター,3,57.0,38.8,35.1,5.0,-0.56,1,0
202508010102,2025-02-01,,京都,8,1800,コスモナッシュビル,7,57.0,39.4,35.1,7.0,0.04,1,0
202508010102,2025-02-01,,京都,8,1800,ロックウイズユー,8,57.0,38.6,35.1,3.0,-0.76,1,0
202508010104,2025-02-01,,京都,8,1900,エンゲージプライド,1,57.0,40.5,33.3,2.0,1.2,0,0
202508010104,2025-02-01,,京都,8,1900,シャルクハフト,2,57.0,38.1,33.3,2.0,-1.2,0,0
202510010310,2025-02-01,,小倉,10,1000,アネモス,4,56.0,34.7,35.3,6.0,-1.23,0,0
202510010310,2025-02-01,,小倉,10,1000,セッテイロク,7,56.0,37.7,35.3,4.0,1.77,0,0
202510010301,2025-02-01,,小倉,10,1000,サファリ,8,57.0,39.3,33.0,3.0,-0.1,0,0
202510010301,2025-02-01,,小倉,10,1000,ミヤマイルス,8,55.0,39.5,33.0,2.0,0.1,1,0
202510010310,2025-02-01,,小倉,10,1000,ヒロノゴウカイ,8,58.0,35.4,35.3,11.0,-0.53,1,0
202510010309,2025-02-01,,小倉,10,1700,タガノチョコラータ,1,56.0,39.9,32.5,11.0,-0.13,1,0
202510010309,2025-02-01,,小倉,10,1700,スマートケープ,2,56.0,42.4,32.5,7.0,2.37,0,0
202510010309,2025-02-01,,小倉,10,1700,タガノアレハンドラ,3,56.0,38.1,32.5,11.0,-1.93,0,0
202510010303,2025-02-01,,小倉,10,1700,ニンギルス,5,58.0,39.0,38.2,10.0,0.0,1,0
202510010309,2025-02-01,,小倉,10,1700,ミヤジレガリア,8,56.0,39.7,32.5,4.0,-0.33,1,0
202510010203,2025-01-26,,小倉,10,1000,サザンレイク,5,56.0,36.1,37.2,9.0,-1.15,1,0
202510010203,2025-01-26,,小倉,10,1000,ケイパブル,7,52.0,38.4,37.2,11.0,1.15,0,0
202510010201,2025-01-26,,小倉,10,1700,エファルジェント,4,55.0,41.2,35.5,10.0,0.27,1,0
202510010201,2025-01-26,,小倉,10,1700,ラトラディシオン,5,51.0,41.1,35.5,12.0,0.17,1,0
202510010201,2025-01-26,,小倉,10,1700,ミルキーハニー,6,52.0,40.5,35.5,6.0,-0.43,1,0
202510010212,2025-01-26,,小倉,10,1700,リヤンドメテオール,8,55.0,39.4,37.5,5.0,0.0,0,0
202510010208,2025-01-26,,小倉,10,2400,アイファーキャップ,2,57.0,39.0,39.0,4.0,-2.3,0,0
202510010208,2025-01-26,,小倉,10,2400,サンノーブル,4,56.0,44.1,39.0,6.0,2.8,0,0
202510010208,2025-01-26,,小倉,10,2400,ダブルジャッジ,6,57.0,42.3,39.0,9.0,1.0,0,0
202510010208,2025-01-26,,小倉,10,2400,アスクヒロイズガイ,7,57.0,39.8,39.0,4.0,-1.5,1,0
202506010801,2025-01-25,,中山,6,1200,ミニョンマルーン,2,52.0,38.4,37.4,1.0,-0.53,1,0
202506010803,2025-01-25,,中山,6,1200,フューチャステップ,2,54.0,38.0,39.4,15.0,-0.57,1,0
202506010801,2025-01-25,,中山,6,1200,トレジャーハウス,3,55.0,39.8,37.4,10.0,0.87,1,0
202506010801,2025-01-25,,中山,6,1200,リクエイ,4,55.0,38.6,37.4,5.0,-0.33,1,0
202506010807,2025-01-25,,中山,6,1200,ローリーグローリー,5,56.0,37.5,34.6,15.0,-0.1,1,0
202506010807,2025-01-25,,中山,6,1200,セイゲン,5,58.0,37.7,34.6,13.0,0.1,1,0
202506010803,2025-01-25,,中山,6,1200,ナインオブレター,6,57.0,38.1,39.4,2.0,-0.47,1,0
202506010803,2025-01-25,,中山,6,1200,ジェイエルケープ,7,55.0,39.6,39.4,12.0,1.03,1,0
202506010806,2025-01-25,,中山,6,1800,ダンツファイター,1,57.0,39.1,37.8,3.0,-0.7,0,0
202506010806,2025-01-25,,中山,6,1800,ヒットミー,2,55.0,42.1,37.8,2.0,2.3,1,0
202506010804,2025-01-25,,中山,6,1800,アウフヴィント,3,55.0,40.9,36.6,9.0,-1.15,0,0
202506010804,2025-01-25,,中山,6,1800,ナムラローラ,3,55.0,42.2,36.6,7.0,0.15,0,0
202506010806,2025-01-25,,中山,6,1800,シャイニーシップ,3,57.0,38.2,37.8,4.0,-1.6,0,0
202506010808,2025-01-25,,中山,6,1800,キャストロペペ,3,57.0,39.0,36.5,1.0,-1.18,1,0
202506010802,2025-01-25,,中山,6,1800,ノーブルプライム,4,54.0,40.3,38.9,3.0,-0.27,0,0
202506010802,2025-01-25,,中山,6,1800,ゲンキイッパイ,4,54.0,41.7,38.9,12.0,1.13,0,0
202506010804,2025-01-25,,中山,6,1800,ビートウマザンマイ,4,54.0,40.2,36.6,5.0,-1.85,1,0
202506010802,2025-01-25,,中山,6,1800,スマートクオーレ,5,57.0,39.7,38.9,11.0,-0.87,1,0
202506010810,2025-01-25,,中山,6,1800,コスモオピニオン,5,58.0,39.8,35.6,5.0,1.15,0,0
202506010804,2025-01-25,,中山,6,1800,メイショウオハコ,6,55.0,40.3,36.6,13.0,-1.75,1,0
202506010804,2025-01-25,,中山,6,1800,ヨチヨチモンスター,6,55.0,44.9,36.6,10.0,2.85,0,0
202506010808,2025-01-25,,中山,6,1800,マコタイガ,7,57.0,38.4,36.5,9.0,-1.78,1,0
202506010810,2025-01-25,,中山,6,1800,レオカクテル,7,58.0,37.5,35.6,13.0,-1.15,1,0
202506010804,2025-01-25,,中山,6,1800,アルバーチョ,8,55.0,43.8,36.6,14.0,1.75,0,0
202506010808,2025-01-25,,中山,6,1800,ホウオウプレシャス,8,58.0,40.7,36.5,13.0,0.52,1,0
202506010808,2025-01-25,,中山,6,1800,ロクシアス,8,57.0,42.6,36.5,3.0,2.42,0,0
202507010801,2025-01-25,,中京,7,1200,クライスラー,2,53.0,37.9,39.3,2.0,-0.77,0,0
202507010801,2025-01-25,,中京,7,1200,チョウハクタカ,6,55.0,39.5,39.3,15.0,0.83,0,0
202507010801,2025-01-25,,中京,7,1200,フェイトライン,7,57.0,38.6,39.3,3.0,-0.07,0,0
202507010803,2025-01-25,,中京,7,1400,ミノリッチマイヤー,2,55.0,39.1,37.9,4.0,-1.05,0,0
202507010803,2025-01-25,,中京,7,1400,ブロンドエール,2,53.0,39.7,37.9,8.0,-0.45,1,0
202507010803,2025-01-25,,中京,7,1400,サンスノーホワイト,5,55.0,41.0,37.9,5.0,0.85,1,0
202507010808,2025-01-25,,中京,7,1400,コパノエビータ,5,55.0,36.6,34.8,14.0,-0.5,1,0
202507010808,2025-01-25,,中京,7,1400,タガノミスト,6,55.0,37.0,34.8,2.0,-0.1,1,0
202507010808,2025-01-25,,中京,7,1400,アルジェンタージョ,7,55.0,37.7,34.8,9.0,0.6,1,0
202507010803,2025-01-25,,中京,7,1400,テイエムパンサー,8,55.0,40.8,37.9,15.0,0.65,0,0
202507010802,2025-01-25,,中京,7,1800,トーラスキング,2,57.0,39.5,37.9,11.0,-1.78,0,0
202507010807,2025-01-25,,中京,7,1800,ミッキーストライク,2,57.0,37.5,37.0,13.0,-2.0,1,0
202507010802,2025-01-25,,中京,7,1800,エメラルドラグーン,3,57.0,40.5,37.9,6.0,-0.78,1,0
202507010802,2025-01-25,,中京,7,1800,メイショウスゴウデ,3,57.0,40.2,37.9,12.0,-1.08,1,0
202507010807,2025-01-25,,中京,7,1800,ピュアマークス,3,58.0,41.0,37.0,13.0,1.5,0,0
202507010802,2025-01-25,,中京,7,1800,メイショウカスガイ,4,57.0,42.2,37.9,12.0,0.92,0,0
202507010802,2025-01-25,,中京,7,1800,ソラムパレード,4,57.0,44.0,37.9,5.0,2.72,0,0
202507010804,2025-01-25,,中京,7,1800,ランツフート,5,57.0,38.8,38.2,7.0,-1.85,0,0
202507010804,2025-01-25,,中京,7,1800,ザセンチュリー,5,57.0,42.5,38.2,5.0,1.85,1,0
202507010807,2025-01-25,,中京,7,1800,サマーアゲイン,5,57.0,40.1,37.0,8.0,0.6,1,0
202507010807,2025-01-25,,中京,7,1800,ウィルソンウェイ,6,57.0,40.4,37.0,2.0,0.9,0,0
202507010807,2025-01-25,,中京,7,1800,キタサンシデン,7,56.0,38.5,37.0,12.0,-1.0,1,0
202507010811,2025-01-25,,中京,7,1900,サイモンザナドゥ,3,58.0,36.4,35.9,11.0,-2.2,0,0
202507010811,2025-01-25,,中京,7,1900,バリアントバイオ,5,58.0,37.8,35.9,12.0,-0.8,0,0
202507010811,2025-01-25,,中京,7,1900,カネトシブルーム,5,58.0,39.8,35.9,2.0,1.2,0,0
202507010811,2025-01-25,,中京,7,1900,ナリタフォルテ,8,58.0,40.4,35.9,8.0,1.8,0,0
202510010103,2025-01-25,,小倉,10,1000,サンムーン,1,55.0,37.0,36.6,10.0,0.1,0,0
202510010103,2025-01-25,,小倉,10,1000,キーソナタ,2,51.0,36.8,36.6,3.0,-0.1,1,0
202510010103,2025-01-25,,小倉,10,1000,キャリーグレイス,4,52.0,36.8,36.6,8.0,-0.1,1,0
202510010103,2025-01-25,,小倉,10,1000,プティコリーヌ,5,52.0,37.0,36.6,10.0,0.1,1,0
202510010101,2025-01-25,,小倉,10,1700,クロノスバレット,2,57.0,38.1,37.1,5.0,-1.38,0,0
202510010101,2025-01-25,,小倉,10,1700,エイヘンハールト,3,57.0,40.9,37.1,12.0,1.42,0,0
202510010108,2025-01-25,,小倉,10,1700,アンリーベイビー,3,55.0,38.2,36.6,11.0,-0.93,1,0
202510010101,2025-01-25,,小倉,10,1700,オドラニャソンソン,4,56.0,40.0,37.1,6.0,0.52,1,0
202510010108,2025-01-25,,小倉,10,1700,クインズアトリア,4,55.0,40.9,36.6,13.0,1.77,1,0
202510010101,2025-01-25,,小倉,10,1700,レッドヴァリアート,5,57.0,38.9,37.1,8.0,-0.58,1,0
202510010101,2025-01-25,,小倉,10,1700,ナムラフィクサー,5,57.0,40.1,37.1,10.0,0.62,0,0
202510010108,2025-01-25,,小倉,10,1700,イラーナ,5,55.0,38.3,36.6,5.0,-0.83,0,0
202510010101,2025-01-25,,小倉,10,1700,チュラビックタイム,6,57.0,38.9,37.1,6.0,-0.58,1,0
202506010701,2025-01-19,,中山,6,1200,ゴールドハンマー,1,55.0,37.2,37.4,11.0,-1.41,1,0
202506010701,2025-01-19,,中山,6,1200,ラヴィーズドリーム,1,55.0,38.9,37.4,14.0,0.29,1,0
202506010706,2025-01-19,,中山,6,1200,バニーラビット,1,57.0,38.2,35.5,15.0,-0.47,0,0
202506010710,2025-01-19,,中山,6,1200,エーティーマクフィ,1,57.0,36.2,31.0,12.0,0.0,1,0
202506010701,2025-01-19,,中山,6,1200,マンゲタック,2,55.0,39.1,37.4,6.0,0.49,1,0
202506010701,2025-01-19,,中山,6,1200,ロッカバイベイビー,4,53.0,38.6,37.4,8.0,-0.01,1,0
202506010701,2025-01-19,,中山,6,1200,ロッキンミー,6,52.0,38.6,37.4,2.0,-0.01,1,0
202506010706,2025-01-19,,中山,6,1200,ルークススペイ,6,57.0,38.0,35.5,2.0,-0.67,1,0
202506010701,2025-01-19,,中山,6,1200,サツキレジーナ,7,55.0,38.7,37.4,11.0,0.09,1,0
202506010701,2025-01-19,,中山,6,1200,バースフラワー,8,55.0,39.2,37.4,9.0,0.59,1,0
202506010706,2025-01-19,,中山,6,1200,ポミチョッタ,8,57.0,39.8,35.5,13.0,1.13,1,0
202506010703,2025-01-19,,中山,6,1800,アルデツヨシ,1,57.0,40.0,39.5,15.0,-1.2,1,0
202506010707,2025-01-19,,中山,6,1800,サンカルミア,1,57.0,40.9,39.5,13.0,1.0,1,0
202506010702,2025-01-19,,中山,6,1800,ユガフ,2,57.0,40.7,38.3,10.0,-0.42,1,0
202506010702,2025-01-19,,中山,6,1800,チャールズテソーロ,3,56.0,42.0,38.3,13.0,0.88,1,0
202506010702,2025-01-19,,中山,6,1800,ライズトゥザトップ,4,55.0,40.4,38.3,1.0,-0.73,0,0
202506010703,2025-01-19,,中山,6,1800,フィンガーダンシン,4,56.0,41.3,39.5,16.0,0.1,0,0
202506010707,2025-01-19,,中山,6,1800,モーメントキャッチ,4,58.0,38.7,39.5,8.0,-1.2,1,0
202506010702,2025-01-19,,中山,6,1800,ネバーランドリーム,5,51.0,41.4,38.3,14.0,0.27,0,0
202506010707,2025-01-19,,中山,6,1800,コレクテイニア,5,58.0,39.3,39.5,11.0,-0.6,1,0
202506010703,2025-01-19,,中山,6,1800,マジックスクロール,6,57.0,42.6,39.5,9.0,1.4,1,0
202506010707,2025-01-19,,中山,6,1800,ゴットリープ,7,58.0,40.7,39.5,7.0,0.8,0,0
202506010703,2025-01-19,,中山,6,1800,トーセンビギン,8,57.0,40.9,39.5,3.0,-0.3,1,0
202506010704,2025-01-19,,中山,6,2880,フォルコメン,6,60.0,14.0,40.8,10.0,-0.05,1,0
202506010704,2025-01-19,,中山,6,2880,クラウドクラスター,7,60.0,14.1,40.8,9.0,0.05,0,0
202507010701,2025-01-19,,中京,7,1200,バストス,1,55.0,39.7,36.3,8.0,1.4,1,0
202507010710,2025-01-19,,中京,7,1200,グランドエスケープ,2,58.0,36.0,34.0,15.0,-0.2,1,0
202507010701,2025-01-19,,中京,7,1200,ツーピース,6,55.0,37.8,36.3,4.0,-0.5,0,0
202507010710,2025-01-19,,中京,7,1200,ブルーノート,6,58.0,35.9,34.0,12.0,-0.3,1,0
202507010701,2025-01-19,,中京,7,1200,オッシレイション,7,55.0,37.4,36.3,16.0,-0.9,1,0
202507010706,2025-01-19,,中京,7,1200,ドンパッショーネ,8,57.0,38.5,35.1,2.0,0.0,1,0
202507010710,2025-01-19,,中京,7,1200,メイショウナナクサ,8,56.0,36.7,34.0,16.0,0.5,0,0
202507010703,2025-01-19,,中京,7,1400,キーチファイター,1,57.0,40.2,33.4,2.0,0.83,1,0
202507010703,2025-01-19,,中京,7,1400,エンジョイドライブ,2,57.0,38.6,33.4,4.0,-0.77,0,0
202507010708,2025-01-19,,中京,7,1400,モラトリアム,2,56.0,40.5,40.5,2.0,0.0,0,0
202507010703,2025-01-19,,中京,7,1400,ユアマイクラッシュ,6,57.0,39.3,33.4,13.0,-0.07,1,0
202507010702,2025-01-19,,中京,7,1800,アースグレーザー,2,57.0,38.3,39.0,5.0,-1.08,0,0
202507010702,2025-01-19,,中京,7,1800,ドラゴンテイラー,6,57.0,41.3,39.0,2.0,1.92,0,0
202507010702,2025-01-19,,中京,7,1800,ディープカインズ,7,57.0,38.5,39.0,10.0,-0.88,0,0
202507010702,2025-01-19,,中京,7,1800,テンダリー,8,54.0,39.4,39.0,13.0,0.02,0,0
202507010707,2025-01-19,,中京,7,1800,シンドリームシン,8,57.0,39.3,37.0,5.0,0.0,1,0
202507010704,2025-01-19,,中京,7,1900,マシェリアムール,3,55.0,39.5,40.6,10.0,-0.33,1,0
202507010704,2025-01-19,,中京,7,1900,テーオーウィルソン,6,57.0,40.0,40.6,6.0,0.17,0,0
202507010704,2025-01-19,,中京,7,1900,パーフェクト,7,55.0,40.0,40.6,2.0,0.17,0,0
202506010601,2025-01-18,,中山,6,1200,レイオーバー,1,57.0,38.1,40.1,4.0,0.0,1,0
202506010608,2025-01-18,,中山,6,1200,シルヴァーゴースト,2,53.0,38.6,36.3,7.0,0.0,1,0
202506010606,2025-01-18,,中山,6,1200,ケイトポムドゥパン,3,56.0,39.3,36.4,2.0,0.43,1,0
202506010606,2025-01-18,,中山,6,1200,オセアエクスプレス,5,58.0,38.0,36.4,4.0,-0.87,1,0
202506010606,2025-01-18,,中山,6,1200,ポケッティーノ,6,56.0,39.3,36.4,10.0,0.43,1,0
202506010602,2025-01-18,,中山,6,1800,マイネルジーニアス,1,57.0,41.8,38.4,2.0,0.27,0,0
202506010602,2025-01-18,,中山,6,1800,イトウ,1,57.0,41.0,38.4,14.0,-0.52,0,0
202506010602,2025-01-18,,中山,6,1800,リッキースタイル,2,57.0,39.8,38.4,5.0,-1.73,1,0
202506010602,2025-01-18,,中山,6,1800,ケアンズ,2,57.0,43.5,38.4,11.0,1.98,0,0
202506010603,2025-01-18,,中山,6,1800,ミッキーサンズ,2,57.0,41.3,40.1,10.0,0.32,1,0
202506010610,2025-01-18,,中山,6,1800,バンドマスター,3,57.0,39.0,35.9,2.0,-0.54,0,0
202506010610,2025-01-18,,中山,6,1800,ペンティメント,3,57.0,38.7,35.9,5.0,-0.84,1,0
202506010603,2025-01-18,,中山,6,1800,ペイシャリサデル,4,52.0,40.8,40.1,15.0,-0.18,0,0
202506010603,2025-01-18,,中山,6,1800,ワンダーレイザー,5,57.0,42.1,40.1,2.0,1.12,0,0
202506010610,2025-01-18,,中山,6,1800,オレデイイノカ,6,54.0,39.3,35.9,7.0,-0.24,1,0
202506010610,2025-01-18,,中山,6,1800,ロードマゼラン,7,56.0,38.4,35.9,14.0,-1.14,1,0
202506010610,2025-01-18,,中山,6,1800,フランスゴデイナ,7,56.0,42.3,35.9,14.0,2.76,0,0
202506010603,2025-01-18,,中山,6,1800,マウントバーノン,8,57.0,39.7,40.1,9.0,-1.27,0,0
202506010607,2025-01-18,,中山,6,1800,アヴィオンドール,8,56.0,41.2,38.0,5.0,0.0,0,0
202506010604,2025-01-18,,中山,6,2880,トラモント,6,60.0,13.9,40.8,8.0,0.0,0,0
202507010601,2025-01-18,,中京,7,1200,ヤマニンヒストリア,2,55.0,38.2,39.3,16.0,0.02,0,0
202507010601,2025-01-18,,中京,7,1200,マルモジーニー,3,55.0,38.7,39.3,13.0,0.52,0,0
202507010601,2025-01-18,,中京,7,1200,サファリ,5,57.0,38.2,39.3,1.0,0.02,1,0
202507010601,2025-01-18,,中京,7,1200,ゴッドトレジャー,6,57.0,37.6,39.3,15.0,-0.58,1,0
202507010608,2025-01-18,,中京,7,1200,ブルーデイジー,7,53.0,36.7,34.6,16.0,0.0,0,0
202507010603,2025-01-18,,中京,7,1400,メイショウツクモ,2,55.0,39.2,35.8,13.0,-0.5,0,0
202507010603,2025-01-18,,中京,7,1400,モンサンケイティ,3,55.0,40.7,35.8,11.0,1.0,1,0
202507010611,2025-01-18,,中京,7,1400,シゲルソロソロ,3,56.0,35.2,39.3,12.0,-1.65,1,0
202507010611,2025-01-18,,中京,7,1400,ラブコメディ,4,55.0,38.5,39.3,12.0,1.65,0,0
202507010603,2025-01-18,,中京,7,1400,ヴァレスカ,5,52.0,38.7,35.8,9.0,-1.0,0,0
202507010603,2025-01-18,,中京,7,1400,ダイメイハッピー,8,55.0,40.2,35.8,4.0,0.5,1,0
202507010602,2025-01-18,,中京,7,1800,ヒロノライジン,1,57.0,42.0,36.7,9.0,1.05,0,0
202507010602,2025-01-18,,中京,7,1800,ソードナイト,3,56.0,40.0,36.7,4.0,-0.95,0,0
202507010602,2025-01-18,,中京,7,1800,イダイ,5,56.0,40.4,36.7,6.0,-0.55,1,0
202507010602,2025-01-18,,中京,7,1800,タケルハーロック,6,57.0,39.3,36.7,1.0,-1.65,0,0
202507010602,2025-01-18,,中京,7,1800,マジカルレインボー,6,54.0,40.2,36.7,9.0,-0.75,1,0
202507010602,2025-01-18,,中京,7,1800,タガノミナミ,8,54.0,43.8,36.7,7.0,2.85,0,0
202507010607,2025-01-18,,中京,7,1900,アドマイヤソラ,3,58.0,37.6,32.4,8.0,-0.73,1,0
202507010607,2025-01-18,,中京,7,1900,ミントマーク,5,58.0,38.8,32.4,6.0,0.47,1,0
202507010607,2025-01-18,,中京,7,1900,アキミューミュー,8,55.0,38.6,32.4,1.0,0.27,1,0
202506010501,2025-01-13,,中山,6,1200,ビーラブドウィッチ,1,52.0,39.6,35.7,13.0,-0.1,1,0
202506010505,2025-01-13,,中山,6,1200,カコウガン,2,57.0,40.6,43.4,10.0,-0.02,1,0
202506010501,2025-01-13,,中山,6,1200,ラクスノカミカザリ,3,55.0,40.8,35.7,16.0,1.1,0,0
202506010501,2025-01-13,,中山,6,1200,ロベルタインパクト,4,52.0,38.9,35.7,10.0,-0.8,1,0
202506010501,2025-01-13,,中山,6,1200,ミキノオーボエ,6,55.0,39.5,35.7,12.0,-0.2,0,0
202506010505,2025-01-13,,中山,6,1200,フルールネージュ,6,55.0,40.9,43.4,12.0,0.27,1,0
202506010510,2025-01-13,,中山,6,1200,アロットドリーム,6,55.0,40.6,33.1,6.0,2.2,0,0
202506010505,2025-01-13,,中山,6,1200,コウユーウィズユー,7,55.0,41.4,43.4,6.0,0.77,0,0
202506010505,2025-01-13,,中山,6,1200,ウィルマテソーロ,8,55.0,39.6,43.4,6.0,-1.02,1,0
202506010510,2025-01-13,,中山,6,1200,エレガントムーン,8,52.0,37.5,33.1,7.0,-0.9,0,0
202506010510,2025-01-13,,中山,6,1200,グリュースゴット,8,54.0,37.1,33.1,14.0,-1.3,1,0
202506010503,2025-01-13,,中山,6,1800,ベアパーフェクト,1,52.0,42.1,37.1,13.0,-0.08,0,0
202506010503,2025-01-13,,中山,6,1800,カスカナノゾミ,1,55.0,43.1,37.1,16.0,0.92,0,0
202506010502,2025-01-13,,中山,6,1800,アースカムイ,2,57.0,45.5,37.4,7.0,2.67,0,0
202506010503,2025-01-13,,中山,6,1800,グランカッサ,2,55.0,43.1,37.1,5.0,0.92,1,0
202506010502,2025-01-13,,中山,6,1800,エコロカディス,3,57.0,41.5,37.4,1.0,-1.33,1,0
202506010508,2025-01-13,,中山,6,1800,サトノラッシュ,3,58.0,43.1,38.4,2.0,1.23,0,0
202506010502,2025-01-13,,中山,6,1800,ピジョンポイント,4,57.0,41.5,37.4,14.0,-1.33,1,0
202506010503,2025-01-13,,中山,6,1800,ヒサエノオモカゲ,5,55.0,41.1,37.1,2.0,-1.08,0,0
202506010503,2025-01-13,,中山,6,1800,アップライト,6,55.0,41.5,37.1,9.0,-0.68,1,0
202506010508,2025-01-13,,中山,6,1800,フリッパー,7,58.0,40.3,38.4,5.0,-1.57,0,0
202506010508,2025-01-13,,中山,6,1800,ドゥライト,8,58.0,42.2,38.4,13.0,0.33,0,0
202506010509,2025-01-13,,中山,6,2400,ラミアストラーダ,1,58.0,44.4,38.4,12.0,0.74,0,0
202506010509,2025-01-13,,中山,6,2400,トクシースタローン,2,58.0,40.9,38.4,7.0,-2.76,1,0
202506010509,2025-01-13,,中山,6,2400,コルデアニル,2,56.0,43.1,38.4,9.0,-0.56,0,0
202506010509,2025-01-13,,中山,6,2400,マウンテンエース,5,58.0,41.9,38.4,5.0,-1.76,1,0
202506010509,2025-01-13,,中山,6,2400,ハイランドリンクス,6,56.0,48.0,38.4,15.0,4.34,0,0
202506010504,2025-01-13,,中山,6,2880,メネラオス,2,59.0,13.9,41.0,9.0,0.1,0,0
202506010504,2025-01-13,,中山,6,2880,カルマンフィルター,3,59.0,13.7,41.0,2.0,-0.1,0,0
202506010504,2025-01-13,,中山,6,2880,フジフォンテ,5,60.0,13.8,41.0,7.0,0.0,1,0
202507010504,2025-01-13,,中京,7,1200,キャットサンライズ,1,55.0,40.1,41.4,1.0,1.77,0,0
202507010504,2025-01-13,,中京,7,1200,テリオスミナ,7,55.0,36.9,41.4,13.0,-1.43,0,0
202507010504,2025-01-13,,中京,7,1200,コルヴィーナ,8,51.0,38.0,41.4,7.0,-0.33,1,0
202507010506,2025-01-13,,中京,7,1400,アートフォーム,2,53.0,37.9,35.4,16.0,-1.38,1,0
202507010506,2025-01-13,,中京,7,1400,マキバシラ,2,53.0,39.4,35.4,15.0,0.12,1,0
202507010502,2025-01-13,,中京,7,1400,ボーヌロマネ,3,57.0,37.5,35.3,9.0,-1.43,1,0
202507010509,2025-01-13,,中京,7,1400,アンジュフィールド,3,56.0,37.7,38.0,1.0,0.1,1,0
202507010502,2025-01-13,,中京,7,1400,リトルサムシング,5,57.0,40.6,35.3,4.0,1.67,1,0
202507010509,2025-01-13,,中京,7,1400,リジル,5,55.0,37.5,38.0,2.0,-0.1,1,0
202507010502,2025-01-13,,中京,7,1400,テーオートムソン,6,57.0,39.2,35.3,4.0,0.27,0,0
202507010506,2025-01-13,,中京,7,1400,ドナアフロディテ,6,55.0,39.6,35.4,7.0,0.32,1,0
202507010502,2025-01-13,,中京,7,1400,ホウショウマリス,7,55.0,38.4,35.3,4.0,-0.53,1,0
202507010506,2025-01-13,,中京,7,1400,ベレニーチェ,7,55.0,38.9,35.4,1.0,-0.38,1,0
202507010506,2025-01-13,,中京,7,1400,ジェニファー,8,55.0,40.6,35.4,2.0,1.32,1,0
202507010501,2025-01-13,,中京,7,1800,デザフィアドール,1,55.0,41.8,39.0,11.0,0.24,1,0
202507010501,2025-01-13,,中京,7,1800,レイバックスピン,2,55.0,44.4,39.0,1.0,2.84,0,0
202507010501,2025-01-13,,中京,7,1800,アスターシッキム,3,55.0,40.1,39.0,4.0,-1.46,1,0
202507010501,2025-01-13,,中京,7,1800,ノボリユーミン,4,55.0,40.9,39.0,13.0,-0.66,0,0
202507010501,2025-01-13,,中京,7,1800,オリビアサンライズ,5,55.0,39.3,39.0,8.0,-2.26,1,0
202507010501,2025-01-13,,中京,7,1800,メイショウヤマハギ,6,54.0,42.5,39.0,16.0,0.94,0,0
202507010501,2025-01-13,,中京,7,1800,ゴールドシリカ,8,53.0,41.9,39.0,13.0,0.34,1,0
202507010508,2025-01-13,,中京,7,1900,ヴァズレーヌ,1,55.0,39.1,35.1,10.0,-0.72,1,0
202507010503,2025-01-13,,中京,7,1900,ハルフロンティア,3,57.0,41.0,33.6,2.0,0.56,1,0
202507010503,2025-01-13,,中京,7,1900,テルアスワッド,4,57.0,40.1,33.6,5.0,-0.34,0,0
202507010508,2025-01-13,,中京,7,1900,ヴィアダクト,4,57.0,40.2,35.1,16.0,0.38,0,0
202507010508,2025-01-13,,中京,7,1900,キングリスティア,5,54.0,41.0,35.1,14.0,1.18,1,0
202507010503,2025-01-13,,中京,7,1900,オーレアミスト,6,57.0,38.3,33.6,6.0,-2.14,1,0
202507010508,2025-01-13,,中京,7,1900,ロードインフェルノ,6,57.0,39.3,35.1,10.0,-0.52,1,0
202507010508,2025-01-13,,中京,7,1900,レグロスヴァーグ,6,57.0,39.5,35.1,15.0,-0.32,1,0
202507010503,2025-01-13,,中京,7,1900,ランドプリメーロ,7,57.0,42.5,33.6,8.0,2.06,0,0
202507010503,2025-01-13,,中京,7,1900,タガノビギニング,8,55.0,40.3,33.6,12.0,-0.14,1,0
202506010403,2025-01-12,,中山,6,1200,フェリスナビダ,1,55.0,39.3,40.4,8.0,0.53,1,0
202506010403,2025-01-12,,中山,6,1200,アイファーリーオー,1,54.0,38.7,40.4,16.0,-0.07,1,0
202506010412,2025-01-12,,中山,6,1200,バンドールロゼ,1,58.0,37.4,32.4,8.0,-0.65,1,0
202506010406,2025-01-12,,中山,6,1200,オコジュ,2,56.0,39.8,36.2,3.0,0.35,0,0
202506010401,2025-01-12,,中山,6,1200,ヒカリスペクトル,3,57.0,38.6,38.5,16.0,0.45,0,0
202506010412,2025-01-12,,中山,6,1200,テセラリアン,3,56.0,37.1,32.4,2.0,-0.95,1,0
202506010412,2025-01-12,,中山,6,1200,ペイシャカレン,4,56.0,40.1,32.4,1.0,2.05,0,0
202506010401,2025-01-12,,中山,6,1200,アイアンソリッド,5,55.0,37.7,38.5,6.0,-0.45,1,0
202506010403,2025-01-12,,中山,6,1200,アルパインハット,5,55.0,38.3,40.4,5.0,-0.47,1,0
202506010412,2025-01-12,,中山,6,1200,ペプチドシュチク,6,56.0,37.6,32.4,7.0,-0.45,1,0
202506010406,2025-01-12,,中山,6,1200,バルサミコ,7,56.0,39.1,36.2,3.0,-0.35,1,0
202506010402,2025-01-12,,中山,6,1800,ゴットランド,1,57.0,41.4,36.3,2.0,-0.53,1,0
202506010402,2025-01-12,,中山,6,1800,ネオディヤマンテ,1,57.0,43.8,36.3,6.0,1.87,0,0
202506010410,2025-01-12,,中山,6,1800,グリューヴルム,1,57.0,37.5,35.7,8.0,-0.1,1,0
202506010404,2025-01-12,,中山,6,1800,グレイテストソング,2,57.0,38.5,36.8,6.0,-3.44,0,0
202506010408,2025-01-12,,中山,6,1800,シークレットマター,2,54.0,44.9,36.9,13.0,3.73,0,0
202506010408,2025-01-12,,中山,6,1800,キタノライジン,3,57.0,40.2,36.9,14.0,-0.97,0,0
202506010404,2025-01-12,,中山,6,1800,ジェイエルライナー,4,55.0,43.5,36.8,8.0,1.56,1,0
202506010402,2025-01-12,,中山,6,1800,ハルノアラシ,5,57.0,39.6,36.3,3.0,-2.33,0,0
202506010404,2025-01-12,,中山,6,1800,キタノマーシャル,5,55.0,41.6,36.8,14.0,-0.34,0,0
202506010404,2025-01-12,,中山,6,1800,フランクテソーロ,5,57.0,43.0,36.8,9.0,1.06,1,0
202506010410,2025-01-12,,中山,6,1800,ブリッツファング,5,57.0,38.3,35.7,14.0,0.7,0,0
202506010402,2025-01-12,,中山,6,1800,モンサンプレシャス,6,57.0,42.1,36.3,9.0,0.17,0,0
202506010408,2025-01-12,,中山,6,1800,イデアユウシン,6,58.0,38.7,36.9,8.0,-2.47,1,0
202506010408,2025-01-12,,中山,6,1800,サイモンプレジール,6,57.0,43.0,36.9,14.0,1.83,0,0
202506010402,2025-01-12,,中山,6,1800,エテオクロス,7,57.0,44.8,36.3,5.0,2.87,1,0
202506010408,2025-01-12,,中山,6,1800,フェルメール,7,57.0,39.6,36.9,7.0,-1.57,1,0
202506010408,2025-01-12,,中山,6,1800,ジャクソン,7,58.0,40.6,36.9,3.0,-0.57,1,0
202506010402,2025-01-12,,中山,6,1800,オオタチ,8,57.0,39.9,36.3,6.0,-2.03,0,0
202506010404,2025-01-12,,中山,6,1800,アタゴバリュー,8,55.0,43.1,36.8,15.0,1.16,0,0
202506010410,2025-01-12,,中山,6,1800,ハビレ,8,56.0,37.0,35.7,4.0,-0.6,1,0
202507010403,2025-01-12,,中京,7,1200,マローソ,2,55.0,38.4,39.0,3.0,-0.83,1,0
202507010408,2025-01-12,,中京,7,1200,サンライズプルート,2,58.0,36.7,36.9,11.0,-0.12,1,0
202507010408,2025-01-12,,中京,7,1200,アナレクタ,3,58.0,37.3,36.9,12.0,0.48,1,0
202507010403,2025-01-12,,中京,7,1200,サンムーン,4,55.0,40.6,39.0,3.0,1.37,0,0
202507010408,2025-01-12,,中京,7,1200,ニホンピロトッティ,6,55.0,36.1,36.9,1.0,-0.72,1,0
202507010408,2025-01-12,,中京,7,1200,ワンリオン,6,58.0,36.7,36.9,13.0,-0.12,1,0
202507010403,2025-01-12,,中京,7,1200,パイソン,7,55.0,38.7,39.0,6.0,-0.53,1,0
202507010408,2025-01-12,,中京,7,1200,ルージュレベッカ,7,56.0,37.9,36.9,16.0,1.08,0,0
202507010408,2025-01-12,,中京,7,1200,ナンヨークリスタル,8,58.0,36.2,36.9,7.0,-0.62,1,0
202507010407,2025-01-12,,中京,7,1400,サノノワンダー,1,56.0,37.2,35.0,7.0,-1.42,1,0
202507010407,2025-01-12,,中京,7,1400,ケイアイマハナ,2,57.0,38.2,35.0,7.0,-0.42,1,0
202507010402,2025-01-12,,中京,7,1400,バルミラクル,3,57.0,38.2,35.0,9.0,-0.45,0,0
202507010407,2025-01-12,,中京,7,1400,スカイブルー,3,57.0,37.8,35.0,1.0,-0.82,0,0
202507010407,2025-01-12,,中京,7,1400,トウタツ,4,57.0,38.2,35.0,15.0,-0.42,1,0
202507010402,2025-01-12,,中京,7,1400,アイルビリーヴ,5,57.0,39.1,35.0,9.0,0.45,1,0
202507010407,2025-01-12,,中京,7,1400,シャドウキャッスル,7,57.0,39.7,35.0,2.0,1.08,0,0
202507010407,2025-01-12,,中京,7,1400,ミッドナイトゲイル,8,53.0,40.6,35.0,9.0,1.98,0,0
202507010401,2025-01-12,,中京,7,1800,レッドボブ,2,57.0,38.6,34.6,2.0,-0.03,0,0
202507010401,2025-01-12,,中京,7,1800,アルムウーリエ,2,57.0,39.1,34.6,16.0,0.47,1,0
202507010405,2025-01-12,,中京,7,1800,ロロノア,2,57.0,39.4,35.9,11.0,-1.72,1,0
202507010405,2025-01-12,,中京,7,1800,ビリオネアボーイ,3,57.0,42.0,35.9,5.0,0.88,0,0
202507010405,2025-01-12,,中京,7,1800,リュウジンオー,4,57.0,40.4,35.9,3.0,-0.72,0,0
202507010405,2025-01-12,,中京,7,1800,アイファージェット,4,57.0,41.7,35.9,16.0,0.58,1,0
202507010405,2025-01-12,,中京,7,1800,スコーピオンイメル,5,57.0,42.1,35.9,7.0,0.98,1,0
202507010401,2025-01-12,,中京,7,1800,メイショウゲキハ,6,57.0,38.2,34.6,12.0,-0.43,0,0
202507010405,2025-01-12,,中京,7,1800,アスクアットバット,7,56.0,41.1,35.9,1.0,-0.02,1,0
202507010409,2025-01-12,,中京,7,1900,グランオース,6,57.0,39.5,37.0,10.0,-0.1,1,0
202507010409,2025-01-12,,中京,7,1900,ヒルノデプラーツ,7,58.0,39.2,37.0,3.0,-0.4,1,0
202507010409,2025-01-12,,中京,7,1900,スタボーンイメル,7,58.0,40.1,37.0,3.0,0.5,1,0
202506010301,2025-01-11,,中山,6,1200,アイビースピネル,1,57.0,42.4,37.9,7.0,2.56,1,0
202506010304,2025-01-11,,中山,6,1200,リュウノシャモニー,1,55.0,39.5,36.9,15.0,0.38,0,0
202506010304,2025-01-11,,中山,6,1200,シアトルプリンセス,2,55.0,38.4,36.9,13.0,-0.72,1,0
202506010301,2025-01-11,,中山,6,1200,テントウムシサンバ,3,52.0,39.4,37.9,16.0,-0.44,0,0
202506010301,2025-01-11,,中山,6,1200,ハクサンリンド,4,55.0,38.5,37.9,11.0,-1.34,0,0
202506010301,2025-01-11,,中山,6,1200,シュレン,5,55.0,37.7,37.9,7.0,-2.14,1,0
202506010304,2025-01-11,,中山,6,1200,フェアリオンアイス,5,55.0,39.4,36.9,10.0,0.28,1,0
202506010301,2025-01-11,,中山,6,1200,マカニ,6,55.0,41.2,37.9,2.0,1.36,0,0
202506010304,2025-01-11,,中山,6,1200,エスシーボニー,6,55.0,40.2,36.9,5.0,1.08,1,0
202506010308,2025-01-11,,中山,6,1200,ジェイエルトランス,7,56.0,36.9,35.6,14.0,0.0,1,0
202506010304,2025-01-11,,中山,6,1200,ハイエンドモデル,8,55.0,38.1,36.9,4.0,-1.02,1,0
202506010302,2025-01-11,,中山,6,1800,エルバステラ,1,55.0,41.6,35.1,4.0,0.1,1,0
202506010309,2025-01-11,,中山,6,1800,レッドベルダンス,1,57.0,40.1,34.6,11.0,-0.96,0,0
202506010302,2025-01-11,,中山,6,1800,ラトラディシオン,2,55.0,41.3,35.1,8.0,-0.2,1,0
202506010302,2025-01-11,,中山,6,1800,カルタジローネ,2,51.0,42.2,35.1,15.0,0.7,0,0
202506010303,2025-01-11,,中山,6,1800,サンマルストロング,2,57.0,40.7,40.4,10.0,-1.1,1,0
202506010306,2025-01-11,,中山,6,1800,ブエナディオサ,2,52.0,42.9,39.8,6.0,1.1,0,0
202506010309,2025-01-11,,中山,6,1800,アレスグート,2,57.0,41.1,34.6,8.0,0.04,1,0
202506010303,2025-01-11,,中山,6,1800,オメガフリーク,3,56.0,44.1,40.4,14.0,2.3,0,0
202506010306,2025-01-11,,中山,6,1800,エーリアル,3,55.0,40.2,39.8,4.0,-1.6,1,0
202506010309,2025-01-11,,中山,6,1800,エンプレスフレーム,3,55.0,42.0,34.6,7.0,0.94,0,0
202506010309,2025-01-11,,中山,6,1800,ビーコ,3,55.0,43.0,34.6,10.0,1.94,0,0
202506010310,2025-01-11,,中山,6,1800,オセアバトルプラン,3,58.0,39.9,34.9,8.0,-1.2,1,0
202506010302,2025-01-11,,中山,6,1800,ハクサンビューティ,4,52.0,41.3,35.1,11.0,-0.2,0,0
202506010303,2025-01-11,,中山,6,1800,ヤマニンエボルブ,4,57.0,40.3,40.4,13.0,-1.5,1,0
202506010303,2025-01-11,,中山,6,1800,リュウノドラゴン,4,57.0,42.1,40.4,15.0,0.3,0,0
202506010302,2025-01-11,,中山,6,1800,インディーフィルム,5,55.0,40.9,35.1,7.0,-0.6,1,0
202506010306,2025-01-11,,中山,6,1800,ミランカ,5,55.0,40.4,39.8,12.0,-1.4,0,0
202506010309,2025-01-11,,中山,6,1800,アタラシイカドデニ,5,57.0,43.3,34.6,14.0,2.24,0,0
202506010302,2025-01-11,,中山,6,1800,コンサートツアー,6,55.0,41.7,35.1,14.0,0.2,1,0
202506010309,2025-01-11,,中山,6,1800,ベリタバグス,6,57.0,39.2,34.6,4.0,-1.86,0,0
202506010310,2025-01-11,,中山,6,1800,スズカルビコン,6,58.0,42.1,34.9,15.0,1.0,0,0
202506010306,2025-01-11,,中山,6,1800,オーケーソニック,8,54.0,43.7,39.8,11.0,1.9,1,0
202506010309,2025-01-11,,中山,6,1800,シャイニーシップ,8,57.0,38.7,34.6,12.0,-2.36,1,0
202506010310,2025-01-11,,中山,6,1800,デフィニティーボ,8,57.0,41.3,34.9,3.0,0.2,1,0
202507010302,2025-01-11,,中京,7,1200,タイムイズマネー,2,57.0,41.1,41.1,4.0,1.5,0,0
202507010302,2025-01-11,,中京,7,1200,ホシクズロンリネス,7,55.0,38.1,41.1,15.0,-1.5,1,0
202507010304,2025-01-11,,中京,7,1400,オリンポスカズマ,2,58.0,39.4,36.9,7.0,0.0,1,0
202507010311,2025-01-11,,中京,7,1400,ウェイワードアクト,6,57.0,36.5,36.9,11.0,0.0,1,0
202507010301,2025-01-11,,中京,7,1800,オーラエグザート,1,55.0,41.1,36.2,15.0,0.24,0,0
202507010303,2025-01-11,,中京,7,1800,エターナルプロミス,1,55.0,40.3,40.5,13.0,-1.15,0,0
202507010310,2025-01-11,,中京,7,1800,テーオールビー,1,55.0,37.7,37.4,1.0,-0.24,1,0
202507010307,2025-01-11,,中京,7,1800,テイエムボビーダン,2,57.0,40.6,37.8,16.0,0.86,0,0
202507010310,2025-01-11,,中京,7,1800,ミッキーマカロン,2,56.0,38.4,37.4,8.0,0.46,1,0
202507010301,2025-01-11,,中京,7,1800,テイエムタワードン,3,57.0,41.1,36.2,16.0,0.24,0,0
202507010303,2025-01-11,,中京,7,1800,クインズショコラ,3,55.0,39.1,40.5,6.0,-2.35,0,0
202507010307,2025-01-11,,中京,7,1800,マルモルミエール,3,57.0,40.4,37.8,14.0,0.66,1,0
202507010301,2025-01-11,,中京,7,1800,イージーゴーイング,4,56.0,41.9,36.2,11.0,1.04,1,0
202507010310,2025-01-11,,中京,7,1800,ミヤジレガリア,4,56.0,37.6,37.4,2.0,-0.34,1,0
202507010301,2025-01-11,,中京,7,1800,メイショウソウセキ,5,57.0,41.2,36.2,5.0,0.34,1,0
202507010303,2025-01-11,,中京,7,1800,メイショウボナンザ,5,54.0,41.4,40.5,7.0,-0.05,1,0
202507010307,2025-01-11,,中京,7,1800,ガウロン,5,58.0,40.0,37.8,14.0,0.26,0,0
202507010310,2025-01-11,,中京,7,1800,ルージュアベリア,5,55.0,37.3,37.4,8.0,-0.64,1,0
202507010301,2025-01-11,,中京,7,1800,エポエポサン,6,57.0,39.0,36.2,6.0,-1.86,0,0
202507010303,2025-01-11,,中京,7,1800,イチトゼロノアイダ,6,55.0,44.1,40.5,4.0,2.65,0,0
202507010310,2025-01-11,,中京,7,1800,ピエナパイロ,6,56.0,38.7,37.4,14.0,0.76,0,0
202507010303,2025-01-11,,中京,7,1800,ディスタービア,7,55.0,41.6,40.5,11.0,0.15,1,0
202507010303,2025-01-11,,中京,7,1800,シーザサンライズ,8,55.0,42.2,40.5,11.0,0.75,1,0
202507010307,2025-01-11,,中京,7,1800,ポルポラジール,8,57.0,38.6,37.8,4.0,-1.14,1,0
202507010307,2025-01-11,,中京,7,1800,テイエムシップ,8,58.0,39.1,37.8,12.0,-0.64,0,0
202506010201,2025-01-06,,中山,6,1200,ハピハピハッピー,2,55.0,40.3,37.7,13.0,1.5,0,0
202506010201,2025-01-06,,中山,6,1200,アスクサヴァイバル,3,57.0,38.5,37.7,15.0,-0.3,0,0
202506010204,2025-01-06,,中山,6,1200,ネイルンノ,3,58.0,39.0,36.8,7.0,-0.25,1,0
202506010204,2025-01-06,,中山,6,1200,フィーリウスワン,4,58.0,39.5,36.8,14.0,0.25,1,0
202506010201,2025-01-06,,中山,6,1200,ヒソカ,5,54.0,39.1,37.7,7.0,0.3,1,0
202506010201,2025-01-06,,中山,6,1200,カーティブヨーク,7,51.0,37.3,37.7,10.0,-1.5,1,0
202506010203,2025-01-06,,中山,6,1800,ハクシンブライアン,2,57.0,39.8,38.4,6.0,-2.37,0,0
202506010209,2025-01-06,,中山,6,1800,ナックダンス,2,56.0,45.1,35.1,9.0,2.0,0,0
202506010202,2025-01-06,,中山,6,1800,アイヨトワニ,3,55.0,41.0,38.1,6.0,-0.93,1,0
202506010212,2025-01-06,,中山,6,1800,プレジール,3,57.0,39.5,38.6,1.0,-0.47,1,0
202506010212,2025-01-06,,中山,6,1800,サンカルミア,3,57.0,42.1,38.6,11.0,2.13,0,0
202506010203,2025-01-06,,中山,6,1800,ローズマイスター,4,56.0,40.9,38.4,3.0,-1.27,1,0
202506010203,2025-01-06,,中山,6,1800,ブリヤディアマンテ,4,56.0,40.3,38.4,11.0,-1.87,0,0
202506010212,2025-01-06,,中山,6,1800,サルヴィアーノ,4,55.0,40.2,38.6,2.0,0.23,1,0
202506010202,2025-01-06,,中山,6,1800,セイカエイレーネー,5,55.0,43.4,38.1,15.0,1.47,0,0
202506010203,2025-01-06,,中山,6,1800,ブレードダンシング,5,57.0,44.2,38.4,15.0,2.03,0,0
202506010209,2025-01-06,,中山,6,1800,アイファーグローブ,5,58.0,41.9,35.1,6.0,-1.2,1,0
202506010212,2025-01-06,,中山,6,1800,モッドフレイム,5,57.0,39.2,38.6,15.0,-0.77,0,0
202506010202,2025-01-06,,中山,6,1800,ファランジリング,6,55.0,41.4,38.1,11.0,-0.53,1,0
202506010203,2025-01-06,,中山,6,1800,バンブルビー,6,57.0,44.1,38.4,9.0,1.93,0,0
202506010203,2025-01-06,,中山,6,1800,ヴェナートル,6,57.0,44.1,38.4,10.0,1.93,1,0
202506010209,2025-01-06,,中山,6,1800,シックザイン,6,58.0,42.3,35.1,13.0,-0.8,0,0
202506010212,2025-01-06,,中山,6,1800,ディズレーリ,6,58.0,39.4,38.6,3.0,-0.57,1,0
202506010212,2025-01-06,,中山,6,1800,レッドライトニング,6,57.0,39.4,38.6,6.0,-0.57,1,0
202506010203,2025-01-06,,中山,6,1800,マイネルラカイユ,7,57.0,41.8,38.4,11.0,-0.37,0,0
202506010208,2025-01-06,,中山,6,3200,ヤマタケアオイバラ,2,60.0,13.9,38.6,13.0,0.18,0,0
202506010208,2025-01-06,,中山,6,3200,シャンドゥレール,4,60.0,13.8,38.6,11.0,0.08,0,0
202506010208,2025-01-06,,中山,6,3200,エンデュミオン,5,61.0,13.6,38.6,4.0,-0.12,0,0
202506010208,2025-01-06,,中山,6,3200,メイショウアツイタ,6,60.0,13.7,38.6,9.0,-0.02,0,0
202506010208,2025-01-06,,中山,6,3200,レッドバロッサ,8,61.0,13.6,38.6,6.0,-0.12,0,0
202507010202,2025-01-06,,中京,7,1200,ローレルゼロ,1,54.0,37.8,38.2,4.0,0.15,1,0
202507010202,2025-01-06,,中京,7,1200,ハヤテノツバサ,4,57.0,37.5,38.2,7.0,-0.15,0,0
202507010203,2025-01-06,,中京,7,1400,ファイナルクイーン,1,55.0,40.0,36.8,11.0,-0.5,1,0
202507010208,2025-01-06,,中京,7,1400,スーパーアグリ,1,58.0,38.4,35.2,12.0,0.0,1,0
202507010203,2025-01-06,,中京,7,1400,ヤマワケ,3,57.0,41.4,36.8,6.0,0.9,1,0
202507010203,2025-01-06,,中京,7,1400,リトルスカーレット,5,53.0,39.5,36.8,3.0,-1.0,0,0
202507010203,2025-01-06,,中京,7,1400,ブリンブリン,5,57.0,40.5,36.8,15.0,0.0,0,0
202507010203,2025-01-06,,中京,7,1400,ドクターストップ,7,55.0,38.2,36.8,13.0,-2.3,1,0
202507010203,2025-01-06,,中京,7,1400,ブルーセルリアン,7,57.0,43.4,36.8,2.0,2.9,0,0
202507010207,2025-01-06,,中京,7,1800,ペロ,1,57.0,40.4,36.0,14.0,0.9,0,0
202507010201,2025-01-06,,中京,7,1800,メイショウクレピス,2,55.0,40.5,34.0,15.0,0.2,1,0
202507010201,2025-01-06,,中京,7,1800,アンミツヒメ,3,55.0,38.6,34.0,13.0,-1.7,1,0
202507010207,2025-01-06,,中京,7,1800,ヴォルスター,3,55.0,38.6,36.0,1.0,-0.9,1,0
202507010201,2025-01-06,,中京,7,1800,メリッササンライズ,4,55.0,41.7,34.0,1.0,1.4,1,0
202507010201,2025-01-06,,中京,7,1800,ハッピールンナ,5,55.0,40.4,34.0,9.0,0.1,1,0
202507010204,2025-01-06,,中京,7,1800,チュウジョウ,5,57.0,38.4,35.9,5.0,-1.3,1,0
202507010204,2025-01-06,,中京,7,1800,ラマンシュ,5,57.0,41.1,35.9,7.0,1.4,0,0
202507010204,2025-01-06,,中京,7,1800,シンビリーブ,7,57.0,39.6,35.9,10.0,-0.1,1,0
202506010112,2025-01-05,,中山,6,1200,リッキーヤスオカ,1,58.0,38.2,33.5,7.0,1.1,0,0
202506010101,2025-01-05,,中山,6,1200,グリューネベルグ,2,55.0,37.4,36.9,7.0,-0.68,1,0
202506010101,2025-01-05,,中山,6,1200,チャンピオンリボン,3,55.0,38.2,36.9,9.0,0.12,1,0
202506010112,2025-01-05,,中山,6,1200,レヴィテーション,4,56.0,36.0,33.5,16.0,-1.1,1,0
202506010101,2025-01-05,,中山,6,1200,ビスケットマリー,5,55.0,38.0,36.9,14.0,-0.08,0,0
202506010101,2025-01-05,,中山,6,1200,ダイチラポール,6,54.0,38.7,36.9,2.0,0.62,1,0
202506010101,2025-01-05,,中山,6,1200,ロッキンミー,7,52.0,38.1,36.9,3.0,0.02,1,0
202506010109,2025-01-05,,中山,6,1800,メイショウカゲカツ,2,58.0,37.4,37.8,16.0,-1.13,1,0
202506010103,2025-01-05,,中山,6,1800,ゴールドパートナー,3,57.0,39.7,37.0,14.0,-0.66,1,0
202506010109,2025-01-05,,中山,6,1800,ダスク,3,58.0,39.7,37.8,12.0,1.17,0,0
202506010103,2025-01-05,,中山,6,1800,ブルーラジカル,4,57.0,40.8,37.0,13.0,0.44,1,0
202506010109,2025-01-05,,中山,6,1800,トップオブジェラス,4,58.0,38.5,37.8,3.0,-0.03,1,0
202506010102,2025-01-05,,中山,6,1800,シリウスライト,5,57.0,39.2,38.0,12.0,-0.5,1,0
202506010103,2025-01-05,,中山,6,1800,ホロヨイマンゲツ,5,57.0,41.1,37.0,10.0,0.74,0,0
202506010103,2025-01-05,,中山,6,1800,ウィンターサン,6,55.0,40.5,37.0,8.0,0.14,0,0
202506010102,2025-01-05,,中山,6,1800,アイオリア,7,57.0,40.2,38.0,2.0,0.5,0,0
202506010103,2025-01-05,,中山,6,1800,ヌンボラ,8,52.0,39.7,37.0,5.0,-0.66,0,0
202506010104,2025-01-05,,中山,6,2400,シーリュウシー,3,57.0,39.5,37.5,10.0,-1.08,1,0
202506010104,2025-01-05,,中山,6,2400,トゥザヒロイン,4,56.0,39.5,37.5,4.0,-1.08,0,0
202506010104,2025-01-05,,中山,6,2400,トゥラムプラッツ,6,57.0,40.4,37.5,16.0,-0.18,0,0
202506010104,2025-01-05,,中山,6,2400,オブシディアン,6,54.0,43.0,37.5,15.0,2.42,0,0
202506010104,2025-01-05,,中山,6,2400,サトノレイズ,8,57.0,40.5,37.5,10.0,-0.08,1,0
202507010108,2025-01-05,,中京,7,1200,ビバップ,1,56.0,38.5,35.7,1.0,0.22,1,0
202507010108,2025-01-05,,中京,7,1200,オバケノキンタ,1,55.0,38.9,35.7,4.0,0.62,1,0
202507010108,2025-01-05,,中京,7,1200,スペシャルナンバー,4,58.0,35.4,35.7,15.0,-2.88,1,0
202507010108,2025-01-05,,中京,7,1200,メイショウキルギス,6,56.0,40.3,35.7,2.0,2.02,1,0
202507010102,2025-01-05,,中京,7,1400,メイショウセオト,2,55.0,38.8,36.8,1.0,0.26,1,0
202507010102,2025-01-05,,中京,7,1400,オーウェンズバレー,3,57.0,38.9,36.8,12.0,0.36,1,0
202507010102,2025-01-05,,中京,7,1400,エニーサンダー,7,57.0,40.0,36.8,14.0,1.46,0,0
202507010102,2025-01-05,,中京,7,1400,ロードフロイデ,8,55.0,36.8,36.8,14.0,-1.74,1,0
202507010102,2025-01-05,,中京,7,1400,ニシノエンデヴァー,8,54.0,38.2,36.8,16.0,-0.34,1,0
202507010106,2025-01-05,,中京,7,1800,ウィンターガーデン,1,55.0,37.1,37.2,8.0,-0.25,0,0
202507010101,2025-01-05,,中京,7,1800,オオイリブクロ,2,55.0,39.6,34.7,16.0,-0.27,0,0
202507010104,2025-01-05,,中京,7,1800,ルシタニア,2,57.0,38.1,39.5,5.0,-0.94,1,0
202507010104,2025-01-05,,中京,7,1800,ペルティナクス,2,55.0,38.9,39.5,9.0,-0.14,0,0
202507010101,2025-01-05,,中京,7,1800,ザハント,3,57.0,39.2,34.7,3.0,-0.67,0,0
202507010104,2025-01-05,,中京,7,1800,ビービーバザーク,3,57.0,38.8,39.5,1.0,-0.24,1,0
202507010104,2025-01-05,,中京,7,1800,ステイトゥルー,3,54.0,39.9,39.5,7.0,0.86,1,0
202507010104,2025-01-05,,中京,7,1800,カーボナード,4,57.0,39.6,39.5,12.0,0.56,1,0
202507010104,2025-01-05,,中京,7,1800,テーオーウィルソン,4,57.0,39.7,39.5,15.0,0.66,1,0
202507010106,2025-01-05,,中京,7,1800,ヒロインズクレスト,5,53.0,37.6,37.2,12.0,0.25,1,0
202507010104,2025-01-05,,中京,7,1800,テスティモーネ,6,57.0,38.3,39.5,8.0,-0.74,1,0
202507010104,2025-01-05,,中京,7,1800,テイエムタワードン,6,57.0,39.3,39.5,16.0,0.26,1,0
202507010106,2025-01-05,,中京,7,1800,クインズセレネ,6,51.0,37.9,37.2,3.0,0.55,1,0
202507010101,2025-01-05,,中京,7,1800,スマートクラビ,7,55.0,38.9,34.7,10.0,-0.98,1,0
202507010106,2025-01-05,,中京,7,1800,ハイウェイスター,7,55.0,36.8,37.2,1.0,-0.55,1,0
202507010101,2025-01-05,,中京,7,1800,タイキクロニクル,8,57.0,41.8,34.7,13.0,1.92,0,0
202507010104,2025-01-05,,中京,7,1800,ラファル,8,57.0,38.8,39.5,3.0,-0.24,1,0
202507010103,2025-01-05,,中京,7,1900,タガノマルアフ,1,57.0,38.3,36.9,9.0,-0.87,1,0
202507010103,2025-01-05,,中京,7,1900,セイノスケ,2,53.0,40.6,36.9,8.0,1.43,1,0
202507010103,2025-01-05,,中京,7,1900,パーフェクト,6,55.0,38.6,36.9,15.0,-0.57,1,0
202405020703,2024-05-11,,東京,5,1400,ラッキーヤース,2,57.0,38.5,38.3,6.0,-0.1,1,0
202405020703,2024-05-11,,東京,5,1400,モナコブル,2,57.0,38.7,38.3,16.0,0.1,0,0
202405020703,2024-05-11,,東京,5,1400,キョウエイブラーボ,8,57.0,38.6,38.3,12.0,0.0,1,0
202405020701,2024-05-11,,東京,5,1600,ヴァリアービレ,1,55.0,37.5,33.1,12.0,0.03,1,0
202405020707,2024-05-11,,東京,5,1600,アルヴィエンヌ,1,56.0,37.7,33.5,4.0,0.35,0,0
202405020707,2024-05-11,,東京,5,1600,シルヴァティカ,3,56.0,37.0,33.5,11.0,-0.35,1,0
202405020701,2024-05-11,,東京,5,1600,グランソシエ,5,55.0,37.1,33.1,7.0,-0.37,1,0
202405020701,2024-05-11,,東京,5,1600,メタシアター,6,55.0,38.3,33.1,2.0,0.83,0,0
202405020701,2024-05-11,,東京,5,1600,ルルフィーユ,7,55.0,37.0,33.1,3.0,-0.47,1,0
202405020708,2024-05-11,,東京,5,2100,ウインクリエ,2,58.0,38.6,39.5,6.0,0.0,1,0
202405020702,2024-05-11,,東京,5,2100,サトノギフテッド,4,57.0,39.2,41.3,7.0,0.1,1,0
202405020702,2024-05-11,,東京,5,2100,キッドストン,8,57.0,39.0,41.3,3.0,-0.1,1,0
202405020612,2024-05-05,,東京,5,1300,スズノヤマト,1,58.0,37.6,39.6,13.0,0.93,0,0
202405020612,2024-05-05,,東京,5,1300,マイアミュレット,4,58.0,36.2,39.6,10.0,-0.47,1,0
202405020612,2024-05-05,,東京,5,1300,エメラルドビーチ,5,58.0,37.0,39.6,12.0,0.33,1,0
202405020612,2024-05-05,,東京,5,1300,リッキーヤスオカ,7,58.0,35.9,39.6,10.0,-0.77,1,0
202405020602,2024-05-05,,東京,5,1400,ノーブルニードル,1,57.0,39.5,38.3,11.0,-0.42,1,0
202405020602,2024-05-05,,東京,5,1400,ロゴサウンド,5,56.0,39.3,38.3,8.0,-0.62,1,0
202405020602,2024-05-05,,東京,5,1400,ナンヨーシュート,7,57.0,42.1,38.3,2.0,2.18,0,0
202405020602,2024-05-05,,東京,5,1400,ベアデザイア,8,54.0,38.8,38.3,14.0,-1.12,1,0
202405020601,2024-05-05,,東京,5,1600,プリンセスアメリカ,3,55.0,40.0,35.2,4.0,0.17,0,0
202405020606,2024-05-05,,東京,5,1600,ポリクシニーズ,3,57.0,38.4,34.5,6.0,-1.2,1,0
202405020601,2024-05-05,,東京,5,1600,アルプスオジョー,4,55.0,38.7,35.2,2.0,-1.13,1,0
202405020601,2024-05-05,,東京,5,1600,キガタレイ,4,55.0,39.0,35.2,1.0,-0.83,1,0
202405020601,2024-05-05,,東京,5,1600,キャラメルミルク,5,55.0,41.2,35.2,11.0,1.37,0,0
202405020606,2024-05-05,,東京,5,1600,サハラ,6,58.0,38.5,34.5,12.0,-1.1,1,0
202405020601,2024-05-05,,東京,5,1600,メイショウコオロギ,7,55.0,38.2,35.2,4.0,-1.63,1,0
202405020606,2024-05-05,,東京,5,1600,マイショウチャン,7,58.0,39.1,34.5,3.0,-0.5,1,0
202405020601,2024-05-05,,東京,5,1600,ヤサカサラ,8,55.0,41.9,35.2,13.0,2.07,0,0
202405020606,2024-05-05,,東京,5,1600,アオイコウキ,8,58.0,42.4,34.5,1.0,2.8,0,0
202405020605,2024-05-05,,東京,5,2100,オウケンシルヴァー,1,57.0,39.2,34.5,5.0,-0.22,0,0
202405020605,2024-05-05,,東京,5,2100,ジーティーアグリム,5,55.0,41.2,34.5,13.0,1.78,0,0
202405020605,2024-05-05,,東京,5,2100,ロードブレイズ,6,57.0,37.9,34.5,7.0,-1.52,0,0
202405020605,2024-05-05,,東京,5,2100,ネオシルバー,7,57.0,39.4,34.5,10.0,-0.02,1,0
202405020503,2024-05-04,,東京,5,1300,ナムラバンチー,1,57.0,36.0,40.0,15.0,-1.05,1,0
202405020503,2024-05-04,,東京,5,1300,レンジャーズハウス,3,57.0,38.4,40.0,7.0,1.35,1,0
202405020507,2024-05-04,,東京,5,1300,セイゲン,4,58.0,37.3,34.0,8.0,-0.33,0,0
202405020507,2024-05-04,,東京,5,1300,キングダラス,5,58.0,37.8,34.0,8.0,0.17,1,0
202405020507,2024-05-04,,東京,5,1300,インザストーン,5,58.0,38.3,34.0,14.0,0.67,0,0
202405020503,2024-05-04,,東京,5,1300,アイランドピーク,6,56.0,37.0,40.0,6.0,-0.05,0,0
202405020507,2024-05-04,,東京,5,1300,トルーマンテソーロ,7,58.0,37.1,34.0,1.0,-0.52,1,0
202405020503,2024-05-04,,東京,5,1300,スリーボビー,8,57.0,36.8,40.0,12.0,-0.25,1,0
202405020501,2024-05-04,,東京,5,1400,ベアエンジェル,1,55.0,37.6,35.6,15.0,0.2,1,0
202405020501,2024-05-04,,東京,5,1400,グランジュール,4,55.0,37.2,35.6,14.0,-0.2,1,0
202405020505,2024-05-04,,東京,5,1600,ゴールドミラクル,2,56.0,40.5,35.4,8.0,2.07,1,0
202405020505,2024-05-04,,東京,5,1600,メンドロントット,3,57.0,38.8,35.4,8.0,0.37,0,0
202405020512,2024-05-04,,東京,5,1600,フルングニル,3,58.0,37.1,38.2,7.0,0.5,1,0
202405020505,2024-05-04,,東京,5,1600,ラファールドール,5,57.0,37.4,35.4,10.0,-1.03,1,0
202405020505,2024-05-04,,東京,5,1600,ホウオウフェイント,6,57.0,37.2,35.4,1.0,-1.23,1,0
202405020505,2024-05-04,,東京,5,1600,ヘルス,6,57.0,39.5,35.4,12.0,1.07,0,0
202405020512,2024-05-04,,東京,5,1600,コブラ,6,58.0,36.1,38.2,4.0,-0.5,1,0
202405020505,2024-05-04,,東京,5,1600,ミダース,8,56.0,37.2,35.4,4.0,-1.23,0,0
202405020502,2024-05-04,,東京,5,2100,ヴァズレーヌ,6,54.0,38.1,38.3,6.0,-0.33,1,0
202405020502,2024-05-04,,東京,5,2100,コヴィーニャ,6,54.0,38.6,38.3,12.0,0.17,1,0
202405020502,2024-05-04,,東京,5,2100,レッドスフェーン,7,57.0,38.2,38.3,3.0,-0.23,0,0
202405020502,2024-05-04,,東京,5,2100,ウェックスフォード,8,57.0,38.8,38.3,8.0,0.37,0,0
202405020406,2024-04-28,,東京,5,1400,インテルメディオ,1,57.0,36.9,34.7,6.0,-1.25,1,0
202405020406,2024-04-28,,東京,5,1400,ペッパーミル,2,57.0,38.5,34.7,6.0,0.35,1,0
202405020412,2024-04-28,,東京,5,1400,マウントベル,2,56.0,36.4,37.4,6.0,-1.6,1,0
202405020406,2024-04-28,,東京,5,1400,ステラヴェルデ,3,52.0,38.2,34.7,13.0,0.05,1,0
202405020402,2024-04-28,,東京,5,1400,オレンジブルボン,4,56.0,38.1,35.8,9.0,-0.5,1,0
202405020406,2024-04-28,,東京,5,1400,モズナイスバディー,4,57.0,40.1,34.7,4.0,1.95,0,0
202405020402,2024-04-28,,東京,5,1400,ゴールデンレイ,5,56.0,37.7,35.8,6.0,-0.9,1,0
202405020412,2024-04-28,,東京,5,1400,ワイアウ,6,55.0,39.6,37.4,3.0,1.6,0,0
202405020406,2024-04-28,,東京,5,1400,レゲエビーチ,7,57.0,37.4,34.7,4.0,-0.75,1,0
202405020402,2024-04-28,,東京,5,1400,ルーナ,8,55.0,40.3,35.8,2.0,1.7,1,0
202405020402,2024-04-28,,東京,5,1400,コトブキローズ,8,55.0,38.3,35.8,16.0,-0.3,0,0
202405020406,2024-04-28,,東京,5,1400,ディーノサンライズ,8,53.0,37.8,34.7,12.0,-0.35,1,0
202405020401,2024-04-28,,東京,5,1600,セイウンウィズミー,5,54.0,37.9,37.5,7.0,0.0,0,0
202405020403,2024-04-28,,東京,5,1600,ニシノイカルガ,6,56.0,40.5,36.9,7.0,1.2,0,0
202405020403,2024-04-28,,東京,5,1600,レッドラウル,7,57.0,36.6,36.9,15.0,-2.7,1,0
202405020403,2024-04-28,,東京,5,1600,エクラメテオール,7,57.0,40.8,36.9,11.0,1.5,0,0
202405020410,2024-04-28,,東京,5,2100,アルドーレ,2,56.0,39.7,34.3,6.0,2.0,0,0
202405020410,2024-04-28,,東京,5,2100,テンカハル,3,57.5,36.5,34.3,9.0,-1.2,1,0
202405020410,2024-04-28,,東京,5,2100,エナハツホ,6,53.0,36.9,34.3,12.0,-0.8,1,0
202405020301,2024-04-27,,東京,5,1400,エクサビット,3,55.0,36.5,36.1,2.0,-1.16,0,0
202405020308,2024-04-27,,東京,5,1400,スピリチュアル,3,56.0,36.7,39.2,5.0,-0.67,1,0
202405020308,2024-04-27,,東京,5,1400,モルフェブーケ,4,56.0,37.3,39.2,15.0,-0.07,1,0
202405020301,2024-04-27,,東京,5,1400,ゴールデンモモコ,5,55.0,38.8,36.1,2.0,1.14,1,0
202405020301,2024-04-27,,東京,5,1400,ソリッドエビデンス,6,55.0,37.1,36.1,11.0,-0.56,1,0
202405020301,2024-04-27,,東京,5,1400,オーヴェルトゥーレ,7,55.0,38.1,36.1,14.0,0.44,1,0
202405020301,2024-04-27,,東京,5,1400,タカラバディウス,8,55.0,37.8,36.1,10.0,0.14,1,0
202405020308,2024-04-27,,東京,5,1400,エテルネル,8,56.0,38.1,39.2,1.0,0.73,0,0
202405020307,2024-04-27,,東京,5,1600,マンダリンボレロ,1,58.0,38.0,39.0,1.0,0.25,1,0
202405020302,2024-04-27,,東京,5,1600,ダイアヴィック,2,57.0,39.6,35.5,13.0,0.9,0,0
202405020307,2024-04-27,,東京,5,1600,イエヴァンポルッカ,3,58.0,36.7,39.0,11.0,-1.05,1,0
202405020302,2024-04-27,,東京,5,1600,ヘインズポイント,4,57.0,37.8,35.5,1.0,-0.9,0,0
202405020302,2024-04-27,,東京,5,1600,アルヴィア,4,57.0,38.0,35.5,6.0,-0.7,0,0
202405020307,2024-04-27,,東京,5,1600,コリエンテス,4,58.0,37.2,39.0,6.0,-0.55,1,0
202405020307,2024-04-27,,東京,5,1600,エプルシャージュ,5,58.0,39.2,39.0,8.0,1.45,0,0
202405020307,2024-04-27,,東京,5,1600,ベネロングポイント,7,57.0,37.1,39.0,2.0,-0.65,0,0
202405020302,2024-04-27,,東京,5,1600,エムアイマシュー,8,56.0,39.4,35.5,9.0,0.7,1,0
202405020307,2024-04-27,,東京,5,1600,ホワイトクロウ,8,58.0,38.3,39.0,8.0,0.55,0,0
202405020309,2024-04-27,,東京,5,2100,ハンディーズピーク,1,58.0,38.0,32.3,12.0,-0.57,1,0
202405020303,2024-04-27,,東京,5,2100,ユキノロンシャン,3,57.0,39.8,41.7,11.0,-1.16,1,0
202405020309,2024-04-27,,東京,5,2100,ビップスコーピオン,3,58.0,37.1,32.3,7.0,-1.47,0,0
202405020309,2024-04-27,,東京,5,2100,マオノアラシ,3,58.0,39.9,32.3,5.0,1.33,0,0
202405020303,2024-04-27,,東京,5,2100,ダックリン,4,55.0,41.1,41.7,11.0,0.14,0,0
202405020309,2024-04-27,,東京,5,2100,ハギノサステナブル,4,58.0,36.1,32.3,7.0,-2.47,1,0
202405020309,2024-04-27,,東京,5,2100,ボーンジーニアス,4,58.0,40.4,32.3,15.0,1.83,0,0
202405020303,2024-04-27,,東京,5,2100,タキザクラ,5,57.0,40.3,41.7,6.0,-0.66,0,0
202405020309,2024-04-27,,東京,5,2100,ライリッズ,5,58.0,39.9,32.3,12.0,1.33,0,0
202405020303,2024-04-27,,東京,5,2100,グッドエクスプレス,6,57.0,39.8,41.7,3.0,-1.16,0,0
202405020303,2024-04-27,,東京,5,2100,ウェーブロック,7,57.0,43.8,41.7,2.0,2.84,0,0
202405020312,2024-04-27,,東京,5,2100,ララエフォール,7,58.0,37.0,34.2,9.0,0.2,1,0
202405020312,2024-04-27,,東京,5,2100,ガンウルフ,8,55.0,36.6,34.2,1.0,-0.2,1,0
202405020206,2024-04-21,,東京,5,1400,キョウエイカンセ,1,54.0,38.4,33.6,5.0,-0.38,1,0
202405020206,2024-04-21,,東京,5,1400,キングヴァージル,1,57.0,40.7,33.6,5.0,1.92,0,0
202405020210,2024-04-21,,東京,5,1400,アイヴォリードレス,1,56.0,37.6,37.4,2.0,0.17,1,0
202405020201,2024-04-21,,東京,5,1400,アニマルボス,2,57.0,38.9,33.3,5.0,-0.67,1,0
202405020206,2024-04-21,,東京,5,1400,フェデラルスタイル,2,55.0,38.6,33.6,12.0,-0.18,1,0
202405020210,2024-04-21,,東京,5,1400,バグラダス,2,58.0,36.8,37.4,5.0,-0.63,0,0
202405020210,2024-04-21,,東京,5,1400,ヴァンデリオン,4,58.0,37.9,37.4,12.0,0.47,1,0
202405020201,2024-04-21,,東京,5,1400,モスオーキッド,5,55.0,38.4,33.3,8.0,-1.17,1,0
202405020206,2024-04-21,,東京,5,1400,メジャーデビュー,5,54.0,38.3,33.6,3.0,-0.48,1,0
202405020206,2024-04-21,,東京,5,1400,オセアエクスプレス,6,57.0,37.9,33.6,3.0,-0.88,1,0
202405020201,2024-04-21,,東京,5,1400,ヤマタケプレーダ,7,56.0,41.4,33.3,2.0,1.83,0,0
202405020210,2024-04-21,,東京,5,1400,タイセイシェダル,8,58.0,37.4,37.4,8.0,-0.03,1,0
202405020207,2024-04-21,,東京,5,1600,マイクロモザイク,3,56.0,42.8,35.3,2.0,1.72,0,0
202405020202,2024-04-21,,東京,5,1600,リネンニューイヤー,5,57.0,40.6,35.6,6.0,-0.03,0,0
202405020207,2024-04-21,,東京,5,1600,アンジュール,5,56.0,41.6,35.3,11.0,0.52,1,0
202405020202,2024-04-21,,東京,5,1600,マジックモーメント,6,57.0,39.3,35.6,5.0,-1.33,1,0
202405020207,2024-04-21,,東京,5,1600,レジュークレール,6,55.0,40.7,35.3,4.0,-0.38,0,0
202405020212,2024-04-21,,東京,5,1600,サラフィエル,7,55.0,37.8,34.1,7.0,0.0,0,0
202405020202,2024-04-21,,東京,5,1600,セイウンパイオニア,8,57.0,42.0,35.6,3.0,1.37,0,0
202405020207,2024-04-21,,東京,5,1600,ルルシュシュ,8,56.0,38.6,35.3,6.0,-2.48,1,0
202405020207,2024-04-21,,東京,5,1600,ラズライト,8,56.0,41.7,35.3,2.0,0.62,0,0
202405020102,2024-04-20,,東京,5,1300,シンガプーラ,3,55.0,37.6,34.6,11.0,-1.6,1,0
202405020102,2024-04-20,,東京,5,1300,ガケップチー,5,54.0,39.9,34.6,14.0,0.7,0,0
202405020102,2024-04-20,,東京,5,1300,チェリッシュ,7,55.0,40.1,34.6,5.0,0.9,0,0
202405020107,2024-04-20,,東京,5,1400,ハッピーアズラリー,1,56.0,36.8,35.9,3.0,-0.85,1,0
202405020112,2024-04-20,,東京,5,1400,ウィンダミア,2,58.0,37.6,36.6,4.0,0.0,1,0
202405020107,2024-04-20,,東京,5,1400,フェブルウス,3,58.0,38.5,35.9,9.0,0.85,0,0
202405020101,2024-04-20,,東京,5,1600,ブレイヴリー,1,55.0,38.9,37.1,13.0,-0.75,1,0
202405020101,2024-04-20,,東京,5,1600,ガーデンプランナー,3,54.0,39.2,37.1,1.0,-0.45,1,0
202405020101,2024-04-20,,東京,5,1600,ムーステソーロ,4,55.0,40.3,37.1,9.0,0.65,1,0
202405020106,2024-04-20,,東京,5,1600,ルルディルッカ,5,54.0,38.2,35.1,8.0,0.0,1,0
202405020111,2024-04-20,,東京,5,1600,サンマルレジェンド,7,57.0,39.4,34.6,7.0,0.0,0,0
202405020101,2024-04-20,,東京,5,1600,ヴォードノエル,8,55.0,40.2,37.1,2.0,0.55,1,0
202405020103,2024-04-20,,東京,5,2100,ラキアレクサンダー,2,57.0,38.0,37.6,2.0,-0.7,1,0
202405020103,2024-04-20,,東京,5,2100,ダズリングティアラ,3,52.0,40.7,37.6,1.0,2.0,1,0
202405020103,2024-04-20,,東京,5,2100,サノノゴールド,4,57.0,37.8,37.6,13.0,-0.9,1,0
202405020103,2024-04-20,,東京,5,2100,ヒットアンドロール,5,57.0,38.3,37.6,6.0,-0.4,0,0
202405010801,2024-02-18,,東京,5,1400,オモカゲジョー,1,57.0,37.5,36.5,9.0,-1.52,0,0
202405010801,2024-02-18,,東京,5,1400,ノアスペシャル,1,55.0,37.7,36.5,13.0,-1.32,1,0
202405010803,2024-02-18,,東京,5,1400,プッティー,1,55.0,41.0,38.2,9.0,1.42,1,0
202405010812,2024-02-18,,東京,5,1400,ニシキギミッチー,1,58.0,35.4,35.5,13.0,-0.3,1,0
202405010803,2024-02-18,,東京,5,1400,デルマルドラ,2,57.0,37.0,38.2,13.0,-2.58,1,0
202405010801,2024-02-18,,東京,5,1400,ナックジュピター,3,55.0,40.6,36.5,16.0,1.58,0,0
202405010803,2024-02-18,,東京,5,1400,アストリット,3,55.0,40.0,38.2,15.0,0.42,1,0
202405010812,2024-02-18,,東京,5,1400,メロウヴォイス,4,56.0,36.0,35.5,13.0,0.3,1,0
202405010803,2024-02-18,,東京,5,1400,アナベルアンヌリー,5,55.0,39.8,38.2,9.0,0.22,1,0
202405010801,2024-02-18,,東京,5,1400,イサチルイトムスビ,6,55.0,40.3,36.5,9.0,1.27,0,0
202405010803,2024-02-18,,東京,5,1400,ロロスピアー,7,54.0,40.1,38.2,13.0,0.52,0,0
202405010811,2024-02-18,,東京,5,1600,カラテ,3,58.0,39.2,38.5,12.0,0.87,1,0
202405010809,2024-02-18,,東京,5,1600,チカッパ,4,57.0,37.9,37.0,3.0,-0.1,1,0
202405010809,2024-02-18,,東京,5,1600,ペッパーミル,5,57.0,38.7,37.0,9.0,0.7,0,0
202405010811,2024-02-18,,東京,5,1600,スピーディキック,6,56.0,38.9,38.5,9.0,0.57,0,0
202405010811,2024-02-18,,東京,5,1600,レッドルゼル,7,58.0,36.9,38.5,15.0,-1.43,1,0
202405010809,2024-02-18,,東京,5,1600,アンクエンチャブル,8,57.0,37.4,37.0,3.0,-0.6,1,0
202405010807,2024-02-18,,東京,5,2100,カサデガ,1,58.0,41.7,37.6,8.0,1.34,0,0
202405010802,2024-02-18,,東京,5,2100,ヒットアンドロール,2,57.0,38.0,41.0,12.0,-1.58,1,0
202405010807,2024-02-18,,東京,5,2100,バックスクリーン,2,58.0,41.7,37.6,10.0,1.34,1,0
202405010802,2024-02-18,,東京,5,2100,ビクトリーフォース,5,57.0,42.0,41.0,13.0,2.42,0,0
202405010807,2024-02-18,,東京,5,2100,クアトロマジコ,5,58.0,38.8,37.6,16.0,-1.56,1,0
202405010802,2024-02-18,,東京,5,2100,エルキーオ,6,57.0,38.2,41.0,16.0,-1.38,0,0
202405010807,2024-02-18,,東京,5,2100,キングサーガ,6,58.0,38.4,37.6,8.0,-1.96,1,0
202405010802,2024-02-18,,東京,5,2100,ハクシュ,7,57.0,40.1,41.0,7.0,0.52,1,0
202405010807,2024-02-18,,東京,5,2100,クリーンドリーム,8,58.0,41.2,37.6,4.0,0.84,0,0
202405010701,2024-02-17,,東京,5,1400,ジェイエルジェティ,1,55.0,38.8,37.0,1.0,0.08,1,0
202405010701,2024-02-17,,東京,5,1400,サンセットカラー,1,54.0,39.2,37.0,8.0,0.48,1,0
202405010702,2024-02-17,,東京,5,1400,グラスブランシュ,3,55.0,39.0,35.2,14.0,0.2,1,0
202405010701,2024-02-17,,東京,5,1400,クミンフレイバー,4,55.0,39.2,37.0,7.0,0.48,1,0
202405010701,2024-02-17,,東京,5,1400,ニシノレヴィガータ,5,55.0,38.3,37.0,9.0,-0.42,1,0
202405010701,2024-02-17,,東京,5,1400,アンヴァルガー,5,52.0,38.8,37.0,14.0,0.08,1,0
202405010707,2024-02-17,,東京,5,1400,ハッピーロンドン,6,58.0,36.2,34.7,6.0,-1.1,1,0
202405010707,2024-02-17,,東京,5,1400,ゲラウィン,6,56.0,38.8,34.7,3.0,1.5,0,0
202405010701,2024-02-17,,東京,5,1400,フォクシー,8,55.0,38.0,37.0,6.0,-0.72,1,0
202405010702,2024-02-17,,東京,5,1400,リンゴ,8,57.0,37.5,35.2,13.0,-1.3,1,0
202405010702,2024-02-17,,東京,5,1400,アシャカデュメ,8,57.0,39.9,35.2,4.0,1.1,1,0
202405010707,2024-02-17,,東京,5,1400,ニシノスピカ,8,56.0,36.9,34.7,9.0,-0.4,1,0
202405010703,2024-02-17,,東京,5,1600,アルシミスト,1,57.0,38.0,39.2,6.0,-1.12,0,0
202405010703,2024-02-17,,東京,5,1600,ティアード,2,55.0,38.4,39.2,9.0,-0.72,0,0
202405010704,2024-02-17,,東京,5,1600,ダイアヴィック,2,57.0,39.2,34.2,14.0,-0.58,1,0
202405010704,2024-02-17,,東京,5,1600,リフトローダー,2,55.0,40.6,34.2,15.0,0.82,1,0
202405010703,2024-02-17,,東京,5,1600,ストーミーラン,3,57.0,38.7,39.2,15.0,-0.42,1,0
202405010704,2024-02-17,,東京,5,1600,マフィン,3,54.0,37.4,34.2,15.0,-2.38,1,0
202405010704,2024-02-17,,東京,5,1600,ダイアトリーム,3,57.0,41.5,34.2,8.0,1.72,0,0
202405010703,2024-02-17,,東京,5,1600,ニシノリアリティ,4,56.0,40.8,39.2,5.0,1.68,1,0
202405010704,2024-02-17,,東京,5,1600,シルバーブロンド,4,53.0,39.4,34.2,8.0,-0.38,1,0
202405010703,2024-02-17,,東京,5,1600,レッドハルバード,6,57.0,39.7,39.2,14.0,0.58,0,0
202405010712,2024-02-17,,東京,5,1600,ホワイトクロウ,6,58.0,38.0,35.3,10.0,-0.8,1,0
202405010712,2024-02-17,,東京,5,1600,シルバーニース,6,56.0,39.6,35.3,8.0,0.8,1,0
202405010704,2024-02-17,,東京,5,1600,マオノボルケーノ,7,52.0,40.6,34.2,4.0,0.82,1,0
202405010710,2024-02-17,,東京,5,2100,サンライズシェリー,3,58.0,40.5,34.0,4.0,1.52,1,0
202405010710,2024-02-17,,東京,5,2100,ゴールドバランサー,7,57.0,40.1,34.0,3.0,1.12,0,0
202405010710,2024-02-17,,東京,5,2100,ホウオウバリスタ,8,58.0,36.8,34.0,10.0,-2.18,1,0
202405010710,2024-02-17,,東京,5,2100,ダッチマン,8,58.0,38.5,34.0,10.0,-0.48,0,0
202405010711,2024-02-17,,東京,5,3400,メイショウユズルハ,4,55.0,36.1,38.2,3.0,1.07,0,0
202405010711,2024-02-17,,東京,5,3400,ニシノレヴナント,6,55.0,34.6,38.2,9.0,-0.43,1,0
202405010711,2024-02-17,,東京,5,3400,ハーツイストワール,7,57.0,34.4,38.2,5.0,-0.63,1,0
202405010601,2024-02-11,,東京,5,1400,ジョーヌカレラ,2,52.0,42.0,35.7,7.0,2.47,1,0
202405010610,2024-02-11,,東京,5,1400,クリノフラッシュ,2,56.0,38.6,41.6,10.0,0.55,0,0
202405010601,2024-02-11,,東京,5,1400,アルニラム,3,57.0,38.8,35.7,3.0,-0.73,1,0
202405010601,2024-02-11,,東京,5,1400,テイエムビッグサー,6,57.0,37.5,35.7,7.0,-2.03,1,0
202405010610,2024-02-11,,東京,5,1400,ミスズグランドオー,6,58.0,37.5,41.6,4.0,-0.55,1,0
202405010612,2024-02-11,,東京,5,1400,ホウオウパレード,6,58.0,36.0,37.1,15.0,-0.6,1,0
202405010601,2024-02-11,,東京,5,1400,サンスイシサン,7,57.0,39.5,35.7,3.0,-0.03,0,0
202405010612,2024-02-11,,東京,5,1400,アラゴナイト,7,56.0,36.5,37.1,6.0,-0.1,1,0
202405010612,2024-02-11,,東京,5,1400,ダイチヴィヴァン,7,57.0,37.3,37.1,12.0,0.7,0,0
202405010601,2024-02-11,,東京,5,1400,アイアンロマン,8,55.0,38.2,35.7,14.0,-1.33,1,0
202405010601,2024-02-11,,東京,5,1400,アオイアツヒメ,8,55.0,41.2,35.7,11.0,1.67,0,0
202405010603,2024-02-11,,東京,5,1600,フィロンドール,1,55.0,42.4,35.9,9.0,1.7,0,0
202405010603,2024-02-11,,東京,5,1600,ランポレッキオ,1,55.0,44.0,35.9,4.0,3.3,0,0
202405010604,2024-02-11,,東京,5,1600,レイズトワイライト,1,57.0,38.2,37.2,6.0,-0.6,1,0
202405010607,2024-02-11,,東京,5,1600,カツラノキサノキ,1,57.0,40.7,34.8,4.0,1.55,1,0
202405010603,2024-02-11,,東京,5,1600,テイエムポワール,2,55.0,40.4,35.9,14.0,-0.3,0,0
202405010604,2024-02-11,,東京,5,1600,ビスクウィザード,2,57.0,38.2,37.2,4.0,-0.6,1,0
202405010604,2024-02-11,,東京,5,1600,グッドイナフ,2,55.0,41.6,37.2,6.0,2.8,0,0
202405010603,2024-02-11,,東京,5,1600,フイノマジワリ,3,55.0,37.4,35.9,12.0,-3.3,1,0
202405010604,2024-02-11,,東京,5,1600,ロサンゼルス,3,57.0,39.3,37.2,12.0,0.5,0,0
202405010607,2024-02-11,,東京,5,1600,ユニヴェール,4,57.0,37.6,34.8,14.0,-1.55,1,0
202405010604,2024-02-11,,東京,5,1600,ビアンヴェニュー,6,54.0,38.1,37.2,9.0,-0.7,1,0
202405010603,2024-02-11,,東京,5,1600,チャンミコチョロン,7,55.0,39.3,35.9,9.0,-1.4,1,0
202405010604,2024-02-11,,東京,5,1600,マジェンカ,7,55.0,37.4,37.2,16.0,-1.4,1,0
202405010602,2024-02-11,,東京,5,2100,タンゴノアール,1,57.0,41.4,43.1,6.0,0.7,1,0
202405010602,2024-02-11,,東京,5,2100,アイカムインピース,2,57.0,40.9,43.1,4.0,0.2,0,0
202405010602,2024-02-11,,東京,5,2100,シングンアーメット,3,56.0,43.2,43.1,2.0,2.5,1,0
202405010602,2024-02-11,,東京,5,2100,マルチライセンス,5,57.0,38.7,43.1,5.0,-2.0,0,0
202405010602,2024-02-11,,東京,5,2100,デフィニティーボ,6,57.0,37.7,43.1,10.0,-3.0,1,0
202405010602,2024-02-11,,東京,5,2100,リュウノハイル,7,57.0,40.1,43.1,12.0,-0.6,0,0
202405010602,2024-02-11,,東京,5,2100,グレイトボヤージュ,7,57.0,42.9,43.1,15.0,2.2,0,0
202405010501,2024-02-10,,東京,5,1300,ミルミル,3,55.0,38.0,34.7,12.0,0.3,1,0
202405010501,2024-02-10,,東京,5,1300,ジェットブレイク,4,57.0,38.2,34.7,8.0,0.5,0,0
202405010501,2024-02-10,,東京,5,1300,マケズギライ,6,55.0,37.1,34.7,7.0,-0.6,1,0
202405010501,2024-02-10,,東京,5,1300,モリノセピア,7,57.0,37.5,34.7,1.0,-0.2,1,0
202405010502,2024-02-10,,東京,5,1400,ギャップウェッジ,1,57.0,37.2,35.4,12.0,-0.92,1,0
202405010508,2024-02-10,,東京,5,1400,アオカミ,1,58.0,37.8,34.0,3.0,0.21,1,0
202405010508,2024-02-10,,東京,5,1400,グランフォーブル,1,55.0,37.5,34.0,5.0,-0.09,1,0
202405010502,2024-02-10,,東京,5,1400,プリンセスサクラ,2,55.0,37.1,35.4,9.0,-1.02,1,0
202405010508,2024-02-10,,東京,5,1400,ショウナンアビアス,2,58.0,38.0,34.0,1.0,0.41,1,0
202405010502,2024-02-10,,東京,5,1400,アピーリングルック,3,55.0,37.1,35.4,4.0,-1.02,1,0
202405010508,2024-02-10,,東京,5,1400,ベリーベリーベリー,3,56.0,36.9,34.0,8.0,-0.69,1,0
202405010508,2024-02-10,,東京,5,1400,アイファーリーベン,5,56.0,38.4,34.0,14.0,0.81,0,0
202405010502,2024-02-10,,東京,5,1400,デリングシチー,6,57.0,41.0,35.4,2.0,2.88,0,0
202405010508,2024-02-10,,東京,5,1400,トリオーレ,6,58.0,35.9,34.0,16.0,-1.69,0,0
202405010502,2024-02-10,,東京,5,1400,ゲーベル,8,57.0,38.2,35.4,3.0,0.08,0,0
202405010508,2024-02-10,,東京,5,1400,チェイスザウェイ,8,55.0,38.6,34.0,7.0,1.01,1,0
202405010503,2024-02-10,,東京,5,1600,グランプリショット,1,57.0,38.1,38.0,7.0,-0.7,1,0
202405010512,2024-02-10,,東京,5,1600,マイネルビジョン,1,58.0,39.2,37.1,4.0,1.52,0,0
202405010503,2024-02-10,,東京,5,1600,アーコレード,3,55.0,39.5,38.0,10.0,0.7,1,0
202405010512,2024-02-10,,東京,5,1600,マイネルサハラ,4,58.0,40.3,37.1,1.0,2.62,0,0
202405010512,2024-02-10,,東京,5,1600,タケルペガサス,5,58.0,37.1,37.1,4.0,-0.58,1,0
202405010512,2024-02-10,,東京,5,1600,ヤマニンバンタジオ,6,58.0,35.9,37.1,11.0,-1.78,1,0
202405010512,2024-02-10,,東京,5,1600,ビーアイオラクル,7,58.0,36.6,37.1,3.0,-1.08,1,0
202405010512,2024-02-10,,東京,5,1600,タケルジャック,8,56.0,37.0,37.1,14.0,-0.68,1,0
202405010504,2024-02-10,,東京,5,2100,フジフォンテ,4,58.0,39.6,37.3,4.0,1.33,0,0
202405010504,2024-02-10,,東京,5,2100,マウンテンエース,5,57.0,37.3,37.3,7.0,-0.97,1,0
202405010504,2024-02-10,,東京,5,2100,キープブライトン,7,57.0,37.9,37.3,11.0,-0.37,1,0
202405010412,2024-02-04,,東京,5,1300,オルコス,1,56.0,39.3,32.6,3.0,1.74,0,0
202405010412,2024-02-04,,東京,5,1300,ケルンコンサート,2,58.0,37.3,32.6,5.0,-0.26,1,0
202405010412,2024-02-04,,東京,5,1300,ウメタロウ,2,58.0,37.6,32.6,9.0,0.04,1,0
202405010412,2024-02-04,,東京,5,1300,ニットウバジル,7,58.0,36.8,32.6,5.0,-0.76,1,0
202405010412,2024-02-04,,東京,5,1300,フィンガークリック,7,56.0,36.8,32.6,11.0,-0.76,1,0
202405010401,2024-02-04,,東京,5,1400,ハツワカ,2,57.0,39.0,36.4,12.0,0.6,0,0
202405010401,2024-02-04,,東京,5,1400,エイブラムス,4,57.0,37.8,36.4,2.0,-0.6,0,0
202405010403,2024-02-04,,東京,5,1600,テアトロ,1,57.0,41.2,37.7,15.0,1.03,0,0
202405010403,2024-02-04,,東京,5,1600,グランアルザン,2,57.0,39.9,37.7,12.0,-0.27,0,0
202405010403,2024-02-04,,東京,5,1600,アウストラリス,8,55.0,39.0,37.7,2.0,-1.17,1,0
202405010403,2024-02-04,,東京,5,1600,クラルスマーネ,8,55.0,40.6,37.7,12.0,0.43,1,0
202405010410,2024-02-04,,東京,5,1600,フォトスフィア,8,58.0,38.4,36.6,9.0,0.0,0,0
202405010402,2024-02-04,,東京,5,2100,グレイトマジック,1,57.0,39.0,38.0,14.0,0.42,1,0
202405010402,2024-02-04,,東京,5,2100,ベルイストワール,3,55.0,38.6,38.0,9.0,0.02,0,0
202405010402,2024-02-04,,東京,5,2100,リアルビギニング,5,57.0,37.0,38.0,6.0,-1.58,0,0
202405010402,2024-02-04,,東京,5,2100,グロバーテソーロ,5,57.0,39.4,38.0,8.0,0.82,1,0
202405010402,2024-02-04,,東京,5,2100,アレスエルピーダ,8,57.0,38.9,38.0,13.0,0.32,1,0
202405010302,2024-02-03,,東京,5,1300,ユイノコドウ,7,57.0,37.6,34.5,9.0,-0.9,1,0
202405010302,2024-02-03,,東京,5,1300,プエルトガレラ,8,56.0,38.1,34.5,12.0,-0.4,1,0
202405010302,2024-02-03,,東京,5,1300,タイキレヴィン,8,57.0,39.8,34.5,9.0,1.3,1,0
202405010301,2024-02-03,,東京,5,1400,グランヴィルローズ,1,55.0,40.4,35.3,14.0,1.2,1,0
202405010301,2024-02-03,,東京,5,1400,フリージングフォグ,3,55.0,39.4,35.3,1.0,0.2,1,0
202405010301,2024-02-03,,東京,5,1400,ハーツケリー,6,55.0,37.8,35.3,8.0,-1.4,1,0
202405010304,2024-02-03,,東京,5,1400,スタンリーテソーロ,6,56.0,37.0,38.0,1.0,0.0,1,0
202405010308,2024-02-03,,東京,5,1600,ジュドー,1,58.0,38.9,37.1,7.0,0.75,1,0
202405010303,2024-02-03,,東京,5,1600,ソレルビュレット,2,57.0,38.5,35.2,5.0,-2.17,1,0
202405010312,2024-02-03,,東京,5,1600,ショウナンカブト,2,58.0,35.5,37.8,1.0,0.03,1,0
202405010303,2024-02-03,,東京,5,1600,ラスジャン,3,57.0,42.7,35.2,9.0,2.03,0,0
202405010312,2024-02-03,,東京,5,1600,ララエフォール,3,58.0,35.7,37.8,11.0,0.23,1,0
202405010312,2024-02-03,,東京,5,1600,パンテレリア,4,58.0,35.9,37.8,2.0,0.43,1,0
202405010303,2024-02-03,,東京,5,1600,ダイクロアイト,5,57.0,38.7,35.2,8.0,-1.97,0,0
202405010308,2024-02-03,,東京,5,1600,デイドリームビーチ,5,58.0,37.4,37.1,15.0,-0.75,0,0
202405010312,2024-02-03,,東京,5,1600,カプラローラ,6,56.0,34.8,37.8,14.0,-0.67,1,0
202405010303,2024-02-03,,東京,5,1600,マイネルスピカ,8,57.0,42.8,35.2,3.0,2.12,0,0
202405010201,2024-01-28,,東京,5,1400,イラーナ,2,55.0,39.2,36.2,2.0,-2.1,0,0
202405010208,2024-01-28,,東京,5,1400,ターニングアップ,2,58.0,38.7,34.8,1.0,0.47,1,0
202405010208,2024-01-28,,東京,5,1400,ゴーストレート,2,55.0,38.7,34.8,8.0,0.47,0,0
202405010201,2024-01-28,,東京,5,1400,シュクハイノヨカン,3,55.0,41.9,36.2,13.0,0.6,0,0
202405010202,2024-01-28,,東京,5,1400,アノヒノアヤマチ,3,55.0,39.9,39.3,8.0,1.17,1,0
202405010202,2024-01-28,,東京,5,1400,ノーブルゲイル,4,57.0,37.4,39.3,4.0,-1.33,1,0
202405010202,2024-01-28,,東京,5,1400,カルネヴァーレ,5,55.0,37.6,39.3,6.0,-1.13,1,0
202405010211,2024-01-28,,東京,5,1400,エクロジャイト,5,56.0,36.5,39.1,12.0,0.0,1,0
202405010202,2024-01-28,,東京,5,1400,ウェルキン,6,55.0,38.2,39.3,14.0,-0.53,1,0
202405010201,2024-01-28,,東京,5,1400,ナムラモナ,7,55.0,42.0,36.2,3.0,0.7,0,0
202405010202,2024-01-28,,東京,5,1400,キイモップアップ,7,57.0,40.1,39.3,14.0,1.37,0,0
202405010201,2024-01-28,,東京,5,1400,ペア,8,54.0,42.1,36.2,4.0,0.8,1,0
202405010202,2024-01-28,,東京,5,1400,ミストブレイカー,8,57.0,39.2,39.3,16.0,0.47,1,0
202405010208,2024-01-28,,東京,5,1400,ヨーデル,8,58.0,37.3,34.8,11.0,-0.93,1,0
202405010207,2024-01-28,,東京,5,1600,ホワイトクロウ,2,58.0,37.1,36.0,9.0,-1.33,1,0
202405010207,2024-01-28,,東京,5,1600,シャンドゥレール,3,57.0,40.4,36.0,1.0,1.97,0,0
202405010203,2024-01-28,,東京,5,1600,ビッグブロック,4,56.0,40.8,34.7,11.0,-0.03,1,0
202405010207,2024-01-28,,東京,5,1600,マイショウチャン,4,57.0,37.8,36.0,7.0,-0.63,1,0
202405010203,2024-01-28,,東京,5,1600,エムアイマシュー,5,57.0,40.3,34.7,13.0,-0.53,0,0
202405010203,2024-01-28,,東京,5,1600,シトパレード,6,54.0,41.4,34.7,15.0,0.57,0,0
202405010204,2024-01-28,,東京,5,2100,ブローヴェイス,3,58.0,40.3,43.0,8.0,0.0,0,0
202405010101,2024-01-27,,東京,5,1400,アフロマン,1,57.0,41.5,39.1,12.0,2.18,0,0
202405010101,2024-01-27,,東京,5,1400,テイエムビッグサー,2,57.0,38.6,39.1,6.0,-0.72,1,0
202405010107,2024-01-27,,東京,5,1400,トーセンニック,2,58.0,43.5,37.2,2.0,3.32,0,0
202405010101,2024-01-27,,東京,5,1400,モリノセピア,3,57.0,37.9,39.1,1.0,-1.42,1,0
202405010101,2024-01-27,,東京,5,1400,ドゥグラン,3,55.0,40.2,39.1,8.0,0.88,1,0
202405010101,2024-01-27,,東京,5,1400,キリングパート,4,55.0,40.2,39.1,12.0,0.88,0,0
202405010107,2024-01-27,,東京,5,1400,ラジエル,4,56.0,38.4,37.2,13.0,-1.78,1,0
202405010101,2024-01-27,,東京,5,1400,アオイサクラ,5,54.0,37.6,39.1,15.0,-1.72,0,0
202405010107,2024-01-27,,東京,5,1400,グリモワール,5,53.0,40.0,37.2,6.0,-0.18,1,0
202405010101,2024-01-27,,東京,5,1400,フォルスタクラス,6,57.0,38.9,39.1,5.0,-0.42,1,0
202405010101,2024-01-27,,東京,5,1400,ゲンブ,6,57.0,40.3,39.1,2.0,0.98,1,0
202405010101,2024-01-27,,東京,5,1400,スマートスコープ,7,54.0,38.7,39.1,2.0,-0.62,0,0
202405010107,2024-01-27,,東京,5,1400,フェブルウス,7,57.0,37.4,37.2,15.0,-2.78,1,0
202405010107,2024-01-27,,東京,5,1400,アンチフラジャイル,7,57.0,39.9,37.2,4.0,-0.28,1,0
202405010107,2024-01-27,,東京,5,1400,テンプーシャオン,8,57.0,41.9,37.2,9.0,1.72,0,0
202405010104,2024-01-27,,東京,5,1600,ブレスワード,2,57.0,38.7,33.6,7.0,-0.27,1,0
202405010103,2024-01-27,,東京,5,1600,ニシノリピート,3,55.0,39.1,35.1,9.0,-1.27,1,0
202405010103,2024-01-27,,東京,5,1600,ミッレマンドルリ,7,52.0,41.4,35.1,11.0,1.02,1,0
202405010103,2024-01-27,,東京,5,1600,ムーステソーロ,7,55.0,41.0,35.1,14.0,0.62,0,0
202405010104,2024-01-27,,東京,5,1600,アンクエンチャブル,7,57.0,38.1,33.6,9.0,-0.87,1,0
202405010103,2024-01-27,,東京,5,1600,ネクストヒロイン,8,55.0,40.0,35.1,12.0,-0.38,0,0
202405010104,2024-01-27,,東京,5,1600,マコタイガ,8,57.0,40.1,33.6,7.0,1.13,0,0
202405010102,2024-01-27,,東京,5,2100,ソニックロプロス,1,54.0,45.1,34.6,2.0,3.42,0,0
202405010102,2024-01-27,,東京,5,2100,ビップレーヌ,2,55.0,40.7,34.6,4.0,-0.98,0,0
202405010108,2024-01-27,,東京,5,2100,メイククラウドロア,2,55.0,39.2,41.1,13.0,0.68,0,0
202405010102,2024-01-27,,東京,5,2100,グランナヴィール,5,57.0,41.7,34.6,11.0,0.02,0,0
202405010102,2024-01-27,,東京,5,2100,ニシノコルベット,6,57.0,40.4,34.6,11.0,-1.28,0,0
202405010102,2024-01-27,,東京,5,2100,ロックシティボーイ,6,57.0,40.5,34.6,13.0,-1.18,1,0
202405010108,2024-01-27,,東京,5,2100,アイアムイチリュウ,6,58.0,37.4,41.1,11.0,-1.12,1,0
202405010108,2024-01-27,,東京,5,2100,コロンビアテソーロ,8,54.0,38.2,41.1,6.0,-0.32,1,0
202405010108,2024-01-27,,東京,5,2100,ルーパステソーロ,8,58.0,39.3,41.1,8.0,0.77,0,0
